CRANKSHAFT	O
ASSEMBLY	O
Preparation	O
:	O
1	O
.	O
Inspect	O
the	O
bore	O
of	O
the	O
Crank	O
Timing	O
Gear	O
for	O
burrs	O
.	O
If	O
necessary	O
,	O
lightly	O
polish	O
it	O
with	O
fine	O
emery	O
cloth	O
.	O
2	O
.	O
Thoroughly	O
clean	O
all	O
parts	O
with	O
Mineral	O
Spirits	O
.	O
3	O
.	O
Remove	O
the	O
four	O
-LRB-	O
4	O
-RRB-	O
hex	O
plugs	O
from	O
the	O
crankshaft	O
and	O
thoroughly	O
clean	O
the	O
crankshaft	O
with	O
Mineral	O
Spirits	O
.	O
Re-install	O
the	O
hex	O
plugs	O
with	O
Locktite	O
#	O
242	O
.	O
4	O
.	O
Test	O
fit	O
the	O
prop	O
hub	O
.	O
The	O
prop	O
hub	O
should	O
noT	O
slide	O
onto	O
the	O
crankshaft	O
.	O
5	O
.	O
Place	O
the	O
cleaned	O
crankshaft	O
in	O
a	O
freezer	O
at	O
least	O
12	O
hours	O
prior	O
to	O
assembly	O
.	O
6	O
.	O
Heat	O
an	O
oven	O
to	O
450o	O
F.	O
Place	O
the	O
crank	O
timing	O
gear	O
and	O
prop	O
hub	O
in	O
the	O
oven	O
and	O
heat	O
for	O
60	O
minutes	O
.	O
7	O
.	O
Apply	O
an	O
even	O
coat	O
of	O
white	O
lithium	O
grease	O
to	O
the	O
inside	O
surface	O
of	O
bearing	O
#	O
1	O
and	O
bearing	O
#	O
2	O
from	O
the	O
Main	O
Bearing	O
Set	O
.	O
Assembly	O
Instructions	O
:	O
1	O
.	O
Install	O
the	O
Aft	O
Woodruff	O
Key	O
into	O
the	O
crankshaft	O
.	O
Make	O
sure	O
it	O
is	O
fully	O
seated	O
.	O
2	O
.	O
Slide	O
bearing	O
#	O
2	O
-LRB-	O
with	O
an	O
even	O
coat	O
of	O
white	O
lithium	O
grease	O
applied	O
to	O
the	O
inside	O
surface	O
-RRB-	O
onto	O
the	O
crankshaft	O
with	O
the	O
machined	O
dot	O
-LRB-	O
arrow	O
in	O
photo	O
-RRB-	O
toward	O
the	O
crankshaft	O
's	O
counter-weight	O
.	O
3	O
.	O
Install	O
the	O
Timing	O
Gear	O
with	O
the	O
two	O
machined	O
dots	O
-LRB-	O
arrow	O
in	O
photo	O
-RRB-	O
facing	O
away	O
from	O
bearing	O
#	O
2	O
.	O
4	O
.	O
Install	O
the	O
Retaining	O
Ring	O
in	O
the	O
groove	O
in	O
the	O
crank	O
.	O
5	O
.	O
Enlarge	O
the	O
oil	O
supply	O
hole	O
in	O
bearing	O
#	O
1	O
by	O
updrilling	O
it	O
with	O
a	O
#	O
30	O
drill	O
bit	O
.	O
Remove	O
any	O
burrs	O
which	O
may	O
occur	O
while	O
drilling	O
.	O
6	O
.	O
Slide	O
bearing	O
#	O
1	O
-LRB-	O
with	O
an	O
even	O
coat	O
of	O
white	O
lithium	O
grease	O
applied	O
to	O
the	O
inside	O
surface	O
-RRB-	O
onto	O
the	O
crankshaft	O
with	O
the	O
machined	O
dot	O
-LRB-	O
arrow	O
in	O
photo	O
-RRB-	O
toward	O
the	O
retaining	O
ring	O
.	O
7	O
.	O
Slide	O
the	O
Oil	O
Slinger	O
onto	O
the	O
crankshaft	O
with	O
the	O
curved	O
-LRB-	O
concave	O
-RRB-	O
side	O
of	O
the	O
slinger	O
facing	O
the	O
end	O
of	O
the	O
crankshaft	O
.	O
8	O
.	O
Install	O
the	O
Forward	O
Woodruff	O
Key	O
into	O
the	O
crankshaft	O
.	O
9	O
.	O
Align	O
the	O
keyway	O
of	O
the	O
Prop	O
Hub	O
with	O
the	O
forward	O
woodruff	O
key	O
installed	O
in	O
the	O
crankshaft	O
and	O
tap	O
the	O
prop	O
hub	O
into	O
place	O
using	O
a	O
mallet	O
and	O
block	O
of	O
wood	O
.	O
The	O
prop	O
hub	O
must	O
be	O
tight	O
against	O
the	O
oil	O
slinger	O
.	O
Immediately	O
install	O
prop	O
hub	O
Bushing	O
and	O
Washer	O
and	O
Bolt	O
-LRB-	O
ACV-Z01-74	O
-RRB-	O
.	O
Use	O
an	O
impact	O
wrench	O
to	O
tighten	O
the	O
bolt	O
and	O
push	O
the	O
prop	O
hub	O
against	O
the	O
oil	O
slinger	O
.	O
CAM	O
ASSEMBLY	O
Assembly	O
Instructions	O
:	O
Note	O
:	O
The	O
Assembly	O
Lube	O
provided	O
with	O
the	O
cam	O
gear	O
will	O
be	O
used	O
to	O
lubricate	O
the	O
valve	O
lifters	O
in	O
a	O
later	O
operation	O
.	O
Do	O
not	O
lubricate	O
the	O
cam	O
shaft	O
bolts	O
as	O
instructed	O
on	O
the	O
assembly	O
lube	O
package	O
included	O
with	O
the	O
cam	O
shaft	O
.	O
Note	O
:	O
Cam	O
shafts	O
are	O
supplied	O
with	O
varying	O
hardware	O
,	O
all	O
of	O
which	O
is	O
acceptable	O
.	O
Use	O
the	O
hardware	O
supplied	O
with	O
the	O
cam	O
to	O
attach	O
the	O
cam	O
gear	O
.	O
This	O
may	O
include	O
either	O
:	O
Cam	O
Bolts	O
with	O
integral	O
lock	O
washers	O
.	O
Cam	O
bolts	O
and	O
wavy	O
spring	O
washers	O
.	O
Cam	O
bolts	O
and	O
tab	O
lock	O
washers	O
.	O
Note	O
:	O
While	O
not	O
common	O
,	O
slight	O
interference	O
between	O
the	O
cam	O
and	O
the	O
connecting	O
rods	O
does	O
occasionally	O
occur	O
.	O
One	O
cause	O
of	O
this	O
interference	O
is	O
a	O
raised	O
edge	O
around	O
the	O
numbers	O
stamped	O
in	O
the	O
shaft	O
of	O
the	O
cam	O
.	O
Lightly	O
polishing	O
these	O
numbers	O
will	O
remove	O
the	O
raised	O
edge	O
and	O
eliminate	O
a	O
possible	O
source	O
of	O
interference	O
.	O
1	O
.	O
Align	O
the	O
machined	O
dot	O
on	O
the	O
face	O
of	O
the	O
Cam	O
Gear	O
-LRB-	O
arrow	O
in	O
photo	O
-RRB-	O
with	O
the	O
slot	O
in	O
the	O
Cam	O
Shaft	O
.	O
Apply	O
Red	O
Locktite	O
to	O
the	O
bolts	O
and	O
install	O
the	O
bolts	O
and	O
washers	O
-LRB-	O
if	O
provided	O
-RRB-	O
.	O
2	O
.	O
Torque	O
the	O
bolts	O
to	O
20	O
ft-lbs	O
.	O
3	O
.	O
If	O
tabbed	O
washers	O
were	O
provided	O
with	O
your	O
cam	O
shaft	O
,	O
bend	O
the	O
tabs	O
against	O
the	O
bolt	O
heads	O
with	O
a	O
flat-blade	O
screw	O
-	O
driver	O
.	O
CONNECTING	O
ROD	O
ASSEMBLY	O
Assembly	O
Instructions	O
:	O
Note	O
:	O
Both	O
parts	O
of	O
each	O
connecting	O
rod	O
are	O
stamped	O
with	O
a	O
unique	O
number	O
,	O
identifying	O
them	O
as	O
matched	O
parts	O
.	O
The	O
connecting	O
rods	O
must	O
be	O
reassembled	O
as	O
matched	O
parts	O
,	O
with	O
the	O
numbers	O
together	O
as	O
shown	O
in	O
this	O
photograph	O
.	O
1	O
.	O
Remove	O
the	O
fastener	O
from	O
each	O
Connecting	O
Rod	O
and	O
carefully	O
separate	O
the	O
two	O
parts	O
.	O
Do	O
not	O
scratch	O
or	O
score	O
the	O
machined	O
surface	O
of	O
the	O
connecting	O
rods	O
.	O
2	O
.	O
Wipe	O
the	O
mating	O
surfaces	O
of	O
the	O
connecting	O
rods	O
and	O
bearing	O
halves	O
so	O
they	O
are	O
free	O
of	O
oil	O
and	O
dust	O
.	O
Install	O
the	O
bearing	O
halves	O
by	O
aligning	O
the	O
tab	O
on	O
each	O
bearing	O
half	O
with	O
the	O
notch	O
in	O
each	O
connecting	O
rod	O
and	O
pressing	O
the	O
bearing	O
halves	O
into	O
place	O
.	O
Note	O
:	O
The	O
clearance	O
between	O
the	O
rod	O
bearings	O
and	O
rod	O
journals	O
must	O
be	O
between	O
.002	O
''	O
and	O
.0025	O
''	O
.	O
When	O
assembling	O
new	O
parts	O
,	O
as	O
provided	O
in	O
the	O
AeroVee	O
2.1	O
kit	O
,	O
the	O
proper	O
clearance	O
is	O
often	O
assumed	O
.	O
When	O
rebuilding	O
an	O
engine	O
using	O
remanufactured	O
parts	O
,	O
this	O
clearance	O
must	O
be	O
checked	O
.	O
Detailed	O
instructions	O
for	O
checking	O
this	O
clearance	O
are	O
given	O
in	O
Tom	O
Wilson	O
's	O
book	O
``	O
How	O
to	O
Rebuild	O
Your	O
Volkswagen	O
Air	O
Cooled	O
Engine	O
''	O
.	O
3	O
.	O
Apply	O
an	O
even	O
coat	O
of	O
white	O
lithium	O
grease	O
to	O
the	O
exposed	O
surfaces	O
of	O
each	O
bearing	O
half	O
.	O
4	O
.	O
The	O
connecting	O
rods	O
are	O
attached	O
to	O
the	O
crankshaft	O
,	O
as	O
shown	O
in	O
the	O
photo	O
below	O
,	O
with	O
the	O
stamped	O
numbers	O
facing	O
up	O
.	O
Be	O
sure	O
to	O
re-assemble	O
the	O
connecting	O
rods	O
as	O
matched	O
parts	O
.	O
5	O
.	O
ACV-p06-33	O
Rods	O
only	O
-LRB-	O
with	O
starred	O
bolt	O
and	O
nut	O
-RRB-	O
:	O
Apply	O
Moly	O
Lube	O
to	O
each	O
rod	O
bolt	O
and	O
install	O
.	O
Torque	O
each	O
bolt	O
as	O
follows	O
:	O
first	O
to	O
8	O
ft.-lbs	O
.	O
then	O
to	O
15	O
ft.-lbs	O
.	O
then	O
24	O
ft.-lbs	O
.	O
Then	O
the	O
final	O
torque	O
of	O
38	O
ft.-lbs	O
.	O
ACV-p01-33	O
Rods	O
only	O
-LRB-	O
with	O
hex	O
bolt	O
-RRB-	O
:	O
Apply	O
``	O
Red	O
''	O
Locktite	O
-LRB-	O
or	O
,	O
if	O
supplied	O
with	O
your	O
rods	O
,	O
ARP	O
Ultra-Torque	O
-RRB-	O
to	O
the	O
threads	O
of	O
each	O
rod	O
bolt	O
and	O
install	O
.	O
Torque	O
each	O
bolt	O
in	O
four	O
steps	O
:	O
first	O
to	O
8	O
ft.-lbs	O
.	O
then	O
to	O
15	O
ft.-lbs	O
.	O
then	O
24	O
ft.-lbs	O
.	O
Then	O
the	O
final	O
torque	O
of	O
30	O
ft.-lbs	O
.	O
6	O
.	O
Check	O
each	O
connecting	O
rod	O
for	O
freedom	O
of	O
movement	O
and	O
.005	O
''	O
to	O
.020	O
''	O
side	O
clearance	O
.	O
CRANK	O
CASE	O
PREPARATION	O
Preparation	O
:	O
1	O
.	O
Separate	O
the	O
case	O
halves	O
and	O
thoroughly	O
clean	O
them	O
with	O
mineral	O
spirits	O
.	O
Remove	O
all	O
traces	O
of	O
metal	O
chips	O
and	O
dust	O
from	O
the	O
case	O
.	O
Pay	O
particular	O
attention	O
to	O
removing	O
metal	O
chips	O
which	O
still	O
cling	O
to	O
the	O
edge	O
of	O
machined	O
surfaces	O
-LRB-	O
see	O
photo	O
-RRB-	O
and	O
to	O
casting	O
slag	O
on	O
the	O
inside	O
of	O
the	O
case	O
which	O
may	O
dislodge	O
after	O
the	O
engine	O
is	O
in	O
service	O
.	O
2	O
.	O
If	O
you	O
are	O
painting	O
the	O
case	O
,	O
now	O
is	O
the	O
best	O
time	O
to	O
do	O
so	O
.	O
Mask	O
off	O
all	O
machined	O
surfaces	O
,	O
mating	O
surfaces	O
,	O
and	O
holes	O
before	O
painting	O
.	O
Assembly	O
Instructions	O
:	O
1	O
.	O
Install	O
the	O
head	O
studs	O
as	O
shown	O
in	O
the	O
photos	O
below	O
.	O
2	O
.	O
Lay	O
the	O
case	O
on	O
it	O
's	O
side	O
so	O
the	O
oil	O
pressure	O
relief	O
ports	O
in	O
the	O
bottom	O
of	O
the	O
case	O
are	O
accessible	O
.	O
3	O
.	O
Find	O
the	O
oil	O
pressure	O
relief	O
plungers	O
-LRB-	O
2	O
-RRB-	O
,	O
springs	O
-LRB-	O
1	O
long	O
,	O
1	O
short	O
-RRB-	O
,	O
metal	O
gaskets	O
-LRB-	O
2	O
-RRB-	O
and	O
retaining	O
plugs	O
-LRB-	O
2	O
-RRB-	O
in	O
the	O
Case	O
Kit	O
.	O
Note	O
:	O
The	O
remainder	O
of	O
the	O
case	O
kit	O
may	O
be	O
discarded	O
as	O
it	O
is	O
not	O
needed	O
on	O
the	O
AeroVee	O
.	O
4	O
.	O
Insert	O
the	O
grooved	O
plunger	O
,	O
lightly	O
lubricated	O
with	O
motor	O
oil	O
,	O
solid	O
end	O
first	O
into	O
the	O
oil	O
pressure	O
relief	O
port	O
in	O
the	O
bottom	O
of	O
the	O
case	O
near	O
the	O
prop	O
hub	O
.	O
Note	O
:	O
The	O
plungers	O
must	O
move	O
freely	O
in	O
the	O
passages	O
.	O
If	O
they	O
do	O
not	O
,	O
clean	O
the	O
plungers	O
with	O
fine	O
emery	O
cloth	O
until	O
they	O
do	O
.	O
5	O
.	O
Insert	O
the	O
long	O
spring	O
behind	O
the	O
grooved	O
plunger	O
.	O
6	O
.	O
Place	O
a	O
metal	O
gasket	O
on	O
a	O
retaining	O
plug	O
and	O
screw	O
the	O
plug	O
into	O
the	O
relief	O
port	O
.	O
7	O
.	O
Insert	O
the	O
non-grooved	O
plunger	O
,	O
lightly	O
lubricated	O
with	O
motor	O
oil	O
,	O
solid	O
end	O
first	O
into	O
the	O
oil	O
pressure	O
relief	O
port	O
in	O
the	O
bottom	O
of	O
the	O
case	O
near	O
the	O
flywheel	O
.	O
8	O
.	O
Insert	O
the	O
short	O
spring	O
behind	O
the	O
non-grooved	O
plunger	O
.	O
9	O
.	O
Place	O
a	O
metal	O
gasket	O
on	O
a	O
retaining	O
plug	O
and	O
screw	O
the	O
plug	O
into	O
the	O
relief	O
port	O
.	O
10	O
.	O
Install	O
the	O
Main	O
Bearing	O
Stud	O
Seals	O
-LRB-	O
Qty	O
.	O
6	O
-RRB-	O
from	O
the	O
Gasket	O
Set	O
-LRB-	O
ACV-P02-15	O
-RRB-	O
.	O
The	O
seals	O
slide	O
over	O
the	O
6	O
large	O
studs	O
in	O
the	O
right	O
case	O
half	O
.	O
11	O
.	O
Wipe	O
clean	O
the	O
case	O
journals	O
and	O
the	O
back	O
of	O
each	O
Cam	O
Bearing	O
and	O
install	O
the	O
bearings	O
in	O
the	O
left	O
half	O
of	O
the	O
case	O
.	O
The	O
following	O
photos	O
show	O
where	O
each	O
bearing	O
is	O
installed	O
.	O
12	O
.	O
The	O
flanged	O
cam	O
bearing	O
for	O
the	O
right	O
case	O
half	O
must	O
have	O
its	O
alignment	O
tab	O
filed	O
off	O
.	O
File	O
the	O
tab	O
off	O
with	O
a	O
fine	O
file	O
.	O
13	O
.	O
Wipe	O
clean	O
the	O
case	O
journals	O
and	O
the	O
back	O
of	O
each	O
Cam	O
Bearing	O
and	O
install	O
the	O
bearings	O
in	O
the	O
right	O
half	O
of	O
the	O
case	O
.	O
The	O
following	O
photos	O
show	O
where	O
each	O
bearing	O
is	O
installed	O
.	O
14	O
.	O
Test	O
fit	O
each	O
Valve	O
Lifter	O
in	O
a	O
guide	O
.	O
The	O
lifters	O
must	O
slide	O
freely	O
in	O
the	O
guides	O
.	O
If	O
a	O
lifter	O
sticks	O
,	O
clean	O
the	O
guide	O
with	O
very	O
fine	O
emery	O
cloth	O
.	O
After	O
test-fitting	O
,	O
liberally	O
lubricate	O
each	O
lifter	O
with	O
white	O
lithium	O
grease	O
and	O
install	O
them	O
in	O
their	O
guides	O
.	O
15	O
.	O
Test	O
fit	O
the	O
Cam	O
Shaft	O
in	O
each	O
case	O
half	O
to	O
make	O
sure	O
there	O
is	O
clearance	O
between	O
the	O
lobes	O
of	O
the	O
camshaft	O
and	O
each	O
valve	O
lifter	O
.	O
Interference	O
between	O
the	O
cam	O
shaft	O
and	O
a	O
lifter	O
must	O
be	O
investigated	O
.	O
16	O
.	O
Install	O
four	O
-LRB-	O
4	O
-RRB-	O
Dowel	O
Pins	O
in	O
the	O
right	O
case	O
half	O
.	O
Make	O
sure	O
they	O
are	O
fully	O
inserted	O
.	O
17	O
.	O
Install	O
one	O
-LRB-	O
1	O
-RRB-	O
Dowel	O
Pin	O
in	O
the	O
left	O
case	O
half	O
.	O
Make	O
sure	O
it	O
is	O
fully	O
inserted	O
.	O
18	O
.	O
Install	O
one	O
half	O
of	O
the	O
Split	O
Main	O
Bearing	O
-LRB-	O
from	O
Main	O
Bearing	O
Set	O
,	O
ACV-P01-57	O
-RRB-	O
into	O
the	O
middle	O
journal	O
of	O
each	O
case	O
half	O
,	O
carefully	O
aligning	O
the	O
recess	O
in	O
the	O
bearing	O
with	O
the	O
dowel	O
pin	O
in	O
the	O
journal	O
.	O
A	O
light	O
tap	O
may	O
be	O
required	O
to	O
properly	O
seat	O
each	O
bearing	O
half	O
.	O
19	O
.	O
Apply	O
an	O
even	O
coat	O
of	O
white	O
lithium	O
grease	O
to	O
all	O
of	O
the	O
cam	O
bearings	O
and	O
main	O
bearings	O
.	O
CRANK	O
CASE	O
ASSEMBLY	O
Assembly	O
Instructions	O
:	O
1	O
.	O
Apply	O
a	O
coat	O
of	O
white	O
lithium	O
grease	O
to	O
the	O
inside	O
of	O
Main	O
Bearing	O
#	O
4	O
and	O
slide	O
it	O
onto	O
the	O
end	O
of	O
the	O
crank	O
shaft	O
assembly	O
.	O
Make	O
sure	O
the	O
dowel	O
pin	O
hole	O
is	O
toward	O
the	O
end	O
of	O
the	O
crankshaft	O
.	O
2	O
.	O
Carefully	O
set	O
the	O
crank	O
shaft	O
assembly	O
into	O
right	O
case	O
half	O
.	O
Make	O
sure	O
dowel	O
pin	O
hole	O
in	O
each	O
bearing	O
is	O
aligned	O
with	O
the	O
dowel	O
pins	O
in	O
the	O
case	O
half	O
,	O
and	O
the	O
crankshaft	O
assembly	O
is	O
fully	O
seated	O
in	O
the	O
case	O
half	O
.	O
3	O
.	O
Important	O
!	O
Temporarily	O
mate	O
the	O
case	O
halves	O
and	O
rotate	O
the	O
crankshaft	O
.	O
Listen	O
and	O
``	O
feel	O
''	O
for	O
a	O
knock	O
which	O
may	O
indicate	O
the	O
case	O
is	O
interfering	O
with	O
the	O
connecting	O
rods	O
.	O
If	O
interference	O
is	O
detected	O
:	O
3a	O
.	O
Disassemble	O
the	O
case	O
halves	O
and	O
identify	O
the	O
location	O
of	O
the	O
interference	O
.	O
3b	O
.	O
Remove	O
crank	O
assembly	O
.	O
3c	O
.	O
Taking	O
care	O
not	O
to	O
get	O
grinding	O
dust	O
on	O
other	O
parts	O
,	O
use	O
a	O
remove	O
case	O
material	O
to	O
provide	O
at	O
least	O
.045	O
''	O
clearance	O
.	O
Dremel-style	O
motor	O
tools	O
work	O
well	O
for	O
this	O
operation	O
.	O
3d	O
.	O
Reinstall	O
the	O
crankshaft	O
assembly	O
and	O
repeat	O
step	O
3	O
until	O
all	O
interference	O
is	O
eliminated	O
.	O
4	O
.	O
Apply	O
a	O
small	O
amount	O
of	O
cam	O
assembly	O
lubricant	O
to	O
each	O
valve	O
lifter	O
.	O
5	O
.	O
Align	O
the	O
single	O
dot	O
on	O
the	O
gear	O
of	O
the	O
cam	O
shaft	O
assembly	O
with	O
the	O
two	O
dots	O
on	O
the	O
gear	O
of	O
the	O
crankshaft	O
assembly	O
and	O
rotate	O
the	O
cam	O
down	O
into	O
the	O
into	O
the	O
cam	O
bearings	O
in	O
the	O
right	O
case	O
half	O
.	O
After	O
seating	O
the	O
camshaft	O
in	O
the	O
bearing	O
,	O
make	O
sure	O
the	O
dots	O
still	O
align	O
as	O
shown	O
in	O
photo	O
5a	O
.	O
6	O
.	O
impoRTAnT	O
!	O
Make	O
sure	O
the	O
main	O
bearings	O
of	O
the	O
crankshaft	O
are	O
still	O
fully	O
seated	O
on	O
the	O
dowel	O
pins	O
in	O
the	O
case	O
half	O
.	O
7	O
.	O
Align	O
the	O
8	O
holes	O
in	O
the	O
center	O
of	O
the	O
flywheel	O
with	O
the	O
dowel	O
pins	O
on	O
the	O
end	O
of	O
the	O
crankshaft	O
.	O
The	O
hole	O
pattern	O
permits	O
the	O
flywheel	O
to	O
be	O
installed	O
in	O
only	O
one	O
position	O
.	O
8	O
.	O
The	O
flywheel	O
is	O
a	O
tight	O
fit	O
onto	O
the	O
crankshaft	O
.	O
It	O
must	O
go	O
on	O
squarely	O
.	O
If	O
it	O
binds	O
,	O
remove	O
it	O
and	O
lightly	O
polish	O
the	O
dowel	O
pins	O
with	O
fine	O
emery	O
cloth	O
.	O
Once	O
the	O
flywheel	O
has	O
been	O
started	O
by	O
hand	O
,	O
complete	O
the	O
installation	O
by	O
tightening	O
the	O
gland	O
with	O
an	O
impact	O
wrench	O
.	O
9	O
.	O
Push	O
the	O
crankshaft	O
towards	O
the	O
back	O
-LRB-	O
flywheel	O
end	O
-RRB-	O
of	O
the	O
engine	O
and	O
,	O
with	O
a	O
feeler	O
gauge	O
,	O
measure	O
the	O
gap	O
between	O
the	O
flywheel	O
and	O
the	O
rear	O
main	O
bearing	O
.	O
Record	O
this	O
measurement	O
in	O
the	O
``	O
Shim	O
Chart	O
''	O
.	O
10	O
.	O
Complete	O
the	O
shim	O
chart	O
by	O
subtracting	O
.006	O
''	O
from	O
gap	O
recorded	O
in	O
step	O
9	O
.	O
This	O
is	O
the	O
total	O
thickness	O
of	O
shims	O
you	O
will	O
use	O
to	O
set	O
the	O
proper	O
end	O
play	O
.	O
11	O
.	O
Clean	O
the	O
end	O
shims	O
with	O
a	O
mild	O
solvent	O
to	O
remove	O
the	O
preservative	O
.	O
12	O
.	O
Select	O
any	O
combination	O
of	O
three	O
to	O
five	O
shims	O
which	O
most	O
closely	O
equals	O
the	O
``	O
Shim	O
Thickness	O
''	O
determined	O
in	O
step	O
10	O
.	O
13	O
.	O
Check	O
your	O
shim	O
selection	O
by	O
sliding	O
the	O
shims	O
,	O
together	O
with	O
a	O
feeler	O
gauge	O
,	O
between	O
the	O
flywheel	O
and	O
the	O
main	O
bearing	O
.	O
You	O
should	O
have	O
between	O
.003	O
''	O
and	O
.006	O
''	O
of	O
end	O
play	O
.	O
If	O
necessary	O
,	O
adjust	O
your	O
shim	O
selection	O
to	O
achieve	O
the	O
required	O
end	O
play	O
of	O
.003	O
''	O
to	O
.006	O
''	O
.	O
Set	O
the	O
shims	O
aside	O
for	O
later	O
installation	O
.	O
14	O
.	O
Remove	O
the	O
gland	O
nut	O
and	O
flywheel	O
from	O
the	O
crank	O
shaft	O
.	O
It	O
may	O
be	O
necessary	O
to	O
use	O
a	O
flywheel	O
puller	O
.	O
15	O
.	O
Carefully	O
align	O
the	O
Cam	O
Plug	O
,	O
with	O
its	O
closed	O
-LRB-	O
flat	O
-RRB-	O
end	O
out	O
,	O
and	O
install	O
it	O
in	O
the	O
cam	O
plug	O
bore	O
at	O
the	O
flywheel	O
end	O
of	O
the	O
case	O
.	O
Note	O
:	O
Most	O
cases	O
have	O
a	O
smooth	O
cam	O
bore	O
for	O
a	O
``	O
ribbed	O
''	O
plug	O
.	O
Some	O
cases	O
have	O
a	O
groove	O
in	O
the	O
cam	O
bore	O
for	O
a	O
cam	O
plug	O
with	O
a	O
raised	O
bead	O
.	O
16	O
.	O
Apply	O
Permatex	O
Aviation	O
Form-A-Gasket	O
#	O
3	O
or	O
Flange	O
Sealant	O
to	O
the	O
mating	O
surfaces	O
of	O
the	O
case	O
halves	O
.	O
Apply	O
according	O
to	O
the	O
product	O
manufacturer	O
's	O
instructions	O
.	O
Apply	O
sparingly	O
.	O
17	O
.	O
Note	O
:	O
While	O
assembling	O
the	O
case	O
halves	O
,	O
the	O
lifters	O
in	O
the	O
left	O
half	O
will	O
want	O
to	O
slide	O
out	O
.	O
This	O
can	O
be	O
minimized	O
by	O
giving	O
them	O
each	O
a	O
heavy	O
coat	O
of	O
white	O
lithium	O
grease	O
.	O
Assemble	O
the	O
two	O
case	O
halves	O
by	O
placing	O
the	O
left	O
half	O
over	O
the	O
right	O
half	O
.	O
Gently	O
tap	O
the	O
left	O
half	O
with	O
a	O
rubber	O
mallet	O
to	O
seat	O
it	O
against	O
the	O
right	O
half	O
of	O
the	O
case	O
.	O
18	O
.	O
Place	O
one	O
ACV-Z01-28	O
washer	O
and	O
one	O
ACV-Z01-75	O
12mm	O
elastic	O
stop	O
nut	O
on	O
each	O
of	O
the	O
six	O
large	O
studs	O
.	O
do	O
not	O
tighten	O
the	O
nuts	O
at	O
this	O
time	O
.	O
19	O
.	O
In	O
the	O
order	O
shown	O
in	O
the	O
photo	O
above	O
,	O
torque	O
the	O
6	O
large	O
nuts	O
to	O
15	O
foot-pounds	O
.	O
20	O
.	O
Check	O
for	O
free	O
movement	O
of	O
the	O
crankshaft	O
.	O
If	O
interference	O
is	O
detected	O
,	O
identify	O
the	O
source	O
of	O
the	O
interference	O
-LRB-	O
most	O
likely	O
poorly	O
seated	O
main	O
or	O
cam	O
bearings	O
-RRB-	O
.	O
Note	O
:	O
If	O
the	O
connecting	O
rods	O
are	O
not	O
held	O
near	O
their	O
normal	O
operating	O
position	O
while	O
checking	O
for	O
interference	O
,	O
you	O
may	O
experience	O
interference	O
which	O
does	O
not	O
exist	O
on	O
an	O
assembled	O
engine	O
.	O
21	O
.	O
In	O
the	O
order	O
shown	O
in	O
the	O
photo	O
,	O
re-torque	O
the	O
6	O
large	O
nuts	O
to	O
25	O
foot-pounds	O
.	O
do	O
not	O
exceed	O
25	O
foot-pounds	O
.	O
22	O
.	O
Check	O
for	O
free	O
movement	O
of	O
the	O
crankshaft	O
,	O
as	O
described	O
in	O
step	O
20	O
.	O
23	O
.	O
Apply	O
Permatex	O
Aviation	O
Form-A-Gasket	O
#	O
3	O
to	O
two	O
-LRB-	O
2	O
-RRB-	O
ACV-Z01-26	O
washers	O
and	O
place	O
them	O
over	O
the	O
cam	O
shaft	O
studs	O
the	O
lower	O
left	O
side	O
of	O
the	O
engine	O
.	O
24	O
.	O
Install	O
an	O
ACV-Z01-23	O
stop	O
nut	O
on	O
each	O
cam	O
shaft	O
stud	O
and	O
lightly	O
tighten	O
.	O
25	O
.	O
Install	O
an	O
ACV-Z01-26	O
washer	O
and	O
ACV-Z01-23	O
stop	O
nut	O
on	O
the	O
remaining	O
-LRB-	O
10	O
-RRB-	O
studs	O
on	O
the	O
perimeter	O
of	O
the	O
case	O
.	O
Lightly	O
tighten	O
each	O
nut	O
.	O
26	O
.	O
Install	O
and	O
lightly	O
tighten	O
an	O
ACV-Z01-16	O
hex	O
head	O
cap	O
screw	O
,	O
two	O
-LRB-	O
2	O
-RRB-	O
ACV-Z01-26	O
washers	O
,	O
and	O
an	O
ACVZ01-23	O
stop	O
nut	O
in	O
each	O
of	O
the	O
three	O
through-holes	O
which	O
serve	O
to	O
join	O
to	O
two	O
case	O
halves	O
.	O
Minimal	O
thread	O
engagement	O
is	O
normal	O
.	O
Nuts	O
will	O
be	O
flush	O
with	O
ends	O
of	O
screws	O
.	O
27	O
.	O
Torque	O
the	O
two	O
cam	O
nuts	O
-LRB-	O
from	O
step	O
24	O
-RRB-	O
to	O
10	O
ft.-lbs	O
.	O
28	O
.	O
Torque	O
the	O
remaining	O
case-assembly	O
nuts	O
-LRB-	O
from	O
steps	O
25	O
and	O
26	O
-RRB-	O
to	O
13	O
ft-lbs	O
.	O
There	O
is	O
no	O
defined	O
order	O
for	O
torquing	O
these	O
nuts	O
.	O
29	O
.	O
Check	O
for	O
free	O
movement	O
of	O
the	O
crankshaft	O
,	O
as	O
described	O
in	O
step	O
20	O
.	O
PISTON	O
&	O
CYLINDER	O
ASSEMBLY	O
Assembly	O
Instructions	O
:	O
IMPORTANT	O
:	O
Pistons	O
and	O
pins	O
have	O
been	O
matched	O
to	O
within	O
5	O
grams	O
.	O
Keep	O
each	O
piston	O
and	O
pin	O
together	O
as	O
a	O
set	O
.	O
1	O
.	O
Remove	O
a	O
piston	O
ring	O
from	O
each	O
piston	O
and	O
slide	O
it	O
squarely	O
inside	O
it	O
's	O
matched	O
cylinder	O
.	O
Measure	O
the	O
gap	O
between	O
the	O
ends	O
of	O
the	O
ring	O
-	O
it	O
should	O
be	O
between	O
0.012	O
''	O
-0.022	O
''	O
.	O
Re-install	O
the	O
ring	O
on	O
the	O
piston	O
.	O
2	O
.	O
Re-install	O
the	O
piston	O
into	O
the	O
cylinder	O
using	O
a	O
ring	O
compressor	O
.	O
3	O
.	O
Slide	O
one	O
piston	O
and	O
cylinder	O
assembly	O
into	O
place	O
on	O
the	O
crank	O
case	O
.	O
Install	O
the	O
piston	O
pin	O
and	O
make	O
sure	O
the	O
cylinder	O
is	O
well	O
seated	O
.	O
4	O
.	O
Bring	O
the	O
piston	O
to	O
Top	O
Dead	O
Center	O
.	O
5	O
.	O
Measure	O
the	O
deck	O
height	O
-LRB-	O
distance	O
be	O
tween	O
the	O
top	O
of	O
the	O
piston	O
and	O
the	O
top	O
of	O
the	O
cylinder	O
-RRB-	O
.	O
If	O
the	O
piston	O
is	O
below	O
the	O
top	O
of	O
the	O
cylinder	O
you	O
have	O
a	O
positive	O
-LRB-	O
+	O
-RRB-	O
deck	O
height	O
.	O
If	O
the	O
piston	O
is	O
higher	O
than	O
the	O
top	O
of	O
the	O
cylinder	O
,	O
you	O
have	O
a	O
negative	O
-LRB-	O
-	O
-RRB-	O
deck	O
height	O
.	O
Use	O
your	O
measured	O
deck	O
height	O
to	O
determine	O
which	O
cylinder	O
shims	O
are	O
required	O
from	O
the	O
chart	O
on	O
page	O
21	O
.	O
6	O
.	O
Remove	O
the	O
cylinder	O
and	O
piston	O
assembly	O
from	O
the	O
case	O
.	O
7	O
.	O
Apply	O
a	O
light	O
coat	O
of	O
motor	O
oil	O
to	O
the	O
outside	O
of	O
each	O
piston	O
and	O
the	O
inner	O
wall	O
of	O
each	O
cylinder	O
.	O
8	O
.	O
Install	O
the	O
cylinder	O
shims	O
-LRB-	O
as	O
required	O
,	O
see	O
chart	O
on	O
next	O
page	O
-RRB-	O
onto	O
each	O
cylinder	O
.	O
Align	O
the	O
shims	O
so	O
they	O
match	O
the	O
reliefs	O
in	O
the	O
cylinder	O
for	O
the	O
case	O
studs	O
.	O
9	O
.	O
Apply	O
Permatex	O
Aviation	O
Form-A-Gasket	O
No.	O
3	O
Sealant	O
to	O
the	O
shims	O
and	O
base	O
of	O
cylinder	O
.	O
10	O
.	O
Rotate	O
the	O
crank	O
to	O
bring	O
a	O
connecting	O
rod	O
to	O
top	O
dead	O
center	O
-	O
this	O
eases	O
installation	O
of	O
the	O
piston	O
and	O
cylinder	O
.	O
11	O
.	O
Note	O
:	O
The	O
arrow	O
on	O
each	O
piston	O
face	O
points	O
to	O
the	O
flywheel	O
end	O
of	O
the	O
engine	O
.	O
Partially	O
slide	O
the	O
cylinder	O
over	O
the	O
head	O
studs	O
.	O
Push	O
the	O
piston	O
out	O
the	O
bottom	O
of	O
the	O
cylinder	O
just	O
far	O
enough	O
to	O
attach	O
the	O
piston	O
to	O
the	O
connecting	O
rod	O
with	O
a	O
piston	O
pin	O
,	O
and	O
secure	O
the	O
pin	O
in	O
place	O
with	O
a	O
snap	O
ring	O
on	O
each	O
side	O
of	O
the	O
piston	O
pin	O
.	O
Note	O
:	O
The	O
snap	O
rings	O
were	O
included	O
in	O
the	O
piston/cylinder	O
box	O
.	O
12	O
.	O
Remove	O
excessive	O
sealant	O
and	O
tap	O
the	O
cylinder	O
with	O
a	O
rubber	O
mallet	O
to	O
seat	O
it	O
in	O
position	O
.	O
13	O
.	O
Repeat	O
steps	O
10	O
through	O
12	O
for	O
the	O
other	O
cylinders	O
.	O
14	O
.	O
Install	O
the	O
super	O
tin	O
-LRB-	O
below	O
-RRB-	O
under	O
the	O
cylinders	O
and	O
cylinder	O
head	O
.	O
It	O
``	O
snaps	O
''	O
in	O
place	O
with	O
the	O
dividing	O
rib	O
between	O
the	O
cylinders	O
and	O
the	O
cylinder	O
head	O
.	O
See	O
photo	O
at	O
right	O
.	O
CYLINDER	O
HEAD	O
INSTALLATION	O
Assembly	O
Instructions	O
:	O
Important	O
:	O
The	O
cylinder	O
heads	O
will	O
contain	O
debris	O
from	O
machining	O
.	O
You	O
must	O
clean	O
and	O
inspect	O
the	O
cylinder	O
heads	O
for	O
debris	O
before	O
installing	O
them	O
.	O
Note	O
:	O
The	O
process	O
of	O
machining	O
the	O
spark	O
lug	O
holesfor	O
the	O
secondary	O
ignitionoften	O
damages	O
neighboring	O
cooling	O
fins	O
.	O
Missing	O
finsis	O
normal	O
.	O
You	O
may	O
wish	O
to	O
sand/file	O
the	O
rough	O
edges	O
to	O
make	O
them	O
smooth	O
.	O
Note	O
:	O
``	O
Grooves	O
''	O
in	O
the	O
seat	O
of	O
the	O
secondary	O
ignition	O
sparkplug	O
hole	O
are	O
normal	O
and	O
do	O
not	O
impact	O
the	O
seal	O
of	O
the	O
spark	O
plug	O
washer	O
1	O
.	O
Install	O
Push	O
Rods	O
Seals	O
-LRB-	O
from	O
Gasket	O
Set	O
-RRB-	O
on	O
each	O
end	O
of	O
the	O
Push	O
Rod	O
Tubes	O
.	O
Expand	O
the	O
bellows	O
end	O
of	O
each	O
push	O
rod	O
tube	O
slightly	O
.	O
This	O
will	O
improve	O
the	O
seal	O
between	O
the	O
push	O
rod	O
tubes	O
,	O
engine	O
case	O
,	O
and	O
cylinder	O
heads	O
.	O
2	O
.	O
Insert	O
Cylinder	O
Head	O
Gaskets	O
into	O
Head	O
Assemblies	O
.	O
3	O
.	O
Align	O
the	O
cylinder	O
head	O
with	O
the	O
engine	O
studs	O
and	O
cylinders	O
and	O
then	O
install	O
the	O
push	O
rod	O
tubes	O
.	O
Check	O
alignment	O
of	O
Push	O
Rod	O
Tubes	O
and	O
barrels	O
as	O
you	O
push	O
the	O
cylinder	O
head	O
into	O
place	O
.	O
4	O
.	O
Place	O
washers	O
and	O
retaining	O
nuts	O
-LRB-	O
from	O
the	O
head	O
stud	O
kit	O
-RRB-	O
onto	O
the	O
head	O
studs	O
.	O
Tighten	O
in	O
sequence	O
shown	O
in	O
drawings	O
A	O
and	O
B	O
,	O
below	O
.	O
Torque	O
sequence	O
must	O
be	O
used	O
to	O
prevent	O
the	O
head	O
from	O
warping	O
.	O
5	O
.	O
Perform	O
this	O
step	O
only	O
if	O
the	O
cylinder	O
head	O
has	O
an	O
o-ring	O
recess	O
at	O
the	O
base	O
of	O
the	O
stud	O
.	O
Install	O
O-ring	O
-LRB-	O
from	O
Gasket	O
Set	O
-RRB-	O
onto	O
the	O
two	O
head	O
studs	O
that	O
hold	O
the	O
rocker	O
assembly	O
in	O
place	O
.	O
ROCKER	O
SHAFT	O
INSTALLATION	O
Assembly	O
Instructions	O
:	O
Note	O
:	O
Pre-assembled	O
rocker	O
assemblies	O
often	O
need	O
to	O
be	O
disassembled	O
for	O
proper	O
installation	O
.	O
1	O
.	O
Assemble	O
the	O
rocker	O
shafts	O
with	O
the	O
gap	O
in	O
the	O
rocker	O
blocks	O
facing	O
the	O
cupped	O
end	O
of	O
the	O
rocker	O
arms	O
and	O
the	O
thin	O
shims	O
evenly	O
distributed	O
.	O
2	O
.	O
Turn	O
each	O
adjuster	O
fully	O
counter-clockwise	O
until	O
the	O
pad	O
lightly	O
contacts	O
the	O
rocker	O
arm	O
,	O
and	O
then	O
turn	O
it	O
back	O
clockwise	O
1.5	O
turns	O
.	O
Note	O
:	O
Steps	O
3	O
through	O
19	O
apply	O
to	O
one	O
side	O
of	O
the	O
engine	O
at	O
a	O
time	O
and	O
will	O
be	O
repeated	O
for	O
each	O
side	O
.	O
3	O
.	O
Place	O
a	O
square	O
spacer	O
from	O
the	O
rocker	O
arm	O
package	O
over	O
each	O
of	O
the	O
rocker	O
shaft	O
mounting	O
studs	O
on	O
a	O
cylinder	O
head	O
.	O
4	O
.	O
Place	O
a	O
rocker	O
assembly	O
over	O
the	O
mounting	O
studs	O
and	O
inspect	O
for	O
interference	O
between	O
the	O
rocker	O
arm	O
assembly	O
and	O
the	O
head	O
studs	O
.	O
If	O
the	O
rocker	O
arm	O
assembly	O
contacts	O
the	O
head	O
studs	O
,	O
trim	O
the	O
ends	O
of	O
the	O
head	O
studs	O
to	O
remove	O
the	O
interference	O
.	O
The	O
spacers	O
placed	O
under	O
the	O
rocker	O
blocks	O
influence	O
the	O
alignment	O
of	O
the	O
rocker	O
arm	O
swivel	O
pads	O
to	O
the	O
valve	O
tip	O
.	O
Proper	O
alignment	O
is	O
achieved	O
when	O
the	O
flat	O
of	O
the	O
swivel	O
pad	O
is	O
partially	O
off-center	O
from	O
the	O
valve	O
stem	O
.	O
This	O
is	O
typically	O
achieved	O
with	O
1	O
or	O
2	O
shims	O
under	O
each	O
rocker	O
block	O
.	O
5	O
.	O
Observe	O
the	O
lateral	O
alignment	O
of	O
each	O
swivel	O
pad	O
to	O
its	O
corresponding	O
valve	O
stem	O
.	O
Arrange	O
the	O
spacers	O
on	O
the	O
rocker	O
shaft	O
,	O
between	O
each	O
rocker	O
arm	O
and	O
mounting	O
block	O
,	O
as	O
needed	O
to	O
get	O
each	O
swivel	O
pad	O
properly	O
aligned	O
.	O
It	O
is	O
acceptable	O
to	O
have	O
no	O
spacer	O
between	O
components	O
if	O
that	O
will	O
achieve	O
the	O
proper	O
alignment	O
between	O
the	O
valve	O
stem	O
and	O
the	O
swivel	O
pad	O
.	O
This	O
slight	O
offset	O
rotates	O
the	O
valve	O
a	O
small	O
amount	O
each	O
time	O
it	O
opens	O
,	O
improving	O
the	O
life	O
of	O
the	O
valve	O
train	O
.	O
6	O
.	O
Torque	O
the	O
hex	O
head	O
cap	O
screws	O
on	O
the	O
end	O
of	O
the	O
rocker	O
shaft	O
assembly	O
to	O
25	O
foot-pounds	O
.	O
7	O
.	O
Remove	O
the	O
rocker	O
assembly	O
from	O
the	O
cylinder	O
head	O
.	O
8	O
.	O
Slide	O
the	O
pushrod	O
length	O
tool	O
into	O
a	O
pushrod	O
tube	O
until	O
it	O
engages	O
the	O
lifter	O
in	O
the	O
case	O
.	O
9	O
.	O
Rotate	O
the	O
crank	O
until	O
the	O
pushrod	O
reaches	O
the	O
bottom	O
of	O
it	O
's	O
travel	O
.	O
10	O
.	O
Re-install	O
the	O
rocker	O
shaft	O
assembly	O
and	O
secure	O
it	O
with	O
the	O
retaining	O
nuts	O
included	O
with	O
the	O
valve	O
covers	O
.	O
Torque	O
the	O
nuts	O
to	O
14	O
foot-pounds	O
.	O
11	O
.	O
Adjust	O
the	O
length	O
of	O
the	O
pushrod	O
tool	O
until	O
it	O
is	O
engaging	O
the	O
lifter	O
,	O
is	O
seated	O
in	O
the	O
cup	O
of	O
the	O
rocker	O
arm	O
,	O
and	O
is	O
holding	O
the	O
rocker	O
arm	O
swivel	O
pad	O
against	O
the	O
tip	O
of	O
valve	O
stem	O
.	O
12	O
.	O
Remove	O
the	O
rocker	O
arm	O
assembly	O
.	O
13	O
.	O
Remove	O
the	O
pushrod	O
length	O
tool	O
without	O
disturbing	O
it	O
's	O
setting	O
.	O
The	O
pushrod	O
length	O
tool	O
is	O
set	O
for	O
the	O
over-all	O
length	O
of	O
the	O
four	O
-LRB-	O
4	O
-RRB-	O
pushrods	O
for	O
that	O
side	O
of	O
the	O
engine	O
.	O
Note	O
:	O
It	O
is	O
not	O
necessary	O
to	O
measure	O
and	O
trim	O
each	O
pushrod	O
individually	O
,	O
however	O
,	O
it	O
may	O
be	O
beneficial	O
to	O
determine	O
the	O
pushrod	O
lengths	O
for	O
each	O
side	O
of	O
the	O
engine	O
individually	O
.	O
14	O
.	O
Allow	O
for	O
the	O
length	O
of	O
the	O
pushrod	O
tip	O
and	O
trim	O
the	O
pushrod	O
bodies	O
as	O
needed	O
.	O
15	O
.	O
Make	O
sure	O
the	O
inside	O
of	O
each	O
pushrod	O
is	O
clean	O
.	O
16	O
.	O
Press	O
a	O
tip	O
onto	O
each	O
of	O
the	O
trimmed	O
pushrods	O
.	O
The	O
end	O
of	O
the	O
pushrod	O
body	O
may	O
be	O
heated	O
if	O
necessary	O
,	O
but	O
do	O
not	O
apply	O
excessive	O
localized	O
heat	O
.	O
17	O
.	O
Apply	O
white	O
lithium	O
grease	O
to	O
the	O
end	O
of	O
each	O
pushrod	O
and	O
slide	O
them	O
into	O
the	O
pushrod	O
tubes	O
.	O
18	O
.	O
Re-install	O
the	O
rocker	O
assembly	O
,	O
carefully	O
aligning	O
the	O
pushrods	O
with	O
the	O
cups	O
of	O
the	O
rocker	O
arms	O
.	O
19	O
.	O
Install	O
the	O
rocker	O
assembly	O
retaining	O
nuts	O
and	O
torque	O
them	O
to	O
14	O
ft-lbs	O
.	O
20	O
.	O
Repeat	O
steps	O
3	O
through	O
19	O
.	O
OIL	O
SCREEN	O
INSTALLATION	O
Assembly	O
Instructions	O
:	O
1	O
.	O
Install	O
a	O
gasket	O
from	O
the	O
oil	O
change	O
kit	O
over	O
the	O
studs	O
in	O
the	O
oil	O
sump	O
.	O
2	O
.	O
Install	O
the	O
oil	O
screen	O
.	O
3	O
.	O
Install	O
the	O
second	O
gasket	O
from	O
the	O
oil	O
change	O
kit	O
over	O
the	O
oil	O
screen	O
.	O
4	O
.	O
Install	O
the	O
steel	O
bottom	O
plate	O
,	O
or	O
optional	O
ACV-P02-20	O
Oil	O
Sump	O
Plate	O
,	O
with	O
the	O
6mm	O
copper	O
washers	O
from	O
the	O
oil	O
change	O
kit	O
and	O
the	O
6mm	O
nuts	O
from	O
the	O
shakeproof	O
nut	O
kit	O
.	O
Do	O
not	O
over-tighten	O
these	O
nuts	O
.	O
0r	O
Install	O
the	O
optional	O
ACV-P02-20	O
Oil	O
Sump	O
Plate	O
with	O
the	O
provided	O
6mm	O
copper	O
washers	O
and	O
acorn	O
nuts	O
.	O
You	O
may	O
also	O
use	O
the	O
elastic	O
stop	O
nuts	O
from	O
the	O
Shakeproof	O
nut	O
kit	O
instead	O
of	O
the	O
acorn	O
nuts	O
.	O
5	O
.	O
Install	O
the	O
oil	O
drain	O
plug	O
and	O
included	O
metal/copper	O
gaskets	O
,	O
or	O
the	O
optional	O
oil	O
temp	O
sender	O
w/gasket	O
.	O
Note	O
:	O
On	O
engine	O
cases	O
requiring	O
an	O
ACV-P01-12	O
Oil	O
Temperature	O
Plate	O
it	O
is	O
recommended	O
that	O
an	O
oil	O
temperature	O
sender	O
be	O
installed	O
in	O
that	O
plate	O
rather	O
than	O
the	O
oil	O
screen	O
.	O
See	O
``	O
Block-Off	O
Plates	O
and	O
Plugs	O
''	O
,	O
page	O
30	O
.	O
Note	O
:	O
It	O
is	O
not	O
uncommon	O
to	O
have	O
to	O
deform	O
the	O
oil	O
screen	O
when	O
installing	O
the	O
optional	O
oil	O
temp	O
sender	O
.	O
OIL	O
PUMP	O
INSTALLATION	O
Assembly	O
Instructions	O
1	O
.	O
Measure	O
the	O
clearance	O
between	O
the	O
pump	O
gears	O
and	O
the	O
pump	O
cover	O
.	O
Proper	O
clearance	O
is	O
.000	O
''	O
to	O
.004	O
''	O
.	O
Tighter	O
is	O
better	O
.	O
Clearances	O
greater	O
than	O
.004	O
''	O
will	O
result	O
in	O
reduced	O
oil	O
pressure	O
.	O
2	O
.	O
Install	O
oil	O
pump	O
gasket	O
under	O
the	O
oil	O
pump	O
housing	O
and	O
align	O
pump	O
housing	O
with	O
oil	O
galley	O
ports	O
.	O
3	O
.	O
Tap	O
oil	O
pump	O
housing	O
into	O
place	O
with	O
a	O
plastic	O
mallet	O
.	O
4	O
.	O
Liberally	O
grease	O
the	O
top	O
gear	O
and	O
install	O
it	O
,	O
making	O
sure	O
it	O
engages	O
the	O
cam	O
.	O
5	O
.	O
Liberally	O
grease	O
and	O
install	O
the	O
free	O
running	O
bottom	O
gear	O
.	O
6	O
.	O
Apply	O
a	O
very	O
thin	O
coat	O
of	O
Aviation	O
Form-A-Gasket	O
or	O
Flange	O
Sealant	O
to	O
the	O
oil	O
pump	O
cover	O
.	O
If	O
installing	O
the	O
ported	O
oil	O
pump	O
,	O
make	O
sure	O
the	O
oil	O
passages	O
are	O
aligned	O
properly	O
-LRB-	O
see	O
photo	O
,	O
next	O
column	O
-RRB-	O
.	O
Important	O
!	O
Failure	O
to	O
properly	O
align	O
the	O
passages	O
in	O
the	O
ported	O
cover	O
plate	O
will	O
result	O
in	O
low	O
oil	O
pressure	O
and	O
engine	O
damage	O
.	O
7	O
.	O
Install	O
the	O
4	O
mount	O
bolts	O
and	O
torque	O
them	O
to	O
14	O
ft-lbs	O
.	O
Oil	O
Cooler	O
Installation	O
Installation	O
of	O
an	O
oil	O
cooler	O
is	O
described	O
in	O
the	O
Appendix	O
of	O
this	O
manual	O
.	O
All	O
oil	O
cooler	O
installations	O
must	O
use	O
threaded	O
AN	O
fittings	O
and	O
high	O
quality	O
-06	O
hose	O
.	O
Operation	O
Without	O
an	O
Oil	O
Cooler	O
To	O
operate	O
your	O
AeroVee	O
without	O
an	O
oil	O
cooler	O
you	O
must	O
either	O
run	O
a	O
loop	O
of	O
-06	O
hose	O
from	O
the	O
output	O
side	O
of	O
the	O
ported	O
pump	O
to	O
the	O
input	O
side	O
of	O
the	O
ported	O
pump	O
,	O
or	O
replace	O
the	O
entire	O
pump	O
with	O
the	O
ACV-P01-56	O
Straight	O
-LRB-	O
unported	O
-RRB-	O
Pump	O
.	O
Important	O
:	O
do	O
not	O
plug	O
the	O
output	O
and	O
input	O
ports	O
of	O
a	O
ported	O
pump	O
with	O
plugs	O
.	O
This	O
will	O
prevent	O
oil	O
flow	O
and	O
cause	O
significant	O
engine	O
damage	O
.	O
Important	O
:	O
do	O
not	O
replace	O
a	O
ported	O
pump	O
cover	O
with	O
a	O
non-ported	O
cover	O
.	O
This	O
will	O
prevent	O
oil	O
flow	O
and	O
cause	O
significant	O
engine	O
damage	O
.	O
Additional	O
information	O
on	O
installing	O
oil	O
coolers	O
can	O
be	O
found	O
in	O
Appendix	O
A	O
of	O
this	O
manual	O
.	O
OIL	O
SEAL	O
INSTALLATION	O
Assembly	O
Instructions	O
Note	O
:	O
The	O
correct	O
number	O
and	O
thickness	O
of	O
end	O
shims	O
was	O
determined	O
in	O
Crank	O
Case	O
Assembly	O
,	O
page	O
17	O
.	O
1	O
.	O
Clean	O
the	O
oil	O
seal	O
bore	O
of	O
excessive	O
sealant	O
,	O
particularly	O
around	O
near	O
the	O
case	O
parting	O
lines	O
.	O
2	O
.	O
Install	O
the	O
end	O
shims	O
over	O
the	O
flywheel	O
end	O
of	O
the	O
crank	O
.	O
3	O
.	O
Apply	O
a	O
light	O
coat	O
of	O
High	O
Temperature	O
RTV	O
Silicone	O
Gasket	O
Maker	O
to	O
the	O
outside	O
diameter	O
of	O
the	O
oil	O
seal	O
and	O
install	O
the	O
seal	O
.	O
A	O
VW	O
seal	O
installation	O
tool	O
may	O
be	O
used	O
for	O
best	O
results	O
,	O
however	O
the	O
seal	O
can	O
also	O
be	O
lightly	O
tapped	O
in	O
place	O
if	O
care	O
is	O
used	O
.	O
4	O
.	O
Wipe	O
off	O
any	O
excess	O
sealant	O
.	O
PROP	O
DRIVE	O
LUG	O
INSTALLATION	O
Assembly	O
Instructions	O
1	O
.	O
Insert	O
a	O
prop	O
drivebushing	O
into	O
the	O
prophub	O
.	O
2	O
.	O
Insert	O
the	O
bolt	O
througha	O
drive	O
bushing	O
using	O
asocket	O
as	O
a	O
spacer	O
.	O
3	O
.	O
Use	O
the	O
bolt	O
,	O
washer	O
,	O
nut	O
and	O
socket	O
to	O
pullthe	O
drive	O
bushing	O
intothe	O
hub	O
.	O
4	O
.	O
Repeat	O
for	O
other	O
5	O
driveBushings	O
.	O
VALVE	O
ADJUSTMENT	O
Assembly	O
Instructions	O
:	O
1	O
.	O
Rotate	O
the	O
prop	O
hub	O
until	O
the	O
#	O
1	O
cylinder	O
is	O
at	O
top	O
dead	O
center	O
and	O
both	O
the	O
intake	O
and	O
the	O
exhaust	O
valves	O
are	O
closed	O
-LRB-	O
valve	O
springs	O
fully	O
extended	O
-RRB-	O
.	O
The	O
TDC	O
mark	O
on	O
the	O
prop	O
hub	O
should	O
also	O
be	O
lined	O
up	O
with	O
the	O
split-lineof	O
the	O
engine	O
case	O
.	O
2	O
.	O
Insert	O
a	O
.006	O
''	O
feeler	O
gauge	O
between	O
the	O
adjusting	O
screw	O
and	O
the	O
valve	O
.	O
3	O
.	O
Adjust	O
the	O
screw	O
until	O
the	O
0.006	O
''	O
feeler	O
gauge	O
moves	O
smoothly	O
between	O
the	O
valve	O
and	O
the	O
swivel	O
foot	O
.	O
4	O
.	O
Lock	O
the	O
adjustment	O
screw	O
in	O
place	O
by	O
torquing	O
the	O
locking	O
nut	O
to	O
14	O
foot	O
pounds	O
.	O
5	O
.	O
Recheck	O
the	O
valve	O
setting	O
with	O
the	O
.006	O
feeler	O
gauge	O
.	O
6	O
.	O
Repeat	O
steps	O
2	O
through	O
5	O
for	O
the	O
other	O
valve	O
of	O
cylinder	O
#	O
1	O
.	O
7	O
.	O
Rotate	O
the	O
crankshaft	O
180	O
degrees	O
and	O
adjust	O
the	O
valves	O
of	O
cylinder	O
#	O
4	O
,	O
following	O
steps	O
2	O
through	O
6	O
.	O
8	O
.	O
Rotate	O
the	O
crankshaft	O
180	O
degrees	O
and	O
adjust	O
the	O
valves	O
of	O
cylinder	O
#	O
3	O
,	O
following	O
steps	O
2	O
through	O
6	O
.	O
9	O
.	O
Rotate	O
the	O
crankshaft	O
180	O
degrees	O
and	O
adjust	O
the	O
valves	O
of	O
cylinder	O
#	O
2	O
,	O
following	O
steps	O
2	O
through	O
6	O
.	O
10	O
.	O
Install	O
the	O
valve	O
covers	O
using	O
the	O
cork	O
gaskets	O
,	O
hex	O
head	O
cap	O
screws	O
,	O
O-rings	O
,	O
and	O
washers	O
included	O
with	O
thevalve	O
covers	O
.	O
The	O
cap	O
screws	O
are	O
tightened	O
by	O
feel	O
to	O
secure	O
the	O
covers	O
and	O
prevent	O
leaks	O
.	O
BLOCK-OFF	O
PLATES	O
and	O
PLUGS	O
Assembly	O
Instructions	O
1	O
.	O
Install	O
fuel	O
pump	O
block-off	O
plate	O
using	O
ACV-Z01-18	O
Bolts	O
-LRB-	O
Qty	O
2	O
-RRB-	O
and	O
the	O
corresponding	O
gasket	O
-LRB-	O
from	O
Gasket	O
Set	O
-RRB-	O
.	O
2	O
.	O
Spread	O
a	O
light	O
coat	O
of	O
clean	O
engine	O
oil	O
on	O
the	O
O-rings	O
of	O
the	O
oil	O
fill	O
plug	O
and	O
insert	O
it	O
in	O
the	O
case	O
.	O
3	O
.	O
Remove	O
the	O
preinstalled	O
studs	O
from	O
the	O
engine	O
case	O
and	O
install	O
Oil	O
Breather	O
Plate	O
using	O
ACV-Z01-18	O
Bolts	O
-LRB-	O
Qty	O
4	O
-RRB-	O
and	O
the	O
corresponding	O
paper	O
gasket	O
from	O
Gasket	O
Set	O
.	O
do	O
not	O
install	O
the	O
metal	O
louvered	O
gasket	O
as	O
it	O
will	O
restrict	O
the	O
breather	O
.	O
4	O
.	O
Some	O
engines	O
require	O
the	O
installation	O
of	O
an	O
oil	O
temperature	O
plate	O
below	O
cylinder	O
#	O
2	O
.	O
It	O
is	O
installed	O
with	O
two	O
-LRB-	O
2	O
-RRB-	O
ACV-Z01-23	O
nuts	O
and	O
the	O
corresponding	O
gasket	O
-LRB-	O
from	O
Gasket	O
Set	O
-RRB-	O
.	O
Note	O
:	O
If	O
your	O
engine	O
requires	O
the	O
use	O
of	O
this	O
plate	O
,	O
it	O
can	O
be	O
drilled	O
and	O
tapped	O
for	O
an	O
optional	O
M14	O
x	O
1.5	O
oil	O
temperature	O
probe	O
.	O
5	O
.	O
Slide	O
the	O
dipstick	O
into	O
the	O
dipstick	O
tube	O
in	O
front	O
of	O
cylinder	O
#	O
2	O
.	O
Note	O
:	O
The	O
dipstick	O
will	O
be	O
calibrated	O
and	O
marked	O
in	O
a	O
later	O
procedure	O
.	O
6	O
.	O
If	O
you	O
will	O
not	O
be	O
installing	O
an	O
oil	O
pressure	O
sender	O
in	O
the	O
port	O
in	O
the	O
side	O
of	O
the	O
case	O
-LRB-	O
C	O
-RRB-	O
,	O
install	O
a	O
1/8	O
NPT	O
pipe	O
plug	O
.	O
Important	O
:	O
do	O
not	O
overtighten	O
the	O
oil	O
pressure	O
sender	O
or	O
the	O
pipe	O
plug	O
as	O
this	O
can	O
result	O
in	O
a	O
cracked	O
case	O
.	O
Note	O
:	O
A	O
small	O
tapped	O
hole	O
-LRB-	O
D	O
-RRB-	O
near	O
the	O
oil	O
fill	O
plug	O
does	O
not	O
need	O
to	O
be	O
plugged	O
.	O
FLYWHEEL	O
INSTALLATION	O
Assembly	O
Instructions	O
:	O
1	O
.	O
Using	O
a	O
high-temperature	O
silicone	O
sealant	O
,	O
lightly	O
coat	O
the	O
dowel	O
pin	O
area	O
of	O
the	O
flywheel	O
and	O
place	O
a	O
small	O
bead	O
-LRB-	O
1/8	O
''	O
diameter	O
-RRB-	O
in	O
the	O
groove	O
near	O
the	O
dowel	O
pin	O
area	O
of	O
the	O
flywheel	O
.	O
Note	O
:	O
The	O
engine	O
assembly	O
DVD	O
may	O
show	O
an	O
O-ring	O
being	O
used	O
instead	O
.	O
The	O
O-ring	O
has	O
been	O
discontinued	O
.	O
2	O
.	O
Install	O
the	O
flywheel	O
on	O
the	O
back	O
of	O
the	O
engine	O
.	O
Important	O
:	O
The	O
8	O
dowel	O
pins	O
will	O
only	O
align	O
one	O
way	O
.	O
Note	O
:	O
The	O
flywheel	O
may	O
require	O
some	O
effort	O
to	O
get	O
it	O
started	O
and	O
seated	O
on	O
the	O
drive	O
pins	O
.	O
This	O
is	O
normal	O
.	O
3	O
.	O
Install	O
wavy	O
washer	O
and	O
gland	O
nut	O
with	O
Locktite	O
272	O
.	O
Torque	O
to	O
227	O
ft-lbs	O
.	O
Note	O
:	O
A	O
piece	O
of	O
wood	O
temporarily	O
bolted	O
to	O
the	O
prop	O
hub	O
provides	O
good	O
leverage	O
to	O
keep	O
the	O
crank	O
from	O
turning	O
while	O
the	O
gland	O
nut	O
is	O
being	O
torqued	O
.	O
ACCESSORY	O
PLATE	O
INSTALLATION	O
1	O
.	O
Bend	O
P-Lead	O
tabs	O
on	O
ignition	O
modules	O
900	O
to	O
clear	O
the	O
accessory	O
plate	O
.	O
2	O
.	O
Attach	O
ignition	O
modules	O
to	O
the	O
accessory	O
plate	O
using	O
ACVZ01-13	O
Cap	O
Screws	O
and	O
ACV-Z01-30	O
hex	O
nuts	O
.	O
Install	O
bolt	O
at	O
the	O
bottom	O
of	O
the	O
slot	O
.	O
The	O
note	O
`	O
ThiS	O
Side	O
oUT	O
''	O
stamped	O
in	O
each	O
magnatron	O
must	O
face	O
towards	O
the	O
front	O
of	O
the	O
engine	O
.	O
3	O
.	O
Match	O
the	O
accessory	O
plate	O
to	O
the	O
raised	O
groove	O
on	O
the	O
back	O
of	O
the	O
engine	O
case	O
.	O
4	O
.	O
Attach	O
accessory	O
plate	O
using	O
the	O
ACV-Z01-20	O
Bolts	O
-LRB-	O
Qty	O
3	O
-RRB-	O
,	O
ACVZ01-21	O
Bolt	O
-LRB-	O
Qty	O
.	O
1	O
-RRB-	O
,	O
ACV-Z01-24	O
Nut	O
,	O
ACV-Z01-27	O
Washers	O
-LRB-	O
Qty	O
4	O
-RRB-	O
.	O
Torque	O
to	O
25	O
ft-lbs	O
.	O
5	O
.	O
Rotate	O
the	O
flywheel	O
until	O
the	O
magnet	O
shoe	O
on	O
the	O
flywheel	O
is	O
under	O
the	O
Magnatron	O
.	O
6	O
.	O
Slide	O
the	O
0.010	O
shim	O
between	O
the	O
ignition	O
module	O
and	O
magnet	O
shoe	O
.	O
7	O
.	O
Push	O
module	O
down	O
against	O
the	O
shim	O
and	O
tighten	O
the	O
module	O
mount	O
bolts	O
.	O
8	O
.	O
Remove	O
0.010	O
Shim	O
.	O
9	O
.	O
Repeat	O
steps	O
5	O
through	O
9	O
for	O
the	O
remaining	O
ignition	O
module	O
.	O
Note	O
:	O
The	O
Ignition	O
Timing	O
is	O
fixed	O
.	O
There	O
is	O
no	O
need	O
to	O
time	O
the	O
primary	O
ignition	O
system	O
.	O
TRIGGER	O
SHAFT	O
INSTALLATION	O
Trigger	O
Shaft	O
Installation	O
1	O
.	O
Rotate	O
the	O
crank	O
until	O
the	O
magnet	O
shoe	O
-LRB-	O
A	O
-RRB-	O
on	O
the	O
flywheel	O
is	O
at	O
the	O
top	O
of	O
the	O
engine	O
.	O
This	O
will	O
also	O
put	O
the	O
witness	O
hole	O
in	O
the	O
flywheel	O
assembly	O
-LRB-	O
B	O
-RRB-	O
near	O
the	O
12	O
o'clock	O
position	O
,	O
as	O
shown	O
in	O
the	O
photo	O
below	O
.	O
2	O
.	O
Line	O
up	O
the	O
witness	O
hole	O
in	O
the	O
trigger	O
shaft	O
-LRB-	O
C	O
-RRB-	O
with	O
the	O
witness	O
hole	O
in	O
the	O
flywheel	O
.	O
Apply	O
Locktite	O
242	O
to	O
each	O
of	O
the	O
four	O
-LRB-	O
4	O
-RRB-	O
ACV-Z01-81	O
flat	O
head	O
cap	O
screws	O
and	O
install	O
them	O
loosely	O
.	O
They	O
will	O
be	O
tightened	O
in	O
step	O
3	O
.	O
Note	O
:	O
If	O
your	O
trigger	O
shaft	O
does	O
not	O
have	O
a	O
witness	O
hole	O
,	O
the	O
trigger	O
shaft	O
may	O
be	O
attached	O
in	O
any	O
orientation	O
.	O
3	O
.	O
Sequentially	O
tighten	O
the	O
screws	O
in	O
the	O
crossing	O
pattern	O
shown	O
below	O
.	O
This	O
will	O
center	O
the	O
shaft	O
on	O
the	O
flywheel	O
.	O
SPARK	O
PLUG	O
INSTALLATION	O
Plug	O
Installation	O
:	O
1	O
.	O
Gap	O
four	O
-LRB-	O
4	O
-RRB-	O
TOP	O
spark	O
plugs	O
to	O
0.018	O
''	O
.	O
2	O
.	O
Gap	O
four	O
-LRB-	O
4	O
-RRB-	O
BOTTOM	O
spark	O
plugs	O
to	O
0.032	O
''	O
.	O
3	O
.	O
Apply	O
an	O
anti-seize	O
compound	O
to	O
the	O
threads	O
of	O
each	O
spark	O
plug	O
and	O
install	O
them	O
in	O
the	O
cylinders	O
.	O
4	O
.	O
Torque	O
each	O
spark	O
plug	O
to	O
12	O
foot-pounds	O
.	O
INTAKE	O
MANIFOLD	O
INSTALLATION	O
Assembly	O
Instructions	O
1	O
.	O
Temporarily	O
place	O
each	O
of	O
the	O
intake	O
elbow	O
spacers	O
and	O
intake	O
elbows	O
on	O
the	O
cylinder	O
heads	O
and	O
inspect	O
for	O
interference	O
between	O
the	O
elbows	O
and	O
the	O
two	O
upper	O
,	O
center	O
head	O
studs	O
.	O
If	O
necessary	O
,	O
trim	O
the	O
ends	O
of	O
the	O
studs	O
to	O
eliminate	O
interference	O
.	O
2	O
.	O
Apply	O
Permatex	O
Aviation	O
Form-A-Gasket	O
#	O
3	O
to	O
one	O
side	O
of	O
each	O
in	O
take	O
elbow	O
spacer	O
and	O
position	O
each	O
spacer	O
on	O
each	O
cylinder	O
head	O
,	O
Permatex	O
side	O
against	O
the	O
cylinder	O
head	O
.	O
3	O
.	O
Apply	O
Permatex	O
Aviation	O
Form-A-Gasket	O
#	O
3	O
to	O
each	O
intake	O
elbow	O
and	O
secure	O
the	O
elbows	O
to	O
the	O
cylinder	O
heads	O
with	O
ACV-Z01-26	O
Washers	O
-LRB-	O
Qty	O
4	O
-RRB-	O
,	O
and	O
ACV-Z01-49	O
Cap	O
Screws	O
-LRB-	O
Qty	O
.	O
4	O
-RRB-	O
torqued	O
to	O
10	O
foot	O
pounds	O
.	O
4	O
.	O
Thoroughly	O
clean	O
the	O
inside	O
of	O
the	O
manifold	O
before	O
installing	O
it	O
.	O
5	O
.	O
Secure	O
an	O
intake	O
hose	O
to	O
each	O
intake	O
elbow	O
with	O
a	O
hose	O
clamp	O
from	O
the	O
intake	O
boot	O
kit	O
.	O
6	O
.	O
Push	O
the	O
intake	O
manifold	O
securely	O
inside	O
the	O
hose	O
and	O
secure	O
it	O
with	O
hose	O
clamps	O
from	O
the	O
intake	O
boot	O
kit	O
.	O
7	O
.	O
Secure	O
the	O
intake	O
manifold	O
to	O
the	O
engine	O
with	O
the	O
lower	O
,	O
aft	O
engine	O
case	O
bolt	O
.	O
Bend	O
the	O
mounting	O
tab	O
on	O
the	O
intake	O
manifold	O
as	O
needed	O
to	O
clear	O
the	O
lower	O
Magnatron	O
.	O
8	O
.	O
Attach	O
the	O
AeroInjector	O
to	O
the	O
bottom	O
of	O
the	O
manifold	O
using	O
the	O
remaining	O
hose	O
and	O
hose	O
clamps	O
from	O
the	O
intake	O
boot	O
kit	O
.	O
Note	O
:	O
For	O
uniform	O
delivery	O
of	O
the	O
fuel	O
mixture	O
,	O
the	O
AeroInjector	O
must	O
be	O
installed	O
parallel	O
to	O
the	O
airframe	O
.	O
Note	O
:	O
Fuel	O
inlet	O
goes	O
to	O
the	O
back	O
of	O
the	O
engine	O
.	O
9	O
.	O
Safety	O
wire	O
the	O
AeroInjector	O
to	O
the	O
intake	O
manifold	O
.	O
10	O
.	O
Throttle	O
,	O
mixture	O
,	O
fuel	O
line	O
and	O
air	O
filter	O
connections	O
are	O
described	O
in	O
the	O
AeroInjector	O
manual	O
.	O
ALTERNATOR	O
INSTALLATION	O
Stator	O
Assembly	O
1	O
.	O
Test	O
fit	O
the	O
stator	O
to	O
the	O
stator	O
plate	O
.	O
If	O
interference	O
is	O
noted	O
between	O
the	O
mounting	O
lugs	O
of	O
the	O
stator	O
and	O
the	O
boss	O
on	O
the	O
plate	O
,	O
sand	O
or	O
file	O
the	O
lugs	O
to	O
remove	O
the	O
interference	O
.	O
2	O
.	O
Pass	O
the	O
wires	O
of	O
the	O
stator	O
through	O
the	O
hole	O
in	O
the	O
stator	O
plate	O
.	O
3	O
.	O
Prime	O
four	O
ACVZ01-76	O
screws	O
with	O
Locktite	O
7088	O
Primer	O
.	O
4	O
.	O
Attach	O
the	O
stator	O
to	O
the	O
alternator	O
mount	O
plate	O
using	O
the	O
four	O
-LRB-	O
4	O
-RRB-	O
primed	O
ACV-Z01-76	O
screws	O
and	O
Locktite	O
242	O
on	O
each	O
screw	O
prior	O
.	O
Installing	O
the	O
Stator	O
Assembly	O
1	O
.	O
``	O
Paint	O
''	O
the	O
surface	O
of	O
each	O
magnet	O
in	O
the	O
magnet	O
ring	O
and	O
the	O
outside	O
of	O
the	O
stator	O
with	O
a	O
permanent	O
marker	O
.	O
Important	O
:	O
The	O
magnets	O
of	O
the	O
magnet	O
ring	O
are	O
very	O
strong	O
and	O
will	O
try	O
to	O
pull	O
the	O
stator	O
assembly	O
out	O
of	O
your	O
hands	O
as	O
you	O
install	O
it	O
.	O
Maintain	O
a	O
firm	O
grip	O
to	O
avoid	O
pinched	O
fingers	O
.	O
2	O
.	O
Carefully	O
place	O
the	O
stator	O
assembly	O
over	O
the	O
magnet	O
ring	O
with	O
the	O
``	O
top	O
''	O
pick-up	O
near	O
the	O
1	O
O'clock	O
position	O
and	O
the	O
``	O
bottom	O
''	O
pick-up	O
near	O
the	O
7	O
O'clock	O
position	O
.	O
The	O
magnet	O
ring	O
may	O
force	O
the	O
stator	O
assembly	O
into	O
an	O
unwanted	O
position	O
.	O
Rotate	O
the	O
flywheel	O
until	O
the	O
stator	O
plate	O
can	O
be	O
properly	O
positioned	O
.	O
3	O
.	O
Temporarily	O
install	O
6	O
-LRB-	O
six	O
-RRB-	O
ACV-Z01-12	O
cap	O
screws	O
to	O
secure	O
the	O
stator	O
assembly	O
in	O
place	O
.	O
4	O
.	O
Rotate	O
the	O
crank	O
shaft	O
3	O
or	O
4	O
full	O
revolutions	O
.	O
This	O
is	O
easily	O
done	O
by	O
removing	O
a	O
spark	O
plug	O
and	O
turning	O
the	O
crank	O
with	O
a	O
socket	O
wrench	O
on	O
the	O
prop	O
hub	O
bolt	O
.	O
5	O
.	O
Remove	O
the	O
stator	O
plate	O
and	O
inspect	O
the	O
magnet	O
ring	O
and	O
stator	O
for	O
signs	O
that	O
the	O
two	O
are	O
in	O
contact	O
with	O
each	O
other	O
.	O
If	O
the	O
marker	O
is	O
intact	O
on	O
both	O
parts	O
,	O
your	O
clearance	O
is	O
acceptable	O
.	O
Continue	O
with	O
Step	O
6	O
.	O
If	O
there	O
is	O
evidence	O
of	O
contact	O
between	O
the	O
parts	O
,	O
use	O
a	O
belt	O
sander	O
or	O
equivalent	O
to	O
remove	O
some	O
material	O
from	O
the	O
stator	O
where	O
the	O
marker	O
has	O
been	O
rubbed	O
away	O
and	O
then	O
repeat	O
steps	O
1	O
through	O
5	O
.	O
6	O
.	O
Re-install	O
the	O
stator	O
assembly	O
as	O
described	O
in	O
Step	O
2	O
.	O
7	O
.	O
Prime	O
six	O
ACV-Z01-12	O
screws	O
with	O
Locktite	O
7088	O
Primer	O
.	O
8	O
.	O
Secure	O
the	O
stator	O
assembly	O
to	O
the	O
accessory	O
plate	O
using	O
six	O
primed	O
ACV-Z01-12	O
screws	O
and	O
Locktite	O
242	O
.	O
FIREWALL	O
PREPARATION	O
Before	O
the	O
engine	O
is	O
installed	O
on	O
the	O
engine	O
mount	O
,	O
the	O
firewall	O
should	O
be	O
prepared	O
.	O
This	O
includes	O
mounting	O
the	O
AeroVee	O
's	O
secondary	O
ignition	O
coils	O
and	O
voltage	O
regulator	O
.	O
Though	O
not	O
part	O
of	O
the	O
AeroVee	O
kit	O
,	O
careful	O
consideration	O
must	O
be	O
given	O
to	O
the	O
placement	O
of	O
the	O
gascolator	O
,	O
battery	O
box	O
,	O
master	O
solenoid	O
,	O
and	O
other	O
firewall-mounted	O
components	O
to	O
avoid	O
interference	O
with	O
the	O
engine	O
installation	O
and	O
assure	O
ease	O
of	O
maintenance	O
.	O
Voltage	O
Regulator	O
Installation	O
Note	O
:	O
The	O
voltage	O
regulator	O
must	O
be	O
grounded	O
.	O
In	O
a	O
typical	O
installation	O
the	O
regulator	O
will	O
be	O
grounded	O
through	O
the	O
hardware	O
which	O
secures	O
it	O
to	O
the	O
firewall	O
.	O
If	O
your	O
installation	O
uses	O
non-conductive	O
materials	O
for	O
the	O
firewall	O
,	O
or	O
for	O
the	O
mounting	O
of	O
the	O
regulator	O
,	O
dedicated	O
ground	O
wires	O
will	O
be	O
necessary	O
between	O
the	O
regulator	O
and	O
a	O
suitable	O
ground	O
point	O
.	O
1	O
.	O
Mount	O
the	O
voltage	O
regulator	O
to	O
the	O
firewall	O
in	O
a	O
location	O
which	O
allows	O
easy	O
connection	O
of	O
the	O
wires	O
from	O
the	O
alternator	O
.	O
The	O
use	O
of	O
3/8	O
''	O
long	O
stand-offs	O
-LRB-	O
aluminum	O
or	O
bronze	O
tubing	O
-RRB-	O
is	O
recommended	O
to	O
space	O
the	O
regulator	O
away	O
from	O
the	O
firewall	O
.	O
Wiring	O
the	O
alternator	O
to	O
the	O
voltage	O
regulator	O
is	O
described	O
later	O
in	O
this	O
manual	O
.	O
Secondary	O
Ignition	O
Coil	O
Installation	O
Note	O
:	O
The	O
ignition	O
coils	O
must	O
be	O
grounded	O
.	O
In	O
a	O
typical	O
installation	O
the	O
coils	O
will	O
be	O
grounded	O
through	O
the	O
hardware	O
which	O
secures	O
them	O
to	O
the	O
firewall	O
.	O
If	O
your	O
installation	O
uses	O
non-conductive	O
materials	O
for	O
the	O
firewall	O
,	O
or	O
for	O
mounting	O
the	O
coils	O
,	O
dedicated	O
ground	O
wires	O
will	O
be	O
necessary	O
between	O
the	O
coils	O
and	O
a	O
suitable	O
ground	O
point	O
.	O
1	O
.	O
Mount	O
the	O
ignition	O
coils	O
-LRB-	O
ACV-A01-25	O
-RRB-	O
to	O
the	O
firewall	O
in	O
a	O
location	O
which	O
allows	O
easy	O
connection	O
of	O
the	O
lower	O
spark	O
plug	O
wires	O
.	O
The	O
use	O
of	O
3/4	O
''	O
long	O
stand-offs	O
-LRB-	O
aluminum	O
or	O
bronze	O
tubing	O
-RRB-	O
is	O
recommended	O
to	O
space	O
the	O
coils	O
away	O
from	O
the	O
firewall	O
.	O
MOUNTING	O
the	O
ENGINE	O
Sonex	O
Aircraft	O
Airframes	O
Bolting	O
the	O
engine	O
to	O
the	O
engine	O
mount	O
is	O
shown	O
in	O
detail	O
in	O
the	O
``	O
Engine	O
Installation	O
,	O
AeroVee	O
''	O
drawing	O
of	O
your	O
airframe	O
plans	O
and	O
on	O
the	O
next	O
page	O
of	O
this	O
manual	O
,	O
however	O
,	O
these	O
few	O
notes	O
may	O
save	O
you	O
some	O
time	O
.	O
All	O
Airframes	O
Mount	O
Bushings	O
The	O
engine	O
mount	O
bushings	O
will	O
go	O
on	O
the	O
engine	O
mount	O
much	O
easier	O
if	O
they	O
lightly	O
lubricated	O
with	O
soapy	O
water	O
.	O
Lifting	O
the	O
engine	O
When	O
lifting	O
the	O
engine	O
into	O
place	O
care	O
must	O
be	O
taken	O
to	O
make	O
sure	O
the	O
pushrod	O
tubes	O
are	O
not	O
damaged	O
.	O
Installing	O
the	O
mount	O
Bolts	O
The	O
head	O
of	O
the	O
mounting	O
bolts	O
may	O
be	O
inserted	O
in	O
either	O
direction	O
.	O
A	O
typical	O
engine	O
mount	O
and	O
shock-rubber	O
installation	O
.	O
A	O
minimum	O
of	O
two	O
ACV-Z01-40	O
washers	O
-LRB-	O
1/8	O
''	O
thick	O
total	O
,	O
minimum	O
-RRB-	O
must	O
be	O
placed	O
against	O
the	O
front	O
bushing	O
.	O
Additional	O
washers	O
may	O
be	O
used	O
as	O
needed	O
,	O
and	O
washers	O
may	O
be	O
used	O
behind	O
the	O
rear	O
bushings	O
as	O
spacers	O
to	O
shim	O
the	O
thrust	O
line	O
as	O
needed	O
.	O
MAGNATRON	O
IGNITION	O
WIRING	O
Magnatron	O
Circuit	O
Basics	O
The	O
magnatron	O
is	O
a	O
very	O
simple	O
ignition	O
system	O
,	O
however	O
,	O
understanding	O
the	O
circuit	O
wiring	O
is	O
often	O
confusing	O
.	O
Unlike	O
most	O
other	O
electrical	O
devices	O
,	O
when	O
the	O
switch	O
is	O
``	O
Off	O
''	O
the	O
Magnatron	O
circuit	O
is	O
closed	O
and	O
the	O
Magnatrons	O
are	O
disabled	O
.	O
When	O
the	O
switch	O
is	O
``	O
On	O
''	O
the	O
ground	O
path	O
is	O
open	O
and	O
the	O
Magnatrons	O
become	O
operational	O
.	O
Magnatron	O
Wiring	O
The	O
Magnatron	O
ignition	O
should	O
be	O
controlled	O
by	O
a	O
single	O
Dual	O
Pole	O
,	O
Single	O
Throw	O
-LRB-	O
DPST	O
-RRB-	O
toggle	O
switch	O
.	O
To	O
check	O
for	O
proper	O
switch	O
installation	O
:	O
A.	O
Place	O
the	O
switch	O
in	O
the	O
down	O
-LRB-	O
``	O
Off	O
''	O
-RRB-	O
position	O
.	O
B.	O
Place	O
an	O
ohmmeter	O
across	O
a	O
pair	O
of	O
the	O
switches	O
'	O
terminals	O
.	O
If	O
there	O
is	O
no	O
resistance	O
-LRB-	O
0	O
ohms	O
-RRB-	O
between	O
the	O
terminals	O
,	O
the	O
switch	O
is	O
properly	O
oriented	O
in	O
the	O
panel	O
.	O
If	O
the	O
resistance	O
is	O
infinite	O
,	O
the	O
switch	O
is	O
``	O
On	O
''	O
and	O
needs	O
to	O
be	O
rotated	O
180-degrees	O
in	O
the	O
panel	O
for	O
proper	O
installation	O
.	O
1	O
.	O
Attach	O
a	O
20	O
gauge	O
-LRB-	O
minimum	O
-RRB-	O
ground	O
wire	O
to	O
the	O
body	O
of	O
each	O
magnatron	O
.	O
The	O
ground	O
wire	O
may	O
be	O
attached	O
to	O
a	O
magnatron	O
mounting	O
bolt	O
,	O
or	O
to	O
one	O
of	O
the	O
``	O
studs	O
''	O
-LRB-	O
A	O
-RRB-	O
on	O
the	O
metal	O
frame	O
.	O
Attach	O
the	O
other	O
end	O
of	O
the	O
ground	O
wire	O
to	O
a	O
suitable	O
ground	O
on	O
the	O
engine	O
block	O
.	O
Do	O
not	O
attach	O
the	O
ground	O
wire	O
to	O
the	O
``	O
p-Lead	O
''	O
terminal	O
-LRB-	O
``	O
B	O
''	O
,	O
photo	O
below	O
-RRB-	O
.	O
This	O
terminal	O
must	O
only	O
be	O
used	O
for	O
the	O
ignition	O
switch	O
wiring	O
.	O
2	O
.	O
Attach	O
a	O
20	O
gauge	O
-LRB-	O
minimum	O
-RRB-	O
wire	O
between	O
a	O
DPST	O
ignition	O
switch	O
and	O
the	O
P-Lead	O
terminal	O
-LRB-	O
B	O
-RRB-	O
of	O
each	O
magnatron	O
.	O
3	O
.	O
Attach	O
a	O
20-gauge	O
-LRB-	O
minimum	O
-RRB-	O
wire	O
between	O
the	O
remaining	O
terminals	O
of	O
the	O
DPST	O
switch	O
and	O
an	O
appropriate	O
airframe	O
ground	O
.	O
4	O
.	O
Slide	O
a	O
spark	O
plug	O
boot	O
over	O
the	O
end	O
of	O
each	O
spark	O
plug	O
wire	O
.	O
5	O
.	O
Attach	O
the	O
top	O
Magnatron	O
's	O
spark	O
plug	O
wires	O
to	O
the	O
upper	O
front	O
spark	O
plugs	O
.	O
6	O
.	O
Attach	O
the	O
bottom	O
Magnatron	O
's	O
spark	O
plug	O
wires	O
to	O
the	O
upper	O
rear	O
spark	O
plugs	O
.	O
ELECTRONIC	O
IGNITION	O
WIRING	O
Top	O
Trigger	O
Wiring	O
1	O
.	O
Black	O
wire	O
-LRB-	O
ground	O
-RRB-	O
.	O
Attach	O
to	O
any	O
ground	O
point	O
.	O
The	O
ground	O
wires	O
from	O
both	O
the	O
top	O
trigger	O
and	O
bottom	O
trigger	O
can	O
share	O
the	O
same	O
ground	O
point	O
.	O
2	O
.	O
Red	O
wire	O
-LRB-	O
+12	O
V	O
-RRB-	O
.	O
Attach	O
to	O
rear	O
terminal	O
screw	O
of	O
right	O
hand	O
coil	O
-LRB-	O
terminal	O
``	O
B	O
''	O
in	O
photo	O
-RRB-	O
.	O
3	O
.	O
Orange	O
wire	O
-LRB-	O
Trigger	O
-RRB-	O
.	O
Attach	O
to	O
the	O
front	O
terminal	O
-LRB-	O
terminal	O
``	O
A	O
''	O
in	O
photo	O
-RRB-	O
of	O
right	O
hand	O
coil	O
.	O
Bottom	O
Trigger	O
Wiring	O
1	O
.	O
Black	O
wire	O
-LRB-	O
ground	O
-RRB-	O
.	O
Attach	O
to	O
any	O
ground	O
point	O
.	O
The	O
ground	O
wires	O
from	O
both	O
the	O
top	O
trigger	O
and	O
bottom	O
trigger	O
can	O
share	O
the	O
same	O
ground	O
point	O
.	O
2	O
.	O
Red	O
wire	O
-LRB-	O
+12	O
V	O
-RRB-	O
.	O
Attach	O
to	O
the	O
rear	O
terminal	O
screw	O
of	O
left	O
coil	O
-LRB-	O
terminal	O
``	O
C	O
''	O
in	O
photo	O
-RRB-	O
.	O
3	O
.	O
Orange	O
wire	O
-LRB-	O
Trigger	O
-RRB-	O
.	O
Attach	O
to	O
the	O
front	O
terminal	O
-LRB-	O
terminal	O
``	O
D	O
''	O
in	O
photo	O
-RRB-	O
of	O
left	O
coil	O
.	O
Coil	O
Wiring	O
1	O
.	O
Connect	O
an	O
18	O
ga.	O
wire	O
between	O
terminals	O
``	O
B	O
''	O
and	O
``	O
C	O
''	O
.	O
This	O
is	O
a	O
jumper	O
for	O
the	O
+12	O
V	O
power	O
supply	O
wire	O
.	O
2	O
.	O
From	O
the	O
ignition	O
switch	O
,	O
run	O
an	O
18	O
ga.	O
wire	O
through	O
a	O
10	O
amp	O
fuse	O
and	O
connect	O
the	O
wire	O
to	O
terminal	O
``	O
B	O
''	O
of	O
the	O
right	O
coil	O
.	O
3	O
.	O
The	O
coils	O
must	O
be	O
grounded	O
.	O
In	O
a	O
typical	O
installation	O
the	O
coils	O
will	O
be	O
grounded	O
through	O
the	O
hardware	O
which	O
secures	O
them	O
to	O
the	O
firewall	O
.	O
If	O
your	O
installation	O
uses	O
non-conductive	O
materials	O
for	O
the	O
firewall	O
,	O
or	O
for	O
the	O
mounting	O
of	O
the	O
coils	O
,	O
dedicated	O
ground	O
wires	O
will	O
be	O
necessary	O
between	O
the	O
coils	O
and	O
a	O
suitable	O
ground	O
point	O
.	O
SPARK	O
PLUG	O
WIRES	O
Assembly	O
Instructions	O
:	O
important	O
:	O
The	O
factory	O
crimped	O
ends	O
of	O
each	O
wire	O
will	O
be	O
re-used	O
.	O
When	O
cutting	O
the	O
wires	O
to	O
the	O
correct	O
length	O
,	O
do	O
not	O
cut	O
the	O
crimped	O
ends	O
off	O
.	O
Note	O
:	O
Extra	O
wires	O
have	O
been	O
included	O
with	O
your	O
kit	O
.	O
It	O
is	O
possible	O
to	O
wire	O
your	O
secondary	O
ignition	O
with	O
a	O
single	O
package	O
of	O
spark	O
plug	O
wires	O
,	O
leaving	O
the	O
second	O
set	O
for	O
spares	O
.	O
1	O
.	O
Determine	O
the	O
length	O
for	O
each	O
spark	O
plug	O
wire	O
.	O
The	O
front	O
,	O
lower	O
plug	O
wires	O
attach	O
to	O
the	O
right	O
coil	O
.	O
The	O
rear	O
,	O
lower	O
plug	O
wires	O
attach	O
to	O
the	O
left	O
coil	O
.	O
The	O
pre-crimped	O
ends	O
are	O
kept	O
in	O
place	O
for	O
the	O
spark	O
plugs	O
.	O
Cut	O
the	O
wires	O
to	O
the	O
correct	O
length	O
.	O
2	O
.	O
Slide	O
a	O
boot	O
-LRB-	O
included	O
with	O
ACV-A01-24	O
-RRB-	O
over	O
the	O
cut	O
end	O
of	O
each	O
spark	O
plug	O
wire	O
.	O
3	O
.	O
Remove	O
the	O
black	O
outer	O
jacket	O
and	O
the	O
white	O
insulation	O
core	O
to	O
expose	O
a	O
3/8	O
''	O
length	O
of	O
the	O
inner	O
conductor	O
.	O
4	O
.	O
Fold	O
the	O
conductor	O
over	O
the	O
jacket	O
and	O
crimp	O
a	O
metal	O
connector	O
in	O
place	O
.	O
The	O
end	O
of	O
the	O
cable	O
must	O
come	O
to	O
the	O
hole	O
in	O
the	O
connector	O
.	O
5	O
.	O
Slide	O
the	O
boot	O
over	O
the	O
connector	O
.	O
This	O
is	O
the	O
end	O
of	O
the	O
cable	O
which	O
attaches	O
to	O
the	O
coil	O
.	O
6	O
.	O
Attach	O
the	O
spark	O
plug	O
wires	O
to	O
the	O
coils	O
and	O
spark	O
plugs	O
.	O
ELECTRONIC	O
IGNITION	O
TIMING	O
Timing	O
Basics	O
The	O
electronic	O
-LRB-	O
secondary	O
-RRB-	O
ignition	O
is	O
timed	O
to	O
match	O
the	O
Magnatron	O
-LRB-	O
primary	O
-RRB-	O
ignition	O
,	O
which	O
is	O
fixed	O
at	O
28	O
degrees	O
BTDC	O
.	O
Accurate	O
timing	O
is	O
accomplished	O
when	O
the	O
two	O
ignition	O
systems	O
are	O
firing	O
as	O
one	O
,	O
which	O
is	O
indicated	O
by	O
little	O
or	O
no	O
difference	O
in	O
engine	O
RPM	O
when	O
switching	O
between	O
ignition	O
systems	O
.	O
The	O
trigger	O
cap	O
-LRB-	O
A	O
-RRB-	O
of	O
the	O
secondary	O
ignition	O
system	O
rotates	O
to	O
make	O
timing	O
adjustments	O
.	O
It	O
is	O
locked	O
in	O
position	O
by	O
a	O
socket	O
head	O
cap	O
screw	O
-LRB-	O
D	O
-RRB-	O
.	O
When	O
the	O
magnet	O
in	O
the	O
trigger	O
cap	O
passes	O
by	O
the	O
sensor	O
in	O
the	O
triggers	O
-LRB-	O
C	O
-RRB-	O
,	O
it	O
fires	O
the	O
spark	O
plugs	O
.	O
The	O
location	O
of	O
the	O
magnet	O
in	O
the	O
trigger	O
cap	O
is	O
marked	O
with	O
a	O
line	O
-LRB-	O
B	O
-RRB-	O
.	O
Timing	O
the	O
Secondary	O
Ignition	O
Important	O
:	O
The	O
secondary	O
ignition	O
will	O
spark	O
when	O
the	O
ignition	O
is	O
on	O
and	O
the	O
trigger	O
magnet	O
passes	O
by	O
the	O
sensor	O
.	O
This	O
can	O
cause	O
ignition	O
.	O
Avoid	O
serious	O
injury	O
or	O
death	O
by	O
turning	O
off	O
the	O
fuel	O
,	O
ignition	O
switch	O
,	O
and	O
master	O
switch	O
and	O
remaining	O
clear	O
of	O
the	O
propeller	O
while	O
timing	O
the	O
ignition	O
.	O
Initial	O
timing	O
is	O
achieved	O
by	O
aligning	O
the	O
right	O
edge	O
of	O
the	O
magnet	O
shoe	O
on	O
the	O
flywheel	O
-LRB-	O
E	O
,	O
photo	O
below	O
-RRB-	O
with	O
the	O
right	O
edge	O
of	O
the	O
top	O
Magnatron	O
-LRB-	O
F	O
-RRB-	O
and	O
then	O
rotating	O
the	O
trigger	O
cap	O
-LRB-	O
A	O
-RRB-	O
until	O
the	O
mark	O
on	O
the	O
cap	O
-LRB-	O
B	O
,	O
previous	O
column	O
-RRB-	O
is	O
centered	O
under	O
the	O
sensor	O
-LRB-	O
C	O
-RRB-	O
of	O
the	O
upper	O
trigger	O
.	O
The	O
following	O
steps	O
detail	O
this	O
process	O
.	O
The	O
black	O
/	O
white	O
line	O
on	O
the	O
right	O
shows	O
how	O
the	O
top	O
Magnatron	O
and	O
magnet	O
shoe	O
on	O
the	O
flywheel	O
align	O
prior	O
to	O
setting	O
the	O
secondary	O
ignition	O
timing	O
.	O
For	O
clarity	O
these	O
parts	O
are	O
shown	O
removed	O
from	O
the	O
engine	O
.	O
1	O
.	O
Turn	O
off	O
the	O
aircraft	O
's	O
Master	O
switch	O
,	O
secondary	O
ignition	O
switch	O
and	O
fuel	O
valve	O
.	O
2	O
.	O
Pull	O
the	O
cockpit	O
mixture	O
control	O
to	O
``	O
Idle	O
Cut-off	O
''	O
.	O
3	O
.	O
Rotate	O
the	O
crank	O
until	O
the	O
right	O
edge	O
of	O
the	O
magnet	O
shoe	O
on	O
the	O
flywheel	O
-LRB-	O
E	O
,	O
above	O
-RRB-	O
is	O
aligned	O
with	O
the	O
right	O
edge	O
of	O
the	O
top	O
Magnatron	O
-LRB-	O
F	O
,	O
above	O
-RRB-	O
.	O
Look	O
down	O
between	O
the	O
accessory	O
plate	O
and	O
the	O
rear	O
flange	O
of	O
the	O
engine	O
case	O
to	O
check	O
the	O
alignment	O
of	O
the	O
top	O
Magnatron	O
to	O
magnet	O
shoe	O
on	O
the	O
flywheel	O
.	O
4	O
.	O
Loosen	O
the	O
socket	O
head	O
cap	O
screw	O
-LRB-	O
D	O
-RRB-	O
and	O
rotate	O
the	O
magnet	O
cap	O
-LRB-	O
A	O
-RRB-	O
until	O
the	O
mark	O
on	O
the	O
magnet	O
cap	O
-LRB-	O
B	O
-RRB-	O
is	O
centered	O
under	O
the	O
sensor	O
-LRB-	O
C	O
-RRB-	O
of	O
the	O
upper	O
trigger	O
.	O
5	O
.	O
Tighten	O
the	O
socket	O
head	O
cap	O
screw	O
.	O
Timing	O
Check	O
Ground	O
Check	O
.	O
Running	O
the	O
engine	O
and	O
performing	O
a	O
mag	O
check	O
will	O
indicate	O
the	O
accuracy	O
of	O
the	O
timing	O
of	O
the	O
secondary	O
ignition	O
.	O
A	O
mag	O
check	O
at	O
1600	O
-	O
2000	O
RPM	O
should	O
reveal	O
little	O
or	O
no	O
change	O
in	O
RPM	O
.	O
If	O
a	O
change	O
of	O
50	O
RPM	O
or	O
greater	O
is	O
noted	O
,	O
the	O
magnet	O
cap	O
should	O
be	O
rotated	O
slightly	O
one	O
way	O
or	O
the	O
other	O
.	O
In	O
Flight	O
Check	O
.	O
Under	O
normal	O
cruise	O
power	O
-LRB-	O
2900	O
to	O
3400	O
rpm	O
-RRB-	O
:	O
1	O
.	O
Turn	O
off	O
the	O
secondary	O
ignition	O
and	O
observe	O
the	O
cylinder	O
head	O
temperature	O
.	O
2	O
.	O
Turn	O
on	O
the	O
secondary	O
ignition	O
and	O
turn	O
off	O
the	O
Primary	O
ignition	O
.	O
Observe	O
the	O
cylinder	O
head	O
temperature	O
.	O
If	O
the	O
cylinder	O
head	O
temperature	O
rises	O
when	O
operating	O
with	O
only	O
the	O
secondary	O
ignition	O
,	O
the	O
secondary	O
ignition	O
is	O
advanced	O
.	O
Retard	O
the	O
secondary	O
ignition	O
by	O
turning	O
the	O
magnet	O
cap	O
slightly	O
clockwise	O
,	O
as	O
viewed	O
from	O
the	O
flywheel	O
end	O
of	O
the	O
engine	O
.	O
ALTERNATOR	O
/	O
REGULATOR	O
WIRING	O
Alternator	O
-	O
Regulator	O
Wiring	O
1	O
.	O
Attach	O
the	O
two	O
wires	O
from	O
the	O
alternator	O
to	O
the	O
two	O
outer	O
terminals	O
of	O
the	O
voltage	O
regulator	O
.	O
It	O
does	O
not	O
matter	O
which	O
wire	O
attaches	O
to	O
which	O
terminal	O
.	O
2	O
.	O
Attach	O
an	O
8	O
or	O
10	O
gauge	O
wire	O
from	O
the	O
center	O
terminal	O
of	O
the	O
voltage	O
regulator	O
to	O
the	O
positive	O
battery	O
terminal	O
.	O
3	O
.	O
If	O
you	O
will	O
be	O
using	O
a	O
tachometer	O
which	O
senses	O
pulses	O
from	O
the	O
alternator	O
,	O
it	O
must	O
be	O
spliced	O
in	O
to	O
one	O
of	O
the	O
wires	O
from	O
the	O
alternator	O
.	O
Consult	O
the	O
instrument	O
manufacturer	O
's	O
instructions	O
for	O
proper	O
installation	O
and	O
set-up	O
.	O
Note	O
:	O
The	O
20	O
amp	O
alternator	O
delivers	O
6	O
pulses	O
per	O
revolution	O
.	O
4	O
.	O
If	O
the	O
voltage	O
regulator	O
is	O
attached	O
to	O
a	O
non-conductive	O
surface	O
a	O
ground	O
wire	O
needs	O
to	O
be	O
attached	O
between	O
the	O
body	O
of	O
the	O
regulator	O
and	O
an	O
appropriate	O
airframe	O
ground	O
.	O
STARTER	O
INSTALLATION	O
/	O
WIRING	O
Starter	O
Installation	O
Note	O
:	O
Though	O
the	O
starter	O
is	O
grounded	O
through	O
the	O
bolts	O
which	O
secure	O
it	O
to	O
the	O
accessory	O
plate	O
,	O
anodizing	O
in	O
the	O
threads	O
of	O
the	O
accessory	O
plate	O
and	O
the	O
recommended	O
use	O
of	O
Locktite	O
can	O
degrade	O
this	O
ground	O
path	O
.	O
You	O
may	O
wish	O
to	O
install	O
an	O
8	O
to	O
10	O
gauge	O
supplemental	O
ground	O
wire	O
under	O
one	O
of	O
the	O
starter	O
attachment	O
bolts	O
and	O
attach	O
the	O
other	O
end	O
to	O
an	O
appropriate	O
ground	O
on	O
the	O
airframe	O
or	O
battery	O
.	O
do	O
not	O
use	O
an	O
engine	O
mount	O
bolt	O
for	O
a	O
grounding	O
point	O
as	O
they	O
are	O
insulated	O
from	O
the	O
engine	O
by	O
the	O
rubber	O
engine	O
mounts	O
and	O
do	O
not	O
provide	O
a	O
good	O
ground	O
path	O
.	O
1	O
.	O
Attach	O
the	O
starter	O
to	O
the	O
accessory	O
plate	O
using	O
two	O
-LRB-	O
2	O
-RRB-	O
ACV-Z01-14	O
cap	O
screws	O
and	O
Locktite	O
262	O
.	O
Starter	O
Wiring	O
The	O
drawing	O
below	O
illustrates	O
a	O
typical	O
starter	O
wiring	O
schematic	O
.	O
This	O
can	O
be	O
modified	O
to	O
suit	O
your	O
needs	O
.	O
Note	O
that	O
a	O
separate	O
starter	O
solenoid	O
is	O
not	O
needed	O
as	O
the	O
AeroVee	O
starter	O
has	O
a	O
built-in	O
solenoid	O
.	O
The	O
starter	O
has	O
two	O
points	O
for	O
electrical	O
connections	O
:	O
A	O
large	O
threaded	O
lug	O
-LRB-	O
A	O
-RRB-	O
for	O
the	O
6	O
gauge	O
starter	O
wire	O
,	O
and	O
a	O
small	O
male	O
spade	O
terminal	O
-LRB-	O
B	O
-RRB-	O
for	O
the	O
14	O
gauge	O
solenoid	O
wire	O
.	O
OIL	O
BREATHER	O
TUBE	O
Breather	O
Installation	O
1	O
.	O
Form	O
an	O
engine	O
breather	O
tube	O
from	O
5/8	O
diameter	O
x	O
.035	O
''	O
wall	O
6061-T6	O
or	O
5052-0	O
aluminum	O
tube	O
.	O
The	O
tube	O
should	O
curve	O
up	O
slightly	O
after	O
exiting	O
the	O
breather	O
plate	O
.	O
This	O
encourages	O
oil	O
to	O
flow	O
back	O
into	O
the	O
case	O
rather	O
than	O
get	O
discharged	O
.	O
Additionally	O
,	O
a	O
1/16	O
''	O
diameter	O
hole	O
drilled	O
at	O
the	O
top	O
of	O
the	O
curve	O
permits	O
crankcase	O
breathing	O
in	O
the	O
event	O
the	O
exit	O
tube	O
freezes	O
shut	O
.	O
Route	O
the	O
tube	O
so	O
it	O
discharges	O
out	O
the	O
bottom	O
of	O
the	O
cowling	O
,	O
or	O
into	O
the	O
top	O
of	O
the	O
optional	O
AeroConversions	O
Oil	O
Separator	O
.	O
2	O
.	O
Secure	O
the	O
tube	O
in	O
the	O
breather	O
plate	O
with	O
high	O
temperature	O
silicone	O
gasket	O
.	O
3	O
.	O
Secure	O
the	O
tube	O
as	O
needed	O
to	O
prevent	O
vibration	O
.	O
OIL	O
COOLER	O
,	O
BOTTOM	O
MOUNT	O
Installing	O
the	O
Oil	O
Cooler	O
The	O
optional	O
Sonex	O
/	O
AeroVee	O
Fence	O
Baffle	O
kit	O
includes	O
laser-cut	O
parts	O
for	O
the	O
oil	O
cooler	O
installation	O
.	O
1	O
.	O
Position	O
the	O
oil	O
cooler	O
near	O
the	O
back	O
of	O
the	O
lower	O
shroud	O
with	O
the	O
inlet	O
ports	O
facing	O
forward	O
.	O
Make	O
sure	O
the	O
cooler	O
does	O
not	O
interfere	O
with	O
the	O
exhaust	O
and	O
mark	O
the	O
location	O
of	O
the	O
mounting	O
holes	O
.	O
2	O
.	O
Drill	O
four	O
3/16	O
''	O
diameter	O
mounting	O
holes	O
in	O
the	O
shroud	O
to	O
match	O
those	O
in	O
the	O
oil	O
cooler	O
and	O
attach	O
the	O
cooler	O
with	O
four	O
AN3-3A	O
bolts	O
,	O
MS20365-1032	O
nuts	O
,	O
and	O
AN960-10	O
washers	O
.	O
3	O
.	O
Cut	O
an	O
air	O
passage	O
in	O
the	O
bottom	O
of	O
the	O
shroud	O
and	O
install	O
an	O
air	O
deflector	O
to	O
force	O
the	O
air	O
traveling	O
under	O
the	O
oil	O
sump	O
to	O
exit	O
through	O
the	O
oil	O
cooler	O
.	O
4	O
.	O
Attach	O
the	O
oil	O
cooler	O
shroud	O
to	O
the	O
engine	O
case	O
with	O
four	O
M6x1	O
screws	O
,	O
or	O
re-tap	O
the	O
holes	O
and	O
use	O
1/4-20	O
screws	O
.	O
See	O
photo	O
below	O
.	O
5	O
.	O
Apply	O
teflon	O
paste	O
-LRB-	O
do	O
not	O
use	O
teflon	O
tape	O
-RRB-	O
to	O
the	O
threads	O
of	O
each	O
AN912-4D	O
bushing	O
and	O
install	O
one	O
in	O
each	O
port	O
of	O
the	O
oil	O
cooler	O
.	O
6	O
.	O
Apply	O
teflon	O
paste	O
-LRB-	O
do	O
not	O
use	O
teflon	O
tape	O
-RRB-	O
to	O
the	O
threads	O
of	O
two	O
AN816-6-6D	O
nipples	O
and	O
install	O
one	O
in	O
each	O
of	O
the	O
bushings	O
installed	O
in	O
step	O
5	O
.	O
7	O
.	O
Install	O
a	O
straight	O
hose	O
fitting	O
-LRB-	O
Jeg	O
's	O
p/n	O
799-610020	O
-RRB-	O
on	O
each	O
end	O
of	O
a	O
12	O
''	O
length	O
of	O
Pro-Flex	O
hose	O
.	O
Do	O
this	O
twice	O
to	O
make	O
two	O
hose	O
assemblies	O
.	O
8	O
.	O
Install	O
the	O
hose	O
assemblies	O
on	O
the	O
oil	O
cooler	O
.	O
Do	O
not	O
use	O
sealing	O
compounds	O
or	O
teflon	O
tape	O
on	O
these	O
fittings	O
.	O
9	O
.	O
Apply	O
teflon	O
paste	O
-LRB-	O
do	O
not	O
use	O
teflon	O
tape	O
-RRB-	O
to	O
the	O
threads	O
of	O
each	O
AN816-6D	O
nipple	O
and	O
install	O
one	O
in	O
each	O
port	O
of	O
the	O
oil	O
pump	O
.	O
10	O
.	O
Install	O
the	O
free	O
end	O
of	O
each	O
hose	O
assembly	O
on	O
the	O
oil	O
pump	O
.	O
Do	O
not	O
use	O
sealing	O
compounds	O
or	O
teflon	O
tape	O
on	O
these	O
fittings	O
.	O
Note	O
:	O
The	O
cooling	O
air	O
inlets	O
of	O
the	O
cowl	O
must	O
be	O
cut	O
open	O
before	O
you	O
install	O
the	O
baffle	O
seal	O
.	O
Refer	O
to	O
the	O
``	O
Cowl	O
Openings	O
''	O
section	O
of	O
this	O
manual	O
.	O
11	O
.	O
Fit	O
one	O
half	O
of	O
the	O
cowl	O
at	O
a	O
time	O
and	O
note	O
any	O
interference	O
with	O
the	O
oil	O
cooler	O
shroud	O
.	O
Remove	O
the	O
cowl	O
and	O
trim	O
the	O
shroud	O
as	O
needed	O
to	O
achieve	O
a	O
gap	O
of	O
1/4	O
''	O
to	O
3/8	O
''	O
between	O
the	O
cowling	O
and	O
the	O
shroud	O
.	O
Note	O
:	O
Bend	O
the	O
front	O
lips	O
of	O
the	O
cooling	O
shroud	O
as	O
needed	O
so	O
they	O
seal	O
above	O
and	O
below	O
the	O
cowl	O
's	O
oil	O
cooler	O
inlet	O
.	O
12	O
.	O
Install	O
baffle	O
seal	O
to	O
seal	O
the	O
gap	O
between	O
the	O
metal	O
shroud	O
and	O
cowling	O
.	O
13	O
.	O
Install	O
the	O
Oil	O
Pressure	O
Bypass	O
Plate	O
.	O
See	O
next	O
column	O
.	O
OIL	O
COOLER	O
BYPASS	O
PLATE	O
The	O
oil	O
cooler	O
bypass	O
plate	O
is	O
required	O
on	O
all	O
bottom-mounted	O
oil	O
cooler	O
installations	O
.	O
1	O
.	O
Insert	O
Viton	O
O-ring	O
into	O
the	O
oil	O
cooler	O
bypass	O
plate	O
.	O
2	O
.	O
Install	O
the	O
oil	O
cooler	O
bypass	O
plate	O
using	O
the	O
ACV-Z01-19	O
bolt	O
-LRB-	O
Qty	O
.	O
1	O
-RRB-	O
,	O
ACV-Z01-17	O
bolts	O
-LRB-	O
Qty	O
.	O
2	O
-RRB-	O
,	O
ACV-Z01-22	O
elastic	O
stop	O
nut	O
-LRB-	O
Qty	O
2	O
-RRB-	O
,	O
and	O
ACV-Z01-25	O
washer	O
-LRB-	O
Qty	O
2	O
-RRB-	O
.	O
3	O
.	O
Install	O
a	O
1/8	O
NPT	O
pipe	O
plug	O
or	O
an	O
optional	O
oil	O
pressure	O
sender	O
-LRB-	O
B	O
-RRB-	O
-LRB-	O
1/8	O
NPT	O
-RRB-	O
in	O
the	O
tapped	O
hole	O
of	O
the	O
oil	O
bypass	O
plate	O
.	O
The	O
pipe	O
plug	O
can	O
be	O
installed	O
with	O
teflon	O
paste	O
.	O
When	O
installing	O
the	O
optional	O
oil	O
pressure	O
sender	O
do	O
not	O
use	O
teflon	O
paste	O
or	O
teflon	O
tape	O
on	O
the	O
threads	O
as	O
this	O
will	O
inhibit	O
the	O
grounding	O
of	O
the	O
sender	O
;	O
good	O
grounding	O
is	O
required	O
for	O
an	O
accurate	O
signal	O
.	O
You	O
may	O
even	O
consider	O
adding	O
a	O
dedicated	O
ground	O
wire	O
to	O
the	O
body	O
of	O
the	O
sender	O
.	O
OIL	O
COOLER	O
,	O
TOP	O
MOUNT	O
Installing	O
the	O
Oil	O
Cooler	O
1	O
.	O
Insert	O
the	O
two	O
orange-colored	O
cylindrical	O
seals	O
from	O
the	O
gasket	O
kit	O
-LRB-	O
provided	O
with	O
your	O
AeroVee	O
engine	O
-RRB-	O
in	O
the	O
oil	O
cooler	O
ports	O
on	O
the	O
top	O
,	O
right-hand	O
side	O
of	O
the	O
engine	O
.	O
2	O
.	O
Carefully	O
position	O
the	O
Oil	O
Cooler	O
Mount	O
Plate	O
over	O
the	O
seals	O
and	O
bolt	O
the	O
plate	O
to	O
the	O
engine	O
case	O
using	O
the	O
hard-Supplied	O
by/available	O
from	O
Sonex	O
Aircraft	O
:	O
ware	O
identified	O
in	O
the	O
photo	O
below	O
.	O
3	O
.	O
Insert	O
the	O
two	O
short	O
,	O
orange-colored	O
flanged	O
seals	O
from	O
the	O
gasket	O
kit	O
-LRB-	O
provided	O
with	O
your	O
AeroVee	O
engine	O
-RRB-	O
in	O
the	O
oil	O
ports	O
of	O
the	O
Top	O
Plate	O
.	O
See	O
photo	O
below	O
.	O
Important	O
:	O
The	O
gasket	O
kit	O
contains	O
both	O
tall	O
-LRB-	O
thick	O
-RRB-	O
and	O
short	O
-LRB-	O
thin	O
-RRB-	O
flanged	O
oil	O
seals	O
.	O
Be	O
sure	O
to	O
use	O
the	O
short	O
-LRB-	O
thin	O
-RRB-	O
seals	O
for	O
this	O
installation	O
.	O
4	O
.	O
Remove	O
a	O
1-5/8	O
''	O
long	O
portion	O
of	O
the	O
front	O
,	O
lower	O
flange	O
of	O
the	O
oil	O
cooler	O
.	O
This	O
is	O
necessary	O
to	O
eliminate	O
interference	O
between	O
the	O
oil	O
cooler	O
's	O
flange	O
and	O
the	O
adapter	O
plate	O
.	O
See	O
photo	O
below	O
for	O
details	O
.	O
5	O
.	O
Carefully	O
position	O
the	O
oil	O
cooler	O
over	O
the	O
seals	O
in	O
the	O
mount	O
plate	O
and	O
bolt	O
the	O
oil	O
cooler	O
to	O
the	O
plate	O
using	O
the	O
hardware	O
identified	O
in	O
the	O
photo	O
below	O
.	O
6	O
.	O
Install	O
the	O
optional	O
oil	O
pressure	O
sender	O
or	O
a	O
1/8	O
NPT	O
pipe	O
plug	O
in	O
the	O
port	O
in	O
the	O
side	O
of	O
the	O
case	O
-LRB-	O
F	O
-RRB-	O
.	O
important	O
:	O
do	O
not	O
overtighten	O
the	O
oil	O
pressure	O
sender	O
or	O
the	O
pipe	O
plug	O
as	O
this	O
can	O
result	O
in	O
a	O
cracked	O
case	O
.	O
When	O
installing	O
the	O
optional	O
oil	O
pressure	O
sender	O
do	O
not	O
use	O
teflon	O
paste	O
or	O
teflon	O
tape	O
on	O
the	O
threads	O
as	O
this	O
will	O
inhibit	O
the	O
grounding	O
of	O
the	O
sender	O
;	O
good	O
grounding	O
is	O
required	O
for	O
an	O
accurate	O
signal	O
.	O
You	O
may	O
even	O
consider	O
adding	O
a	O
dedicated	O
ground	O
wire	O
to	O
the	O
body	O
of	O
the	O
sender	O
.	O
BYPASSING	O
/	O
REMOVING	O
A	O
BOTTOM-MOUNTED	O
OIL	O
COOLER	O
The	O
AeroVee	O
has	O
flown	O
successfully	O
in	O
the	O
Sonex	O
airframes	O
without	O
an	O
oil	O
cooler	O
.	O
Depending	O
on	O
your	O
flight	O
conditions	O
and	O
climate	O
,	O
you	O
may	O
not	O
need	O
the	O
oil	O
cooler	O
.	O
You	O
must	O
,	O
however	O
,	O
retain	O
the	O
cooling	O
shroud	O
to	O
direct	O
cooling	O
air	O
across	O
the	O
bottom	O
of	O
the	O
engine	O
case	O
.	O
To	O
operate	O
the	O
AeroVee	O
without	O
the	O
bottom-mounted	O
oil	O
cooler	O
:	O
1	O
.	O
Disconnect	O
the	O
oil	O
cooler	O
lines	O
from	O
the	O
oil	O
pump	O
.	O
2	O
.	O
Remove	O
the	O
oil	O
cooler	O
and	O
hoses	O
from	O
the	O
cooling	O
shroud	O
.	O
3	O
.	O
Seal	O
the	O
opening	O
in	O
the	O
bottom	O
of	O
the	O
cooler	O
shroud	O
with	O
a	O
piece	O
of	O
aluminum	O
.	O
important	O
:	O
do	O
not	O
plug	O
the	O
inlet	O
and	O
outlet	O
ports	O
of	O
the	O
oil	O
pump	O
after	O
removing	O
the	O
hoses	O
.	O
This	O
will	O
result	O
in	O
oil	O
starvation	O
and	O
engine	O
damage	O
.	O
To	O
properly	O
eliminate	O
the	O
oil	O
cooler	O
from	O
the	O
system	O
you	O
must	O
complete	O
one	O
of	O
the	O
options	O
in	O
step	O
4	O
,	O
below	O
.	O
4	O
.	O
Run	O
a	O
loop	O
of	O
-06	O
braided	O
hose	O
from	O
the	O
inlet	O
port	O
of	O
the	O
existing	O
oil	O
pump	O
to	O
the	O
outlet	O
port	O
.	O
or	O
:	O
Remove	O
the	O
oil	O
pump	O
and	O
replace	O
it	O
with	O
a	O
Standard	O
Oil	O
Pump	O
,	O
AeroConversion	O
part	O
number	O
ACV-P01-56	O
.	O
BYPASSING	O
/	O
REMOVING	O
A	O
TOP-MOUNTED	O
OIL	O
COOLER	O
The	O
AeroVee	O
has	O
flown	O
successfully	O
in	O
the	O
Sonex	O
airframes	O
without	O
an	O
oil	O
cooler	O
.	O
Depending	O
on	O
your	O
flight	O
conditions	O
and	O
climate	O
,	O
you	O
may	O
not	O
need	O
the	O
oil	O
cooler	O
.	O
To	O
operate	O
the	O
AeroVee	O
without	O
the	O
top-mounted	O
oil	O
cooler	O
:	O
1	O
.	O
Remove	O
the	O
oil	O
cooler	O
from	O
the	O
adapter	O
plate	O
.	O
2	O
.	O
Remove	O
the	O
adapter	O
plate	O
.	O
3	O
.	O
Install	O
the	O
Oil	O
Cooler	O
Bypass	O
Plate	O
as	O
shown	O
on	O
page	O
52	O
.	O
INSTALLING	O
the	O
EXHAUST	O
1	O
.	O
Using	O
the	O
supplied	O
Exhaust	O
Attach	O
Bolts	O
-LRB-	O
ACV-Z01-39	O
-RRB-	O
,	O
temporarily	O
attach	O
the	O
exhaust	O
manifolds	O
to	O
the	O
cylinder	O
heads	O
without	O
exhaust	O
gaskets	O
.	O
Note	O
:	O
If	O
your	O
cylinder	O
heads	O
have	O
exhaust	O
studs	O
installed	O
they	O
will	O
need	O
to	O
be	O
removed	O
to	O
fit	O
the	O
2-into-1	O
exhaust	O
.	O
Note	O
:	O
The	O
left	O
side	O
exhaust	O
pipe	O
-LRB-	O
pilot	O
's	O
side	O
-RRB-	O
may	O
contact	O
the	O
super	O
tin	O
and/or	O
cylinder	O
head	O
baffle	O
.	O
The	O
super	O
tin	O
and/or	O
baffle	O
can	O
be	O
reformed	O
as	O
needed	O
to	O
minimize	O
the	O
contact	O
,	O
though	O
some	O
contact	O
is	O
not	O
a	O
concern	O
.	O
Note	O
:	O
The	O
space	O
between	O
the	O
exhaust	O
flanges	O
can	O
be	O
increased	O
or	O
decreased	O
by	O
hand	O
if	O
it	O
is	O
too	O
tight	O
or	O
too	O
loose	O
on	O
the	O
cylinder	O
head	O
.	O
Tightening	O
the	O
exhaust	O
attach	O
bolts	O
during	O
final	O
installation	O
will	O
pull	O
the	O
header	O
together	O
for	O
a	O
proper	O
fit	O
on	O
the	O
cylinder	O
head	O
.	O
2	O
.	O
Slide	O
an	O
extension	O
pipe	O
onto	O
each	O
manifold	O
.	O
It	O
may	O
be	O
necessary	O
to	O
shorten	O
the	O
length	O
of	O
the	O
exhaust	O
manifold	O
if	O
the	O
extensions	O
interfere	O
with	O
the	O
firewall	O
.	O
Do	O
not	O
shorten	O
the	O
expanded	O
portion	O
of	O
the	O
extension	O
pipes	O
.	O
3	O
.	O
After	O
each	O
exhaust	O
manifold	O
has	O
been	O
trimmed	O
to	O
the	O
proper	O
length	O
,	O
remove	O
the	O
manifolds	O
from	O
the	O
cylinder	O
heads	O
and	O
re-install	O
them	O
with	O
new	O
exhaust	O
gaskets	O
-LRB-	O
included	O
in	O
the	O
gasket	O
kit	O
-RRB-	O
.	O
4	O
.	O
Attach	O
a	O
spring	O
between	O
each	O
pair	O
of	O
spring	O
clips	O
.	O
It	O
may	O
be	O
necessary	O
to	O
shorten	O
the	O
springs	O
for	O
your	O
particular	O
installation	O
.	O
5	O
.	O
Attach	O
a	O
loop-type	O
line	O
support	O
clamp	O
-LRB-	O
AN742	O
or	O
equivalent	O
-RRB-	O
to	O
the	O
firewall	O
approximately	O
3	O
''	O
above	O
the	O
spring	O
clips	O
on	O
the	O
exhaust	O
extensions	O
.	O
6	O
.	O
Attach	O
a	O
spring	O
between	O
the	O
support	O
clamp	O
and	O
each	O
exhaust	O
extension	O
.	O
It	O
may	O
be	O
necessary	O
to	O
shorten	O
the	O
springs	O
for	O
your	O
particular	O
installation	O
.	O
7	O
.	O
Trim	O
the	O
ends	O
of	O
the	O
exhaust	O
pipes	O
to	O
final	O
length	O
.	O
The	O
pipes	O
must	O
be	O
long	O
enough	O
to	O
ensure	O
the	O
exhaust	O
gases	O
exit	O
the	O
cowl	O
,	O
yet	O
pipes	O
which	O
extend	O
too	O
far	O
below	O
the	O
cowl	O
will	O
add	O
drag	O
and	O
reduce	O
your	O
airspeed	O
.	O
Installing	O
EGT	O
Probes	O
EGT	O
probe	O
-LRB-	O
s	O
-RRB-	O
must	O
be	O
installed	O
4	O
''	O
from	O
the	O
exhaust	O
flange	O
of	O
each	O
cylinder	O
that	O
is	O
being	O
monitored	O
.	O
This	O
distance	O
is	O
based	O
on	O
a	O
path	O
down	O
the	O
center	O
of	O
the	O
exhaust	O
pipe	O
.	O
It	O
is	O
also	O
important	O
to	O
consider	O
the	O
orientation	O
of	O
each	O
probe	O
to	O
avoid	O
interference	O
between	O
the	O
probe	O
and	O
cowling	O
.	O
important	O
:	O
do	O
not	O
trim	O
the	O
egT	O
probe	O
wires	O
.	O
There	O
are	O
a	O
variety	O
of	O
EGT	O
probe	O
styles	O
with	O
different	O
mounting	O
methods	O
.	O
Follow	O
the	O
instructions	O
provided	O
with	O
your	O
probes	O
for	O
the	O
proper	O
mounting	O
method	O
.	O
