CRANKSHAFT	PART
ASSEMBLY	PART
Preparation	O
:	O
1	O
0	O
Inspect	OPER
the	O
bore	PART
of	O
the	O
Crank	PART
Timing	PART
Gear	PART
for	O
burrs	O
0	O
If	O
necessary	O
,	O
lightly	O
polish	OPER
it	O
with	O
fine	O
emery	TOOL
cloth	TOOL
0	O
2	O
0	O
Thoroughly	O
clean	OPER
all	O
parts	PART
with	O
Mineral	PART
Spirits	PART
0	O
3	O
0	O
Remove	OPER
the	O
four	QTY
-LRB-	O
4	O
-RRB-	O
hex	PART
plugs	PART
from	O
the	O
crankshaft	PART
and	O
thoroughly	O
clean	OPER
the	O
crankshaft	PART
with	O
Mineral	PART
Spirits	PART
0	O
Re-install	OPER
the	O
hex	PART
plugs	PART
with	O
Locktite	PART
#	ID
242	ID
0	O
4	O
0	O
Test	OPER
fit	O
the	O
prop	O
hub	O
0	O
The	O
prop	O
hub	O
should	O
not	O
slide	O
onto	RPOS
the	O
crankshaft	PART
0	O
5	O
0	O
Place	OPER
the	O
cleaned	PROP
crankshaft	PART
in	O
a	O
freezer	PART
at	O
least	O
12	O
hours	O
prior	O
to	O
assembly	OPER
0	O
6	O
0	O
Heat	OPER
an	O
oven	TOOL
to	O
450o	O
F.	O
Place	OPER
the	O
crank	PART
timing	PART
gear	PART
and	O
prop	PART
hub	PART
in	O
the	O
oven	TOOL
and	O
heat	O
for	O
60	O
minutes	O
0	O
7	O
0	O
Apply	OPER
an	O
even	O
coat	PART
of	O
white	PROP
lithium	PART
grease	PART
to	O
the	O
inside	RPOS
surface	O
of	O
bearing	PART
#	ID
1	ID
and	O
bearing	PART
#	ID
2	ID
from	O
the	O
Main	PART
Bearing	PART
Set	O
0	O
Assembly	OPER
Instructions	O
:	O
1	O
0	O
Install	OPER
the	O
Aft	PART
Woodruff	PART
Key	PART
into	RPOS
the	O
crankshaft	PART
0	O
Make	O
sure	O
it	O
is	O
fully	O
seated	RPOS
0	O
2	O
0	O
Slide	OPER
bearing	PART
#	ID
2	ID
-LRB-	O
with	O
an	O
even	O
coat	PART
of	O
white	PROP
lithium	PART
grease	PART
applied	O
to	O
the	O
inside	RPOS
surface	O
-RRB-	O
onto	RPOS
the	O
crankshaft	PART
with	O
the	O
machined	O
dot	O
-LRB-	O
arrow	O
in	O
photo	O
-RRB-	O
toward	RPOS
the	O
crankshaft	PART
's	O
counter-weight	PART
0	O
3	O
0	O
Install	OPER
the	O
Timing	PART
Gear	PART
with	O
the	O
two	QTY
machined	PART
dots	PART
-LRB-	O
arrow	O
in	O
photo	O
-RRB-	O
facing	RPOS
away	O
from	O
bearing	PART
#	O
2	O
0	O
4	O
0	O
Install	OPER
the	O
Retaining	PART
Ring	PART
in	O
the	O
groove	O
in	O
the	O
crank	PART
0	O
5	O
0	O
Enlarge	O
the	O
oil	PART
supply	O
hole	O
in	O
bearing	PART
#	ID
1	ID
by	O
updrilling	OPER
it	O
with	O
a	O
#	ID
30	ID
drill	PART
bit	PART
0	O
Remove	OPER
any	O
burrs	O
which	O
may	O
occur	O
while	O
drilling	OPER
0	O
6	O
0	O
Slide	OPER
bearing	PART
#	ID
1	ID
-LRB-	O
with	O
an	O
even	O
coat	PART
of	O
white	PROP
lithium	PART
grease	PART
applied	O
to	O
the	O
inside	RPOS
surface	O
-RRB-	O
onto	RPOS
the	O
crankshaft	PART
with	O
the	O
machined	PART
dot	PART
-LRB-	O
arrow	O
in	O
photo	O
-RRB-	O
toward	RPOS
the	O
retaining	PART
ring	PART
0	O
7	O
0	O
Slide	OPER
the	O
Oil	PART
Slinger	PART
onto	RPOS
the	O
crankshaft	PART
with	O
the	O
curved	PROP
-LRB-	O
concave	PROP
-RRB-	O
side	RPOS
of	O
the	O
slinger	PART
facing	RPOS
the	O
end	RPOS
of	O
the	O
crankshaft	PART
0	O
8	O
0	O
Install	OPER
the	O
Forward	PART
Woodruff	PART
Key	PART
into	RPOS
the	O
crankshaft	PART
0	O
9	O
0	O
Align	OPER
the	O
keyway	PART
of	O
the	O
Prop	PART
Hub	PART
with	O
the	O
forward	RPOS
woodruff	PART
key	PART
installed	OPER
in	O
the	O
crankshaft	PART
and	O
tap	OPER
the	O
prop	PART
hub	PART
into	RPOS
place	O
using	O
a	O
mallet	PART
and	O
block	PART
of	PART
wood	PART
0	O
The	O
prop	PART
hub	PART
must	O
be	O
tight	O
against	RPOS
the	O
oil	PART
slinger	PART
0	O
Immediately	O
install	OPER
prop	PART
hub	PART
Bushing	PART
and	O
Washer	PART
and	O
Bolt	PART
-LRB-	O
ACV-Z01-74	ID
-RRB-	O
0	O
Use	O
an	O
impact	TOOL
wrench	TOOL
to	O
tighten	OPER
the	O
bolt	PART
and	O
push	OPER
the	O
prop	PART
hub	PART
against	RPOS
the	O
oil	PART
slinger	PART
0	O
CAM	PART
ASSEMBLY	OPER
Instructions	O
:	O
Note	O
:	O
The	O
Assembly	O
Lube	O
provided	O
with	O
the	O
cam	PART
gear	PART
will	O
be	O
used	O
to	O
lubricate	O
the	O
valve	PART
lifters	PART
in	O
a	O
later	O
operation	O
0	O
Do	O
not	O
lubricate	OPER
the	O
cam	PART
shaft	PART
bolts	PART
as	O
instructed	O
on	O
the	O
assembly	PART
lube	PART
package	O
included	O
with	O
the	O
cam	PART
shaft	PART
0	O
Note	O
:	O
Cam	PART
shafts	PART
are	O
supplied	O
with	O
varying	QTY
hardware	O
,	O
all	O
of	O
which	O
is	O
acceptable	O
0	O
Use	O
the	O
hardware	O
supplied	O
with	O
the	O
cam	PART
to	O
attach	OPER
the	O
cam	PART
gear	PART
0	O
This	O
may	O
include	O
either	O
:	O
Cam	PART
Bolts	PART
with	O
integral	O
lock	PART
washers	PART
0	O
Cam	PART
bolts	PART
and	O
wavy	PART
spring	PART
washers	PART
0	O
Cam	PART
bolts	PART
and	O
tab	O
lock	PART
washers	PART
0	O
Note	O
:	O
While	O
not	O
common	O
,	O
slight	O
interference	O
between	RPOS
the	O
cam	PART
and	O
the	O
connecting	O
rods	PART
does	O
occasionally	O
occur	O
0	O
One	O
cause	O
of	O
this	O
interference	O
is	O
a	O
raised	O
edge	O
around	RPOS
the	O
numbers	O
stamped	O
in	O
the	O
shaft	PART
of	O
the	O
cam	O
0	O
Lightly	O
polishing	O
these	O
numbers	O
will	O
remove	OPER
the	O
raised	O
edge	O
and	O
eliminate	OPER
a	O
possible	O
source	O
of	O
interference	O
0	O
1	O
0	O
Align	OPER
the	O
machined	PART
dot	PART
on	O
the	O
face	O
of	O
the	O
Cam	PART
Gear	PART
-LRB-	O
arrow	O
in	O
photo	O
-RRB-	O
with	O
the	O
slot	PART
in	O
the	O
Cam	PART
Shaft	PART
0	O
Apply	OPER
Red	PROP
Locktite	PART
to	O
the	O
bolts	PART
and	O
install	OPER
the	O
bolts	PART
and	O
washers	PART
-LRB-	O
if	O
provided	O
-RRB-	O
0	O
2	O
0	O
Torque	OPER
the	O
bolts	PART
to	O
20	O
ft-lbs	O
0	O
3	O
0	O
If	O
tabbed	PROP
washers	PART
were	O
provided	O
with	O
your	O
cam	PART
shaft	PART
,	O
bend	OPER
the	O
tabs	PART
against	RPOS
the	O
bolt	PART
heads	PART
with	O
a	O
flat	PROP
blade	TOOL
screwdriver	TOOL
0	O
CONNECTING	PART
ROD	PART
ASSEMBLY	PART
Instructions	O
:	O
Note	O
:	O
Both	QTY
parts	O
of	O
each	O
connecting	PART
rod	PART
are	O
stamped	O
with	O
a	O
unique	O
number	O
,	O
identifying	O
them	O
as	O
matched	O
parts	O
0	O
The	O
connecting	PART
rods	PART
must	O
be	O
reassembled	OPER
as	O
matched	O
parts	O
,	O
with	O
the	O
numbers	O
together	O
as	O
shown	O
in	O
this	O
photograph	O
0	O
1	O
0	O
Remove	OPER
the	O
fastener	PART
from	O
each	O
Connecting	PART
Rod	PART
and	O
carefully	O
separate	OPER
the	O
two	QTY
parts	O
0	O
Do	O
not	O
scratch	OPER
or	O
score	O
the	O
machined	O
surface	O
of	O
the	O
connecting	PART
rods	PART
0	O
2	O
0	O
Wipe	OPER
the	O
mating	O
surfaces	O
of	O
the	O
connecting	PART
rods	PART
and	O
bearing	PART
halves	PART
so	O
they	O
are	O
free	O
of	O
oil	PART
and	O
dust	O
0	O
Install	OPER
the	O
bearing	PART
halves	PART
by	O
aligning	OPER
the	O
tab	O
on	O
each	O
bearing	PART
half	PART
with	O
the	O
notch	O
in	O
each	O
connecting	PART
rod	PART
and	O
pressing	OPER
the	O
bearing	PART
halves	PART
into	RPOS
place	RPOS
0	O
Note	O
:	O
The	O
clearance	O
between	RPOS
the	O
rod	PART
bearings	PART
and	O
rod	PART
journals	PART
must	O
be	O
between	O
2	DIM
''	DIM
and	O
0,0025	DIM
''	DIM
0	O
When	O
assembling	OPER
new	O
parts	O
,	O
as	O
provided	O
in	O
the	O
AeroVee	O
2,1	O
kit	O
,	O
the	O
proper	O
clearance	O
is	O
often	O
assumed	O
0	O
When	O
rebuilding	OPER
an	O
engine	PART
using	O
remanufactured	O
parts	O
,	O
this	O
clearance	O
must	O
be	O
checked	OPER
0	O
Detailed	O
instructions	O
for	O
checking	OPER
this	O
clearance	O
are	O
given	O
in	O
Tom	O
Wilson	O
's	O
book	O
``	O
How	O
to	O
Rebuild	OPER
Your	O
Volkswagen	O
Air	PART
Cooled	PART
Engine	PART
''	O
0	O
3	O
0	O
Apply	OPER
an	O
even	O
coat	PART
of	O
white	PROP
lithium	PART
grease	PART
to	O
the	O
exposed	O
surfaces	O
of	O
each	O
bearing	PART
half	PART
0	O
4	O
0	O
The	O
connecting	PART
rods	PART
are	O
attached	O
to	O
the	O
crankshaft	PART
,	O
as	O
shown	O
in	O
the	O
photo	O
below	O
,	O
with	O
the	O
stamped	O
numbers	O
facing	RPOS
up	RPOS
0	O
Be	O
sure	O
to	O
re-assemble	OPER
the	O
connecting	PART
rods	PART
as	O
matched	O
parts	O
0	O
5	O
0	O
ACV-P06-33	ID
Rods	PART
only	O
-LRB-	O
with	O
starred	PART
bolt	PART
and	O
nut	PART
-RRB-	O
:	O
Apply	OPER
Moly	PART
Lube	PART
to	O
each	O
rod	PART
bolt	PART
and	O
install	OPER
0	O
Torque	O
each	O
bolt	PART
as	O
follows	O
:	O
first	O
to	O
8	O
ft.-lbs	O
0	O
then	O
to	O
15	O
ft.-lbs	O
0	O
then	O
24	O
ft.-lbs	O
0	O
Then	O
the	O
final	O
torque	O
of	O
38	O
ft.-lbs	O
0	O
ACV-P01-33	ID
Rods	PART
only	O
-LRB-	O
with	O
hex	PART
bolt	PART
-RRB-	O
:	O
Apply	OPER
``	O
Red	PROP
''	O
Locktite	PART
-LRB-	O
or	O
,	O
if	O
supplied	O
with	O
your	O
rods	PART
,	O
ARP	O
Ultra-Torque	O
-RRB-	O
to	O
the	O
threads	O
of	O
each	O
rod	PART
bolt	PART
and	O
install	OPER
0	O
Torque	O
each	O
bolt	PART
in	O
four	QTY
steps	O
:	O
first	O
to	O
8	O
ft.-lbs	O
0	O
then	O
to	O
15	O
ft.-lbs	O
0	O
then	O
24	O
ft.-lbs	O
0	O
Then	O
the	O
final	O
torque	O
of	O
30	O
ft.-lbs	O
0	O
6	O
0	O
Check	OPER
each	O
connecting	PART
rod	PART
for	O
freedom	O
of	O
movement	O
and	O
5	DIM
''	DIM
to	O
0,02	DIM
''	DIM
side	O
clearance	O
0	O
CRANK	PART
CASE	PART
PREPARATION	O
Preparation	O
:	O
1	O
0	O
Separate	OPER
the	O
case	PART
halves	PART
and	O
thoroughly	O
clean	OPER
them	O
with	O
mineral	PART
spirits	PART
0	O
Remove	OPER
all	O
traces	O
of	O
metal	O
chips	O
and	O
dust	O
from	O
the	O
case	O
0	O
Pay	O
particular	O
attention	O
to	O
removing	O
metal	O
chips	O
which	O
still	O
cling	O
to	O
the	O
edge	O
of	O
machined	O
surfaces	O
-LRB-	O
see	O
photo	O
-RRB-	O
and	O
to	O
casting	O
slag	O
on	O
the	O
inside	RPOS
of	O
the	O
case	O
which	O
may	O
dislodge	O
after	O
the	O
engine	PART
is	O
in	O
service	O
0	O
2	O
0	O
If	O
you	O
are	O
painting	O
the	O
case	O
,	O
now	O
is	O
the	O
best	O
time	O
to	O
do	O
so	O
0	O
Mask	O
off	O
all	O
machined	O
surfaces	O
,	O
mating	O
surfaces	O
,	O
and	O
holes	O
before	O
painting	O
0	O
Assembly	OPER
Instructions	O
:	O
1	O
0	O
Install	OPER
the	O
head	PART
studs	PART
as	O
shown	O
in	O
the	O
photos	O
below	RPOS
0	O
2	O
0	O
Lay	O
the	O
case	PART
on	O
it	O
's	O
side	RPOS
so	O
the	O
oil	PART
pressure	O
relief	PART
ports	PART
in	O
the	O
bottom	RPOS
of	O
the	O
case	PART
are	O
accessible	O
0	O
3	O
0	O
Find	O
the	O
oil	PART
pressure	PART
relief	PART
plungers	PART
-LRB-	O
2	O
-RRB-	O
,	O
springs	PART
-LRB-	O
1	O
long	PROP
,	O
1	O
short	PROP
-RRB-	O
,	O
metal	O
gaskets	PART
-LRB-	O
2	O
-RRB-	O
and	O
retaining	PART
plugs	PART
-LRB-	O
2	O
-RRB-	O
in	O
the	O
Case	PART
Kit	O
0	O
Note	O
:	O
The	O
remainder	O
of	O
the	O
case	PART
kit	O
may	O
be	O
discarded	O
as	O
it	O
is	O
not	O
needed	O
on	O
the	O
AeroVee	O
0	O
4	O
0	O
Insert	OPER
the	O
grooved	O
plunger	O
,	O
lightly	O
lubricated	PART
with	O
motor	PART
oil	PART
,	O
solid	O
end	O
first	O
into	RPOS
the	O
oil	PART
pressure	PART
relief	PART
port	PART
in	O
the	O
bottom	RPOS
of	O
the	O
case	PART
near	RPOS
the	O
prop	PART
hub	PART
0	O
Note	O
:	O
The	O
plungers	PART
must	O
move	O
freely	O
in	O
the	O
passages	O
0	O
If	O
they	O
do	O
not	O
,	O
clean	OPER
the	O
plungers	PART
with	O
fine	O
emery	TOOL
cloth	TOOL
until	O
they	O
do	O
0	O
5	O
0	O
Insert	OPER
the	O
long	PROP
spring	PART
behind	O
the	O
grooved	PROP
plunger	PART
0	O
6	O
0	O
Place	OPER
a	O
metal	O
gasket	PART
on	O
a	O
retaining	PART
plug	PART
and	O
screw	OPER
the	O
plug	PART
into	RPOS
the	O
relief	PART
port	PART
0	O
7	O
0	O
Insert	OPER
the	O
non-grooved	PROP
plunger	PART
,	O
lightly	O
lubricated	O
with	O
motor	PART
oil	PART
,	O
solid	O
end	O
first	O
into	RPOS
the	O
oil	PART
pressure	PART
relief	PART
port	PART
in	O
the	O
bottom	RPOS
of	O
the	O
case	PART
near	RPOS
the	O
flywheel	PART
0	O
8	O
0	O
Insert	OPER
the	O
short	PROP
spring	PART
behind	RPOS
the	O
non-grooved	PROP
plunger	PART
0	O
9	O
0	O
Place	OPER
a	O
metal	O
gasket	PART
on	O
a	O
retaining	PART
plug	PART
and	O
screw	OPER
the	O
plug	PART
into	RPOS
the	O
relief	PART
port	PART
0	O
10	O
0	O
Install	OPER
the	O
Main	PART
Bearing	PART
Stud	PART
Seals	PART
-LRB-	O
Qty	O
0	O
6	O
-RRB-	O
from	O
the	O
Gasket	PART
Set	O
-LRB-	O
ACV-P02-15	ID
-RRB-	O
0	O
The	O
seals	PART
slide	OPER
over	RPOS
the	O
6	O
large	PROP
studs	PART
in	O
the	O
right	RPOS
case	PART
half	PART
0	O
11	O
0	O
Wipe	OPER
clean	OPER
the	O
case	PART
journals	PART
and	O
the	O
back	RPOS
of	O
each	O
Cam	PART
Bearing	PART
and	O
install	OPER
the	O
bearings	PART
in	O
the	O
left	RPOS
half	O
of	O
the	O
case	PART
0	O
The	O
following	O
photos	O
show	O
where	O
each	O
bearing	PART
is	O
installed	O
0	O
12	O
0	O
The	O
flanged	O
cam	PART
bearing	PART
for	O
the	O
right	RPOS
case	O
half	O
must	O
have	O
its	O
alignment	O
tab	O
filed	O
off	O
0	O
File	O
the	O
tab	O
off	O
with	O
a	O
fine	O
file	O
0	O
13	O
0	O
Wipe	OPER
clean	OPER
the	O
case	PART
journals	PART
and	O
the	O
back	RPOS
of	O
each	O
Cam	PART
Bearing	PART
and	O
install	OPER
the	O
bearings	PART
in	O
the	O
right	RPOS
half	O
of	O
the	O
case	PART
0	O
The	O
following	O
photos	O
show	O
where	O
each	O
bearing	PART
is	O
installed	O
0	O
14	O
0	O
Test	O
fit	O
each	O
Valve	PART
Lifter	PART
in	O
a	O
guide	O
0	O
The	O
lifters	PART
must	O
slide	OPER
freely	O
in	O
the	O
guides	O
0	O
If	O
a	O
lifter	PART
sticks	O
,	O
clean	OPER
the	O
guide	O
with	O
very	O
fine	O
emery	TOOL
cloth	TOOL
0	O
After	O
test-fitting	O
,	O
liberally	O
lubricate	OPER
each	O
lifter	PART
with	O
white	PROP
lithium	PART
grease	PART
and	O
install	OPER
them	O
in	O
their	O
guides	O
0	O
15	O
0	O
Test	O
fit	O
the	O
Cam	PART
Shaft	PART
in	O
each	O
case	O
half	O
to	O
make	O
sure	O
there	O
is	O
clearance	O
between	O
the	O
lobes	PART
of	O
the	O
camshaft	PART
and	O
each	O
valve	PART
lifter	PART
0	O
Interference	O
between	O
the	O
cam	PART
shaft	PART
and	O
a	O
lifter	PART
must	O
be	O
investigated	O
0	O
16	O
0	O
Install	OPER
four	QTY
-LRB-	O
4	O
-RRB-	O
Dowel	PART
Pins	PART
in	O
the	O
right	RPOS
case	PART
half	O
0	O
Make	O
sure	O
they	O
are	O
fully	O
inserted	O
0	O
17	O
0	O
Install	OPER
one	QTY
-LRB-	O
1	O
-RRB-	O
Dowel	PART
Pin	PART
in	O
the	O
left	RPOS
case	PART
half	O
0	O
Make	O
sure	O
it	O
is	O
fully	O
inserted	O
0	O
18	O
0	O
Install	OPER
one	O
half	O
of	O
the	O
Split	O
Main	PART
Bearing	PART
-LRB-	O
from	O
Main	PART
Bearing	PART
Set	O
,	O
ACV-P01-57	ID
-RRB-	O
into	RPOS
the	O
middle	RPOS
journal	PART
of	O
each	O
case	O
half	O
,	O
carefully	O
aligning	O
the	O
recess	O
in	O
the	O
bearing	PART
with	O
the	O
dowel	PART
pin	PART
in	O
the	O
journal	PART
0	O
A	O
light	O
tap	OPER
may	O
be	O
required	O
to	O
properly	O
seat	RPOS
each	O
bearing	PART
half	O
0	O
19	O
0	O
Apply	OPER
an	O
even	O
coat	PART
of	O
white	PROP
lithium	PART
grease	PART
to	O
all	O
of	O
the	O
cam	PART
bearings	PART
and	O
main	PART
bearings	PART
0	O
CRANK	PART
CASE	PART
ASSEMBLY	PART
Instructions	O
:	O
1	O
0	O
Apply	OPER
a	O
coat	PART
of	O
white	PROP
lithium	PART
grease	PART
to	O
the	O
inside	RPOS
of	O
Main	PART
Bearing	PART
#	ID
4	ID
and	O
slide	OPER
it	O
onto	RPOS
the	O
end	RPOS
of	O
the	O
crank	PART
shaft	PART
assembly	PART
0	O
Make	O
sure	O
the	O
dowel	PART
pin	PART
hole	O
is	O
toward	RPOS
the	O
end	RPOS
of	O
the	O
crankshaft	PART
0	O
2	O
0	O
Carefully	O
set	OPER
the	O
crank	PART
shaft	PART
assembly	PART
into	RPOS
right	RPOS
case	PART
half	O
0	O
Make	O
sure	O
dowel	PART
pin	PART
hole	O
in	O
each	O
bearing	PART
is	O
aligned	RPOS
with	O
the	O
dowel	PART
pins	PART
in	O
the	O
case	PART
half	O
,	O
and	O
the	O
crankshaft	PART
assembly	PART
is	O
fully	O
seated	RPOS
in	O
the	O
case	PART
half	O
0	O
3	O
0	O
Important	O
!	O
Temporarily	O
mate	OPER
the	O
case	PART
halves	PART
and	O
rotate	OPER
the	O
crankshaft	PART
0	O
Listen	O
and	O
``	O
feel	O
''	O
for	O
a	O
knock	O
which	O
may	O
indicate	O
the	O
case	PART
is	O
interfering	O
with	O
the	O
connecting	O
rods	PART
0	O
If	O
interference	O
is	O
detected	O
:	O
3a	O
0	O
Disassemble	OPER
the	O
case	PART
halves	O
and	O
identify	OPER
the	O
location	O
of	O
the	O
interference	O
0	O
3b	O
0	O
Remove	OPER
crank	PART
assembly	PART
0	O
3c	O
0	O
Taking	O
care	O
not	O
to	O
get	O
grinding	O
dust	O
on	O
other	O
parts	O
,	O
use	O
a	O
remove	O
case	O
material	O
to	O
provide	O
at	O
least	O
45	DIM
''	DIM
clearance	O
0	O
Dremel-style	O
motor	PART
tools	O
work	O
well	O
for	O
this	O
operation	O
0	O
3d	O
0	O
Reinstall	OPER
the	O
crankshaft	PART
assembly	PART
and	O
repeat	OPER
step	O
3	O
until	O
all	O
interference	O
is	O
eliminated	O
0	O
4	O
0	O
Apply	OPER
a	O
small	QTY
amount	QTY
of	O
cam	PART
assembly	PART
lubricant	PART
to	O
each	O
valve	PART
lifter	PART
0	O
5	O
0	O
Align	OPER
the	O
single	QTY
dot	O
on	O
the	O
gear	PART
of	O
the	O
cam	PART
shaft	PART
assembly	PART
with	O
the	O
two	QTY
dots	O
on	O
the	O
gear	PART
of	O
the	O
crankshaft	PART
assembly	PART
and	O
rotate	OPER
the	O
cam	PART
down	RPOS
into	RPOS
the	O
cam	PART
bearings	PART
in	O
the	O
right	RPOS
case	PART
half	O
0	O
After	O
seating	OPER
the	O
camshaft	PART
in	O
the	O
bearing	PART
,	O
make	O
sure	O
the	O
dots	O
still	O
align	O
as	O
shown	O
in	O
photo	O
5a	O
0	O
6	O
0	O
impoRTAnT	O
!	O
Make	O
sure	O
the	O
main	PART
bearings	PART
of	O
the	O
crankshaft	PART
are	O
still	O
fully	O
seated	RPOS
on	O
the	O
dowel	PART
pins	PART
in	O
the	O
case	PART
half	PART
0	O
7	O
0	O
Align	OPER
the	O
8	O
holes	O
in	O
the	O
center	RPOS
of	O
the	O
flywheel	PART
with	O
the	O
dowel	PART
pins	PART
on	O
the	O
end	RPOS
of	O
the	O
crankshaft	PART
0	O
The	O
hole	O
pattern	O
permits	O
the	O
flywheel	PART
to	O
be	O
installed	O
in	O
only	O
one	O
position	O
0	O
8	O
0	O
The	O
flywheel	PART
is	O
a	O
tight	O
fit	O
onto	RPOS
the	O
crankshaft	PART
0	O
It	O
must	O
go	O
on	O
squarely	O
0	O
If	O
it	O
binds	O
,	O
remove	OPER
it	O
and	O
lightly	O
polish	OPER
the	O
dowel	PART
pins	PART
with	O
fine	O
emery	TOOL
cloth	TOOL
0	O
Once	O
the	O
flywheel	PART
has	O
been	O
started	O
by	O
hand	O
,	O
complete	OPER
the	O
installation	OPER
by	O
tightening	OPER
the	O
gland	PART
with	O
an	O
impact	TOOL
wrench	TOOL
0	O
9	O
0	O
Push	OPER
the	O
crankshaft	PART
towards	RPOS
the	O
back	RPOS
-LRB-	O
flywheel	PART
end	O
-RRB-	O
of	O
the	O
engine	PART
and	O
,	O
with	O
a	O
feeler	TOOL
gauge	TOOL
,	O
measure	OPER
the	O
gap	O
between	RPOS
the	O
flywheel	PART
and	O
the	O
rear	PART
main	PART
bearing	PART
0	O
Record	O
this	O
measurement	O
in	O
the	O
``	O
Shim	PART
Chart	O
''	O
0	O
10	O
0	O
Complete	OPER
the	O
shim	PART
chart	O
by	O
subtracting	O
6	DIM
''	DIM
from	O
gap	PART
recorded	O
in	O
step	O
9	O
0	O
This	O
is	O
the	O
total	O
thickness	O
of	O
shims	PART
you	O
will	O
use	O
to	O
set	O
the	O
proper	O
end	O
play	O
0	O
11	O
0	O
Clean	OPER
the	O
end	O
shims	PART
with	O
a	O
mild	PROP
solvent	PART
to	O
remove	OPER
the	O
preservative	O
0	O
12	O
0	O
Select	OPER
any	O
combination	O
of	O
three	QTY
to	O
five	QTY
shims	PART
which	O
most	O
closely	O
equals	QTY
the	O
``	O
Shim	PART
Thickness	O
''	O
determined	O
in	O
step	O
10	O
0	O
13	O
0	O
Check	OPER
your	O
shim	PART
selection	O
by	O
sliding	OPER
the	O
shims	PART
,	O
together	O
with	O
a	O
feeler	TOOL
gauge	TOOL
,	O
between	RPOS
the	O
flywheel	PART
and	O
the	O
main	PART
bearing	PART
0	O
You	O
should	O
have	O
between	O
3	DIM
''	DIM
and	O
6	DIM
''	DIM
of	O
end	O
play	O
0	O
If	O
necessary	O
,	O
adjust	OPER
your	O
shim	PART
selection	O
to	O
achieve	O
the	O
required	O
end	O
play	O
of	O
3	DIM
''	DIM
to	O
6	DIM
''	DIM
0	O
Set	OPER
the	O
shims	PART
aside	O
for	O
later	O
installation	O
0	O
14	O
0	O
Remove	OPER
the	O
gland	PART
nut	PART
and	O
flywheel	PART
from	O
the	O
crank	PART
shaft	PART
0	O
It	O
may	O
be	O
necessary	O
to	O
use	O
a	O
flywheel	TOOL
puller	TOOL
0	O
15	O
0	O
Carefully	O
align	OPER
the	O
Cam	PART
Plug	PART
,	O
with	O
its	O
closed	O
-LRB-	O
flat	PROP
-RRB-	O
end	O
out	O
,	O
and	O
install	OPER
it	O
in	O
the	O
cam	PART
plug	PART
bore	PART
at	O
the	O
flywheel	PART
end	O
of	O
the	O
case	PART
0	O
Note	O
:	O
Most	O
cases	PART
have	O
a	O
smooth	PROP
cam	PART
bore	PART
for	O
a	O
``	O
ribbed	PROP
''	O
plug	PART
0	O
Some	O
cases	PART
have	O
a	O
groove	O
in	O
the	O
cam	PART
bore	PART
for	O
a	O
cam	PART
plug	PART
with	O
a	O
raised	O
bead	O
0	O
16	O
0	O
Apply	OPER
Permatex	PART
Aviation	O
Form-A-Gasket	O
#	ID
3	ID
or	O
Flange	PART
Sealant	PART
to	O
the	O
mating	O
surfaces	O
of	O
the	O
case	O
halves	O
0	O
Apply	OPER
according	O
to	O
the	O
product	O
manufacturer	O
's	O
instructions	O
0	O
Apply	O
sparingly	O
0	O
17	O
0	O
Note	O
:	O
While	O
assembling	OPER
the	O
case	PART
halves	PART
,	O
the	O
lifters	PART
in	O
the	O
left	RPOS
half	O
will	O
want	O
to	O
slide	OPER
out	O
0	O
This	O
can	O
be	O
minimized	O
by	O
giving	O
them	O
each	O
a	O
heavy	O
coat	PART
of	O
white	PROP
lithium	PART
grease	PART
0	O
Assemble	OPER
the	O
two	QTY
case	PART
halves	PART
by	O
placing	OPER
the	O
left	RPOS
half	O
over	RPOS
the	O
right	O
half	O
0	O
Gently	O
tap	OPER
the	O
left	O
half	O
with	O
a	O
rubber	TOOL
mallet	TOOL
to	O
seat	OPER
it	O
against	RPOS
the	O
right	RPOS
half	O
of	O
the	O
case	PART
0	O
18	O
0	O
Place	OPER
one	O
ACV-Z01-28	ID
washer	O
and	O
one	O
ACV-Z01-75	ID
12mm	O
elastic	O
stop	PART
nut	PART
on	O
each	O
of	O
the	O
six	QTY
large	PROP
studs	PART
0	O
do	O
not	O
tighten	OPER
the	O
nuts	PART
at	O
this	O
time	O
0	O
19	O
0	O
In	O
the	O
order	O
shown	O
in	O
the	O
photo	O
above	RPOS
,	O
torque	O
the	O
6	O
large	PROP
nuts	PART
to	O
15	O
foot-pounds	O
0	O
20	O
0	O
Check	OPER
for	O
free	O
movement	O
of	O
the	O
crankshaft	PART
0	O
If	O
interference	O
is	O
detected	O
,	O
identify	OPER
the	O
source	O
of	O
the	O
interference	O
-LRB-	O
most	O
likely	O
poorly	O
seated	O
main	O
or	O
cam	PART
bearings	PART
-RRB-	O
0	O
Note	O
:	O
If	O
the	O
connecting	PART
rods	PART
are	O
not	O
held	O
near	RPOS
their	O
normal	O
operating	O
position	O
while	O
checking	O
for	O
interference	O
,	O
you	O
may	O
experience	O
interference	O
which	O
does	O
not	O
exist	O
on	O
an	O
assembled	O
engine	PART
0	O
21	O
0	O
In	O
the	O
order	O
shown	O
in	O
the	O
photo	O
,	O
re-torque	O
the	O
6	O
large	PROP
nuts	PART
to	O
25	O
foot-pounds	O
0	O
do	O
not	O
exceed	O
25	O
foot-pounds	O
0	O
22	O
0	O
Check	OPER
for	O
free	O
movement	O
of	O
the	O
crankshaft	PART
,	O
as	O
described	O
in	O
step	O
20	O
0	O
23	O
0	O
Apply	OPER
Permatex	PART
Aviation	O
Form-A-Gasket	O
#	ID
3	ID
to	O
two	QTY
-LRB-	O
2	O
-RRB-	O
ACV-Z01-26	O
washers	PART
and	O
place	OPER
them	O
over	RPOS
the	O
cam	PART
shaft	PART
studs	PART
the	O
lower	RPOS
left	RPOS
side	RPOS
of	O
the	O
engine	PART
0	O
24	O
0	O
Install	OPER
an	O
ACV-Z01-23	ID
stop	PART
nut	PART
on	O
each	O
cam	PART
shaft	PART
stud	PART
and	O
lightly	O
tighten	OPER
0	O
25	O
0	O
Install	OPER
an	O
ACV-Z01-26	ID
washer	PART
and	O
ACV-Z01-23	ID
stop	PART
nut	PART
on	O
the	O
remaining	O
-LRB-	O
10	QTY
-RRB-	O
studs	PART
on	O
the	O
perimeter	O
of	O
the	O
case	PART
0	O
Lightly	O
tighten	OPER
each	O
nut	PART
0	O
26	O
0	O
Install	OPER
and	O
lightly	O
tighten	PART
an	O
ACV-Z01-16	ID
hex	PART
head	PART
cap	PART
screw	PART
,	O
two	QTY
-LRB-	O
2	O
-RRB-	O
ACV-Z01-26	ID
washers	PART
,	O
and	O
an	O
ACVZ01-23	ID
stop	PART
nut	PART
in	O
each	O
of	O
the	O
three	QTY
through-holes	O
which	O
serve	O
to	O
join	RPOS
to	O
two	QTY
case	PART
halves	O
0	O
Minimal	O
thread	O
engagement	O
is	O
normal	O
0	O
Nuts	PART
will	O
be	O
flush	O
with	O
ends	O
of	O
screws	PART
0	O
27	O
0	O
Torque	O
the	O
two	QTY
cam	PART
nuts	PART
-LRB-	O
from	O
step	O
24	O
-RRB-	O
to	O
10	O
ft.-lbs	O
0	O
28	O
0	O
Torque	O
the	O
remaining	O
case	PART
assembly	PART
nuts	PART
-LRB-	O
from	O
steps	O
25	O
and	O
26	O
-RRB-	O
to	O
13	O
ft-lbs	O
0	O
There	O
is	O
no	O
defined	O
order	O
for	O
torquing	O
these	O
nuts	PART
0	O
29	O
0	O
Check	OPER
for	O
free	O
movement	O
of	O
the	O
crankshaft	PART
,	O
as	O
described	O
in	O
step	O
20	O
0	O
PISTON	O
&	O
CYLINDER	PART
ASSEMBLY	OPER
Instructions	O
:	O
IMPORTANT	O
:	O
Pistons	PART
and	O
pins	PART
have	O
been	O
matched	O
to	O
within	O
5	WGT
grams	WGT
0	O
Keep	O
each	O
piston	PART
and	O
pin	PART
together	O
as	O
a	O
set	O
0	O
1	O
0	O
Remove	OPER
a	O
piston	PART
ring	PART
from	O
each	O
piston	PART
and	O
slide	OPER
it	O
squarely	O
inside	RPOS
it	O
's	O
matched	O
cylinder	PART
0	O
Measure	O
the	O
gap	O
between	RPOS
the	O
ends	O
of	O
the	O
ring	PART
-	O
it	O
should	O
be	O
between	O
12	DIM
''	DIM
-22	DIM
''	DIM
0	O
Re-install	OPER
the	O
ring	PART
on	O
the	O
piston	PART
0	O
2	O
0	O
Re-install	OPER
the	O
piston	PART
into	O
the	O
cylinder	PART
using	O
a	O
ring	TOOL
compressor	TOOL
0	O
3	O
0	O
Slide	OPER
one	O
piston	PART
and	O
cylinder	PART
assembly	PART
into	RPOS
place	O
on	O
the	O
crank	PART
case	PART
0	O
Install	OPER
the	O
piston	PART
pin	O
and	O
make	O
sure	O
the	O
cylinder	PART
is	O
well	O
seated	RPOS
0	O
4	O
0	O
Bring	OPER
the	O
piston	PART
to	O
Top	RPOS
Dead	O
Center	RPOS
0	O
5	O
0	O
Measure	O
the	O
deck	O
height	O
-LRB-	O
distance	O
be	O
tween	O
the	O
top	O
of	O
the	O
piston	PART
and	O
the	O
top	RPOS
of	O
the	O
cylinder	PART
-RRB-	O
0	O
If	O
the	O
piston	PART
is	O
below	RPOS
the	O
top	RPOS
of	O
the	O
cylinder	PART
you	O
have	O
a	O
positive	O
-LRB-	O
+	O
-RRB-	O
deck	O
height	O
0	O
If	O
the	O
piston	PART
is	O
higher	O
than	O
the	O
top	RPOS
of	O
the	O
cylinder	PART
,	O
you	O
have	O
a	O
negative	O
-LRB-	O
-	O
-RRB-	O
deck	O
height	O
0	O
Use	O
your	O
measured	O
deck	O
height	O
to	O
determine	O
which	O
cylinder	PART
shims	PART
are	O
required	O
from	O
the	O
chart	O
on	O
page	O
21	O
0	O
6	O
0	O
Remove	OPER
the	O
cylinder	PART
and	O
piston	PART
assembly	PART
from	O
the	O
case	PART
0	O
7	O
0	O
Apply	OPER
a	O
light	O
coat	PART
of	O
motor	PART
oil	PART
to	O
the	O
outside	RPOS
of	O
each	O
piston	PART
and	O
the	O
inner	RPOS
wall	O
of	O
each	O
cylinder	PART
0	O
8	O
0	O
Install	OPER
the	O
cylinder	PART
shims	PART
-LRB-	O
as	O
required	O
,	O
see	O
chart	O
on	O
next	O
page	O
-RRB-	O
onto	O
each	O
cylinder	PART
0	O
Align	OPER
the	O
shims	PART
so	O
they	O
match	O
the	O
reliefs	O
in	O
the	O
cylinder	PART
for	O
the	O
case	PART
studs	PART
0	O
9	O
0	O
Apply	OPER
Permatex	PART
Aviation	O
Form-A-Gasket	O
No.	O
3	O
Sealant	PART
to	O
the	O
shims	PART
and	O
base	O
of	O
cylinder	PART
0	O
10	O
0	O
Rotate	OPER
the	O
crank	PART
to	O
bring	O
a	O
connecting	PART
rod	PART
to	O
top	RPOS
dead	O
center	RPOS
-	O
this	O
eases	O
installation	O
of	O
the	O
piston	PART
and	O
cylinder	PART
0	O
11	O
0	O
Note	O
:	O
The	O
arrow	O
on	O
each	O
piston	PART
face	O
points	O
to	O
the	O
flywheel	PART
end	O
of	O
the	O
engine	PART
0	O
Partially	O
slide	OPER
the	O
cylinder	PART
over	RPOS
the	O
head	PART
studs	PART
0	O
Push	OPER
the	O
piston	PART
out	O
the	O
bottom	RPOS
of	O
the	O
cylinder	PART
just	O
far	O
enough	O
to	O
attach	OPER
the	O
piston	PART
to	O
the	O
connecting	PART
rod	PART
with	O
a	O
piston	PART
pin	PART
,	O
and	O
secure	OPER
the	O
pin	PART
in	O
place	O
with	O
a	O
snap	PART
ring	PART
on	O
each	O
side	RPOS
of	O
the	O
piston	PART
pin	O
0	O
Note	O
:	O
The	O
snap	PART
rings	PART
were	O
included	O
in	O
the	O
piston/cylinder	O
box	O
0	O
12	O
0	O
Remove	OPER
excessive	O
sealant	PART
and	O
tap	OPER
the	O
cylinder	PART
with	O
a	O
rubber	TOOL
mallet	TOOL
to	O
seat	OPER
it	O
in	O
position	O
0	O
13	O
0	O
Repeat	OPER
steps	O
10	O
through	O
12	O
for	O
the	O
other	O
cylinders	PART
0	O
14	O
0	O
Install	OPER
the	O
super	O
tin	O
-LRB-	O
below	RPOS
-RRB-	O
under	RPOS
the	O
cylinders	PART
and	O
cylinder	PART
head	PART
0	O
It	O
``	O
snaps	O
''	O
in	O
place	O
with	O
the	O
dividing	PART
rib	PART
between	O
the	O
cylinders	PART
and	O
the	O
cylinder	PART
head	PART
0	O
See	O
photo	O
at	O
right	O
0	O
CYLINDER	PART
HEAD	PART
INSTALLATION	O
Assembly	O
Instructions	O
:	O
Important	O
:	O
The	O
cylinder	PART
heads	PART
will	O
contain	O
debris	O
from	O
machining	O
0	O
You	O
must	O
clean	OPER
and	O
inspect	OPER
the	O
cylinder	PART
heads	PART
for	O
debris	O
before	O
installing	O
them	O
0	O
Note	O
:	O
The	O
process	O
of	O
machining	O
the	O
spark	PART
lug	PART
holes	O
for	O
the	O
secondary	O
ignitionoften	O
damages	O
neighboring	O
cooling	O
fins	O
0	O
Missing	O
finsis	O
normal	O
0	O
You	O
may	O
wish	O
to	O
sand/file	O
the	O
rough	O
edges	O
to	O
make	O
them	O
smooth	O
0	O
Note	O
:	O
``	O
Grooves	O
''	O
in	O
the	O
seat	PART
of	O
the	O
secondary	O
ignition	PART
sparkplug	PART
hole	O
are	O
normal	O
and	O
do	O
not	O
impact	O
the	O
seal	PART
of	O
the	O
spark	PART
plug	PART
washer	PART
1	O
0	O
Install	OPER
Push	PART
Rods	PART
Seals	PART
-LRB-	O
from	O
Gasket	PART
Set	OPER
-RRB-	O
on	O
each	O
end	O
of	O
the	O
Push	OPER
Rod	PART
Tubes	PART
0	O
Expand	OPER
the	O
bellows	O
end	O
of	O
each	O
push	OPER
rod	PART
tube	PART
slightly	O
0	O
This	O
will	O
improve	O
the	O
seal	PART
between	RPOS
the	O
push	PART
rod	PART
tubes	PART
,	O
engine	PART
case	PART
,	O
and	O
cylinder	PART
heads	PART
0	O
2	O
0	O
Insert	O
Cylinder	PART
Head	PART
Gaskets	PART
into	RPOS
Head	PART
Assemblies	PART
0	O
3	O
0	O
Align	OPER
the	O
cylinder	PART
head	PART
with	O
the	O
engine	PART
studs	PART
and	O
cylinders	PART
and	O
then	O
install	OPER
the	O
push	PART
rod	PART
tubes	PART
0	O
Check	OPER
alignment	O
of	O
Push	OPER
Rod	PART
Tubes	PART
and	O
barrels	PART
as	O
you	O
push	OPER
the	O
cylinder	PART
head	PART
into	O
place	O
0	O
4	O
0	O
Place	OPER
washers	PART
and	O
retaining	PART
nuts	PART
-LRB-	O
from	O
the	O
head	PART
stud	PART
kit	O
-RRB-	O
onto	RPOS
the	O
head	PART
studs	PART
0	O
Tighten	OPER
in	O
sequence	O
shown	O
in	O
drawings	O
A	O
and	O
B	O
,	O
below	RPOS
0	O
Torque	O
sequence	O
must	O
be	O
used	O
to	O
prevent	O
the	O
head	O
from	O
warping	O
0	O
5	O
0	O
Perform	OPER
this	O
step	O
only	O
if	O
the	O
cylinder	PART
head	PART
has	O
an	O
o-ring	O
recess	O
at	O
the	O
base	O
of	O
the	O
stud	PART
0	O
Install	OPER
O-ring	PART
-LRB-	O
from	O
Gasket	PART
Set	O
-RRB-	O
onto	RPOS
the	O
two	QTY
head	PART
studs	PART
that	O
hold	O
the	O
rocker	PART
assembly	PART
in	O
place	O
0	O
ROCKER	PART
SHAFT	PART
INSTALLATION	O
Assembly	O
Instructions	O
:	O
Note	O
:	O
Pre-assembled	O
rocker	PART
assemblies	PART
often	O
need	O
to	O
be	O
disassembled	O
for	O
proper	O
installation	O
0	O
1	O
0	O
Assemble	O
the	O
rocker	PART
shafts	PART
with	O
the	O
gap	O
in	O
the	O
rocker	PART
blocks	PART
facing	RPOS
the	O
cupped	O
end	O
of	O
the	O
rocker	PART
arms	PART
and	O
the	O
thin	O
shims	PART
evenly	O
distributed	O
0	O
2	O
0	O
Turn	OPER
each	O
adjuster	O
fully	O
counter-clockwise	O
until	O
the	O
pad	O
lightly	O
contacts	O
the	O
rocker	O
arm	O
,	O
and	O
then	O
turn	O
it	O
back	O
clockwise	O
1,5	O
turns	O
0	O
Note	O
:	O
Steps	O
3	O
through	O
19	O
apply	O
to	O
one	O
side	O
of	O
the	O
engine	O
at	O
a	O
time	O
and	O
will	O
be	O
repeated	O
for	O
each	RPOS
side	RPOS
0	O
3	O
0	O
Place	OPER
a	O
square	TOOL
spacer	TOOL
from	O
the	O
rocker	PART
arm	PART
package	O
over	RPOS
each	O
of	O
the	O
rocker	PART
shaft	PART
mounting	PART
studs	PART
on	O
a	O
cylinder	PART
head	PART
0	O
4	O
0	O
Place	OPER
a	O
rocker	PART
assembly	PART
over	RPOS
the	O
mounting	PART
studs	PART
and	O
inspect	OPER
for	O
interference	O
between	RPOS
the	O
rocker	PART
arm	PART
assembly	PART
and	O
the	O
head	PART
studs	PART
0	O
If	O
the	O
rocker	PART
arm	PART
assembly	PART
contacts	O
the	O
head	PART
studs	PART
,	O
trim	OPER
the	O
ends	O
of	O
the	O
head	O
studs	O
to	O
remove	OPER
the	O
interference	O
0	O
The	O
spacers	PART
placed	O
under	O
the	O
rocker	PART
blocks	PART
influence	O
the	O
alignment	O
of	O
the	O
rocker	PART
arm	PART
swivel	PART
pads	PART
to	O
the	O
valve	PART
tip	O
0	O
Proper	O
alignment	O
is	O
achieved	O
when	O
the	O
flat	PROP
of	O
the	O
swivel	PART
pad	PART
is	O
partially	O
off-center	O
from	O
the	O
valve	PART
stem	PART
0	O
This	O
is	O
typically	O
achieved	O
with	O
1	O
or	O
2	O
shims	PART
under	RPOS
each	O
rocker	PART
block	PART
0	O
5	O
0	O
Observe	OPER
the	O
lateral	O
alignment	O
of	O
each	O
swivel	PART
pad	PART
to	O
its	O
corresponding	O
valve	PART
stem	PART
0	O
Arrange	OPER
the	O
spacers	PART
on	O
the	O
rocker	PART
shaft	PART
,	O
between	RPOS
each	O
rocker	PART
arm	PART
and	O
mounting	PART
block	PART
,	O
as	O
needed	O
to	O
get	O
each	O
swivel	PART
pad	PART
properly	O
aligned	O
0	O
It	O
is	O
acceptable	O
to	O
have	O
no	O
spacer	PART
between	O
components	O
if	O
that	O
will	O
achieve	O
the	O
proper	O
alignment	O
between	O
the	O
valve	PART
stem	PART
and	O
the	O
swivel	PART
pad	PART
0	O
This	O
slight	O
offset	O
rotates	O
the	O
valve	PART
a	O
small	O
amount	O
each	O
time	O
it	O
opens	O
,	O
improving	O
the	O
life	O
of	O
the	O
valve	PART
train	PART
0	O
6	O
0	O
Torque	O
the	O
hex	PART
head	PART
cap	PART
screws	PART
on	O
the	O
end	RPOS
of	O
the	O
rocker	PART
shaft	PART
assembly	PART
to	O
25	O
foot-pounds	O
0	O
7	O
0	O
Remove	OPER
the	O
rocker	PART
assembly	PART
from	O
the	O
cylinder	PART
head	PART
0	O
8	O
0	O
Slide	OPER
the	O
pushrod	PART
length	O
tool	O
into	O
a	O
pushrod	PART
tube	PART
until	O
it	O
engages	O
the	O
lifter	PART
in	O
the	O
case	O
0	O
9	O
0	O
Rotate	O
the	O
crank	PART
until	O
the	O
pushrod	PART
reaches	O
the	O
bottom	RPOS
of	O
it	O
's	O
travel	O
0	O
10	O
0	O
Re-install	OPER
the	O
rocker	PART
shaft	PART
assembly	PART
and	O
secure	O
it	O
with	O
the	O
retaining	PART
nuts	PART
included	O
with	O
the	O
valve	PART
covers	PART
0	O
Torque	O
the	O
nuts	PART
to	O
14	O
foot-pounds	O
0	O
11	O
0	O
Adjust	OPER
the	O
length	O
of	O
the	O
pushrod	PART
tool	O
until	O
it	O
is	O
engaging	O
the	O
lifter	PART
,	O
is	O
seated	RPOS
in	O
the	O
cup	PART
of	O
the	O
rocker	PART
arm	PART
,	O
and	O
is	O
holding	O
the	O
rocker	PART
arm	PART
swivel	PART
pad	PART
against	RPOS
the	O
tip	O
of	O
valve	PART
stem	PART
0	O
12	O
0	O
Remove	OPER
the	O
rocker	PART
arm	PART
assembly	PART
0	O
13	O
0	O
Remove	OPER
the	O
pushrod	PART
length	O
tool	O
without	O
disturbing	O
it	O
's	O
setting	O
0	O
The	O
pushrod	PART
length	O
tool	O
is	O
set	O
for	O
the	O
over-all	O
length	O
of	O
the	O
four	QTY
-LRB-	O
4	O
-RRB-	O
pushrods	PART
for	O
that	O
side	O
of	O
the	O
engine	PART
0	O
Note	O
:	O
It	O
is	O
not	O
necessary	O
to	O
measure	O
and	O
trim	O
each	O
pushrod	PART
individually	O
,	O
however	O
,	O
it	O
may	O
be	O
beneficial	O
to	O
determine	O
the	O
pushrod	PART
lengths	O
for	O
each	O
side	O
of	O
the	O
engine	PART
individually	O
0	O
14	O
0	O
Allow	OPER
for	O
the	O
length	O
of	O
the	O
pushrod	PART
tip	O
and	O
trim	OPER
the	O
pushrod	PART
bodies	O
as	O
needed	O
0	O
15	O
0	O
Make	O
sure	O
the	O
inside	O
of	O
each	O
pushrod	PART
is	O
clean	O
0	O
16	O
0	O
Press	O
a	O
tip	O
onto	RPOS
each	O
of	O
the	O
trimmed	PROP
pushrods	PART
0	O
The	O
end	O
of	O
the	O
pushrod	PART
body	O
may	O
be	O
heated	O
if	O
necessary	O
,	O
but	O
do	O
not	O
apply	O
excessive	O
localized	O
heat	O
0	O
17	O
0	O
Apply	O
white	PROP
lithium	PART
grease	PART
to	O
the	O
end	O
of	O
each	O
pushrod	PART
and	O
slide	OPER
them	O
into	RPOS
the	O
pushrod	PART
tubes	PART
0	O
18	O
0	O
Re-install	OPER
the	O
rocker	PART
assembly	PART
,	O
carefully	O
aligning	OPER
the	O
pushrods	PART
with	O
the	O
cups	PART
of	O
the	O
rocker	PART
arms	PART
0	O
19	O
0	O
Install	OPER
the	O
rocker	PART
assembly	PART
retaining	PART
nuts	PART
and	O
torque	O
them	O
to	O
14	O
ft-lbs	O
0	O
20	O
0	O
Repeat	O
steps	O
3	O
through	O
19	O
0	O
OIL	PART
SCREEN	O
INSTALLATION	O
Assembly	O
Instructions	O
:	O
1	O
0	O
Install	OPER
a	O
gasket	PART
from	O
the	O
oil	PART
change	O
kit	O
over	RPOS
the	O
studs	PART
in	O
the	O
oil	PART
sump	O
0	O
2	O
0	O
Install	OPER
the	O
oil	PART
screen	O
0	O
3	O
0	O
Install	OPER
the	O
second	O
gasket	PART
from	O
the	O
oil	PART
change	O
kit	O
over	RPOS
the	O
oil	PART
screen	PART
0	O
4	O
0	O
Install	OPER
the	O
steel	PART
bottom	RPOS
plate	PART
,	O
or	O
optional	O
ACV-P02-20	ID
Oil	PART
Sump	PART
Plate	PART
,	O
with	O
the	O
6	DIM
mm	DIM
copper	PART
washers	PART
from	O
the	O
oil	PART
change	O
kit	O
and	O
the	O
6	DIM
mm	DIM
nuts	O
from	O
the	O
shakeproof	PROP
nut	PART
kit	O
0	O
Do	O
not	O
over-tighten	O
these	O
nuts	PART
0	O
0r	O
Install	OPER
the	O
optional	O
ACV-P02-20	ID
Oil	PART
Sump	PART
Plate	PART
with	O
the	O
provided	O
6	DIM
mm	DIM
copper	PART
washers	PART
and	O
acorn	PART
nuts	PART
0	O
You	O
may	O
also	O
use	O
the	O
elastic	PART
stop	PART
nuts	PART
from	O
the	O
Shakeproof	PROP
nut	PART
kit	O
instead	O
of	O
the	O
acorn	PART
nuts	PART
0	O
5	O
0	O
Install	OPER
the	O
oil	PART
drain	PART
plug	PART
and	O
included	O
metal/copper	O
gaskets	PART
,	O
or	O
the	O
optional	O
oil	O
temp	O
sender	O
w/gasket	O
0	O
Note	O
:	O
On	O
engine	PART
cases	PART
requiring	O
an	O
ACV-P01-12	ID
Oil	PART
Temperature	O
Plate	PART
it	O
is	O
recommended	O
that	O
an	O
oil	O
temperature	O
sender	O
be	O
installed	OPER
in	O
that	O
plate	PART
rather	O
than	O
the	O
oil	PART
screen	PART
0	O
See	O
``	O
Block-Off	O
Plates	PART
and	O
Plugs	PART
''	O
,	O
page	O
30	O
0	O
Note	O
:	O
It	O
is	O
not	O
uncommon	O
to	O
have	O
to	O
deform	O
the	O
oil	PART
screen	PART
when	O
installing	OPER
the	O
optional	O
oil	PART
temp	O
sender	O
0	O
OIL	PART
PUMP	PART
INSTALLATION	O
Assembly	O
Instructions	O
1	O
0	O
Measure	O
the	O
clearance	O
between	RPOS
the	O
pump	PART
gears	PART
and	O
the	O
pump	PART
cover	PART
0	O
Proper	O
clearance	O
is	O
0	DIM
''	DIM
to	O
4	DIM
''	DIM
0	O
Tighter	O
is	O
better	O
0	O
Clearances	O
greater	O
than	O
4	DIM
''	DIM
will	O
result	O
in	O
reduced	O
oil	PART
pressure	O
0	O
2	O
0	O
Install	OPER
oil	PART
pump	PART
gasket	PART
under	RPOS
the	O
oil	PART
pump	PART
housing	PART
and	O
align	OPER
pump	PART
housing	PART
with	O
oil	O
galley	PART
ports	PART
0	O
3	O
0	O
Tap	OPER
oil	PART
pump	PART
housing	PART
into	RPOS
place	O
with	O
a	O
plastic	TOOL
mallet	TOOL
0	O
4	O
0	O
Liberally	O
grease	OPER
the	O
top	RPOS
gear	PART
and	O
install	OPER
it	O
,	O
making	O
sure	O
it	O
engages	O
the	O
cam	PART
0	O
5	O
0	O
Liberally	O
grease	OPER
and	O
install	OPER
the	O
free	O
running	O
bottom	RPOS
gear	PART
0	O
6	O
0	O
Apply	O
a	O
very	O
thin	O
coat	PART
of	O
Aviation	O
Form-A-Gasket	O
or	O
Flange	PART
Sealant	PART
to	O
the	O
oil	PART
pump	PART
cover	PART
0	O
If	O
installing	OPER
the	O
ported	O
oil	PART
pump	PART
,	O
make	O
sure	O
the	O
oil	PART
passages	O
are	O
aligned	O
properly	O
-LRB-	O
see	O
photo	O
,	O
next	O
column	O
-RRB-	O
0	O
Important	O
!	O
Failure	O
to	O
properly	O
align	O
the	O
passages	O
in	O
the	O
ported	O
cover	O
plate	O
will	O
result	O
in	O
low	O
oil	PART
pressure	O
and	O
engine	PART
damage	O
0	O
7	O
0	O
Install	OPER
the	O
4	O
mount	PART
bolts	PART
and	O
torque	O
them	O
to	O
14	O
ft-lbs	O
0	O
Oil	O
Cooler	PART
Installation	O
Installation	O
of	O
an	O
oil	PART
cooler	PART
is	O
described	O
in	O
the	O
Appendix	O
of	O
this	O
manual	O
0	O
All	O
oil	PART
cooler	PART
installations	O
must	O
use	O
threaded	O
AN	O
fittings	O
and	O
high	O
quality	O
-6	O
hose	O
0	O
Operation	O
Without	O
an	O
Oil	PART
Cooler	PART
To	O
operate	O
your	O
AeroVee	O
without	O
an	O
oil	O
cooler	PART
you	O
must	O
either	O
run	O
a	O
loop	O
of	O
-6	O
hose	O
from	O
the	O
output	O
side	RPOS
of	O
the	O
ported	O
pump	PART
to	O
the	O
input	O
side	RPOS
of	O
the	O
ported	O
pump	PART
,	O
or	O
replace	OPER
the	O
entire	O
pump	PART
with	O
the	O
ACV-P01-56	ID
Straight	O
-LRB-	O
unported	O
-RRB-	O
Pump	O
0	O
Important	O
:	O
do	O
not	O
plug	O
the	O
output	O
and	O
input	O
ports	O
of	O
a	O
ported	O
pump	PART
with	O
plugs	PART
0	O
This	O
will	O
prevent	O
oil	PART
flow	O
and	O
cause	O
significant	O
engine	PART
damage	O
0	O
Important	O
:	O
do	O
not	O
replace	O
a	O
ported	O
pump	PART
cover	PART
with	O
a	O
non-ported	O
cover	PART
0	O
This	O
will	O
prevent	O
oil	PART
flow	O
and	O
cause	O
significant	O
engine	PART
damage	O
0	O
Additional	O
information	O
on	O
installing	O
oil	PART
coolers	PART
can	O
be	O
found	O
in	O
Appendix	O
A	O
of	O
this	O
manual	O
0	O
OIL	O
SEAL	O
INSTALLATION	O
Assembly	O
Instructions	O
Note	O
:	O
The	O
correct	O
number	O
and	O
thickness	O
of	O
end	O
shims	PART
was	O
determined	O
in	O
Crank	PART
Case	PART
Assembly	O
,	O
page	O
17	O
0	O
1	O
0	O
Clean	O
the	O
oil	PART
seal	O
bore	O
of	O
excessive	O
sealant	O
,	O
particularly	O
around	O
near	RPOS
the	O
case	PART
parting	O
lines	O
0	O
2	O
0	O
Install	OPER
the	O
end	O
shims	PART
over	RPOS
the	O
flywheel	PART
end	O
of	O
the	O
crank	PART
0	O
3	O
0	O
Apply	O
a	O
light	O
coat	PART
of	O
High	O
Temperature	O
RTV	O
Silicone	PART
Gasket	PART
Maker	O
to	O
the	O
outside	RPOS
diameter	O
of	O
the	O
oil	PART
seal	PART
and	O
install	OPER
the	O
seal	PART
0	O
A	O
VW	O
seal	PART
installation	O
tool	O
may	O
be	O
used	O
for	O
best	O
results	O
,	O
however	O
the	O
seal	O
can	O
also	O
be	O
lightly	O
tapped	O
in	O
place	O
if	O
care	O
is	O
used	O
0	O
4	O
0	O
Wipe	OPER
off	O
any	O
excess	O
sealant	PART
0	O
FIREWALL	O
PREPARATION	O
Before	O
the	O
engine	PART
is	O
installed	O
on	O
the	O
engine	PART
mount	O
,	O
the	O
firewall	O
should	O
be	O
prepared	O
0	O
This	O
includes	O
mounting	O
the	O
AeroVee	O
's	O
secondary	O
ignition	PART
coils	PART
and	O
voltage	PART
regulator	PART
0	O
Though	O
not	O
part	O
of	O
the	O
AeroVee	O
kit	O
,	O
careful	O
consideration	O
must	O
be	O
given	O
to	O
the	O
placement	O
of	O
the	O
gascolator	PART
,	O
battery	PART
box	PART
,	O
master	PART
solenoid	PART
,	O
and	O
other	O
firewall-mounted	O
components	O
to	O
avoid	O
interference	O
with	O
the	O
engine	PART
installation	O
and	O
assure	O
ease	O
of	O
maintenance	O
0	O
Voltage	PART
Regulator	PART
Installation	O
Note	O
:	O
The	O
voltage	PART
regulator	PART
must	O
be	O
grounded	O
0	O
In	O
a	O
typical	O
installation	O
the	O
regulator	PART
will	O
be	O
grounded	O
through	O
the	O
hardware	O
which	O
secures	O
it	O
to	O
the	O
firewall	O
0	O
If	O
your	O
installation	O
uses	O
non-conductive	O
materials	O
for	O
the	O
firewall	O
,	O
or	O
for	O
the	O
mounting	O
of	O
the	O
regulator	PART
,	O
dedicated	O
ground	O
wires	PART
will	O
be	O
necessary	O
between	RPOS
the	O
regulator	PART
and	O
a	O
suitable	O
ground	O
point	O
0	O
1	O
0	O
Mount	OPER
the	O
voltage	PART
regulator	PART
to	O
the	O
firewall	O
in	O
a	O
location	O
which	O
allows	O
easy	O
connection	O
of	O
the	O
wires	PART
from	O
the	O
alternator	PART
0	O
The	O
use	O
of	O
3/8	DIM
''	DIM
long	O
stand-offs	O
-LRB-	O
aluminum	O
or	O
bronze	PART
tubing	PART
-RRB-	O
is	O
recommended	O
to	O
space	O
the	O
regulator	PART
away	O
from	O
the	O
firewall	O
0	O
Wiring	PART
the	O
alternator	PART
to	O
the	O
voltage	PART
regulator	PART
is	O
described	O
later	O
in	O
this	O
manual	O
0	O
Secondary	O
Ignition	PART
Coil	PART
Installation	O
Note	O
:	O
The	O
ignition	PART
coils	PART
must	O
be	O
grounded	O
0	O
In	O
a	O
typical	O
installation	O
the	O
coils	PART
will	O
be	O
grounded	O
through	O
the	O
hardware	O
which	O
secures	O
them	O
to	O
the	O
firewall	O
0	O
If	O
your	O
installation	O
uses	O
non-conductive	O
materials	O
for	O
the	O
firewall	O
,	O
or	O
for	O
mounting	O
the	O
coils	PART
,	O
dedicated	O
ground	O
wires	PART
will	O
be	O
necessary	O
between	O
the	O
coils	PART
and	O
a	O
suitable	O
ground	O
point	O
0	O
1	O
0	O
Mount	OPER
the	O
ignition	PART
coils	PART
-LRB-	O
ACV-A01-25	ID
-RRB-	O
to	O
the	O
firewall	O
in	O
a	O
location	O
which	O
allows	O
easy	O
connection	O
of	O
the	O
lower	RPOS
spark	PART
plug	PART
wires	PART
0	O
The	O
use	O
of	O
3/4	DIM
''	DIM
long	O
stand-offs	O
-LRB-	O
aluminum	O
or	O
bronze	PART
tubing	PART
-RRB-	O
is	O
recommended	O
to	O
space	O
the	O
coils	PART
away	O
from	O
the	O
firewall	O
0	O
MOUNTING	O
the	O
ENGINE	O
Sonex	O
Aircraft	O
Airframes	O
Bolting	O
the	O
engine	PART
to	O
the	O
engine	PART
mount	PART
is	O
shown	O
in	O
detail	O
in	O
the	O
``	O
Engine	PART
Installation	O
,	O
AeroVee	O
''	O
drawing	O
of	O
your	O
airframe	PART
plans	O
and	O
on	O
the	O
next	O
page	O
of	O
this	O
manual	O
,	O
however	O
,	O
these	O
few	O
notes	O
may	O
save	O
you	O
some	O
time	O
0	O
All	O
Airframes	O
Mount	O
Bushings	PART
The	O
engine	PART
mount	PART
bushings	PART
will	O
go	O
on	O
the	O
engine	PART
mount	PART
much	O
easier	O
if	O
they	O
lightly	O
lubricated	O
with	O
soapy	O
water	O
0	O
Lifting	O
the	O
engine	PART
When	O
lifting	O
the	O
engine	PART
into	O
place	O
care	O
must	O
be	O
taken	O
to	O
make	O
sure	O
the	O
pushrod	PART
tubes	PART
are	O
not	O
damaged	O
0	O
Installing	O
the	O
mount	PART
Bolts	PART
The	O
head	O
of	O
the	O
mounting	PART
bolts	PART
may	O
be	O
inserted	O
in	O
either	O
direction	O
0	O
A	O
typical	O
engine	PART
mount	PART
and	O
shock-rubber	O
installation	O
0	O
A	O
minimum	O
of	O
two	QTY
ACV-Z01-40	ID
washers	PART
-LRB-	O
1/8	DIM
''	DIM
thick	O
total	O
,	O
minimum	O
-RRB-	O
must	O
be	O
placed	O
against	RPOS
the	O
front	RPOS
bushing	PART
0	O
Additional	O
washers	PART
may	O
be	O
used	O
as	O
needed	O
,	O
and	O
washers	PART
may	O
be	O
used	O
behind	RPOS
the	O
rear	RPOS
bushings	PART
as	O
spacers	PART
to	O
shim	PART
the	O
thrust	O
line	O
as	O
needed	O
0	O
MAGNATRON	PART
IGNITION	PART
WIRING	PART
Magnatron	PART
Circuit	PART
Basics	O
The	O
magnatron	PART
is	O
a	O
very	O
simple	O
ignition	PART
system	PART
,	O
however	O
,	O
understanding	O
the	O
circuit	PART
wiring	PART
is	O
often	O
confusing	O
0	O
Unlike	O
most	O
other	O
electrical	O
devices	O
,	O
when	O
the	O
switch	O
is	O
``	O
Off	O
''	O
the	O
Magnatron	PART
circuit	PART
is	O
closed	O
and	O
the	O
Magnatrons	PART
are	O
disabled	O
0	O
When	O
the	O
switch	O
is	O
``	O
On	O
''	O
the	O
ground	O
path	O
is	O
open	O
and	O
the	O
Magnatrons	PART
become	O
operational	O
0	O
Magnatron	PART
Wiring	PART
The	O
Magnatron	PART
ignition	PART
should	O
be	O
controlled	O
by	O
a	O
single	O
Dual	O
Pole	O
,	O
Single	O
Throw	O
-LRB-	O
DPST	O
-RRB-	O
toggle	PART
switch	PART
0	O
To	O
check	OPER
for	O
proper	O
switch	PART
installation	O
:	O
A.	O
Place	O
the	O
switch	PART
in	O
the	O
down	O
-LRB-	O
``	O
Off	O
''	O
-RRB-	O
position	O
0	O
B.	O
Place	O
an	O
ohmmeter	TOOL
across	RPOS
a	O
pair	O
of	O
the	O
switches	PART
'	O
terminals	PART
0	O
If	O
there	O
is	O
no	O
resistance	O
-LRB-	O
0	O
ohms	O
-RRB-	O
between	RPOS
the	O
terminals	PART
,	O
the	O
switch	PART
is	O
properly	O
oriented	O
in	O
the	O
panel	PART
0	O
If	O
the	O
resistance	O
is	O
infinite	O
,	O
the	O
switch	PART
is	O
``	O
On	O
''	O
and	O
needs	O
to	O
be	O
rotated	O
180-degrees	O
in	O
the	O
panel	PART
for	O
proper	O
installation	O
0	O
1	O
0	O
Attach	OPER
a	O
20	O
gauge	O
-LRB-	O
minimum	O
-RRB-	O
ground	O
wire	PART
to	O
the	O
body	O
of	O
each	O
magnatron	PART
0	O
The	O
ground	O
wire	PART
may	O
be	O
attached	O
to	O
a	O
magnatron	PART
mounting	PART
bolt	PART
,	O
or	O
to	O
one	O
of	O
the	O
``	O
studs	PART
''	O
-LRB-	O
A	O
-RRB-	O
on	O
the	O
metal	O
frame	PART
0	O
Attach	OPER
the	O
other	O
end	O
of	O
the	O
ground	O
wire	O
to	O
a	O
suitable	O
ground	O
on	O
the	O
engine	PART
block	PART
0	O
Do	O
not	O
attach	OPER
the	O
ground	O
wire	PART
to	O
the	O
``	O
p-Lead	O
''	O
terminal	O
-LRB-	O
``	O
B	O
''	O
,	O
photo	O
below	O
-RRB-	O
0	O
This	O
terminal	O
must	O
only	O
be	O
used	O
for	O
the	O
ignition	PART
switch	PART
wiring	PART
0	O
2	O
0	O
Attach	OPER
a	O
20	O
gauge	O
-LRB-	O
minimum	O
-RRB-	O
wire	PART
between	O
a	O
DPST	O
ignition	PART
switch	PART
and	O
the	O
P-Lead	O
terminal	PART
-LRB-	O
B	O
-RRB-	O
of	O
each	O
magnatron	PART
0	O
3	O
0	O
Attach	OPER
a	O
20-gauge	O
-LRB-	O
minimum	O
-RRB-	O
wire	PART
between	RPOS
the	O
remaining	O
terminals	O
of	O
the	O
DPST	O
switch	PART
and	O
an	O
appropriate	O
airframe	PART
ground	O
0	O
4	O
0	O
Slide	OPER
a	O
spark	PART
plug	PART
boot	PART
over	RPOS
the	O
end	O
of	O
each	O
spark	PART
plug	PART
wire	O
0	O
5	O
0	O
Attach	OPER
the	O
top	RPOS
Magnatron	PART
's	O
spark	PART
plug	PART
wires	PART
to	O
the	O
upper	RPOS
front	RPOS
spark	PART
plugs	PART
0	O
6	O
0	O
Attach	OPER
the	O
bottom	PART
Magnatron	PART
's	O
spark	PART
plug	PART
wires	PART
to	O
the	O
upper	RPOS
rear	RPOS
spark	PART
plugs	PART
0	O
ELECTRONIC	PART
IGNITION	PART
WIRING	PART
Top	RPOS
Trigger	PART
Wiring	PART
1	O
0	O
Black	PROP
wire	PART
-LRB-	O
ground	O
-RRB-	O
0	O
Attach	OPER
to	O
any	O
ground	O
point	O
0	O
The	O
ground	O
wires	PART
from	O
both	O
the	O
top	RPOS
trigger	PART
and	O
bottom	RPOS
trigger	PART
can	O
share	O
the	O
same	O
ground	O
point	O
0	O
2	O
0	O
Red	PROP
wire	PART
-LRB-	O
12	O
V	O
-RRB-	O
0	O
Attach	OPER
to	O
rear	RPOS
terminal	PART
screw	PART
of	O
right	RPOS
hand	PART
coil	PART
-LRB-	O
terminal	PART
``	O
B	O
''	O
in	O
photo	O
-RRB-	O
0	O
3	O
0	O
Orange	PROP
wire	PART
-LRB-	O
Trigger	PART
-RRB-	O
0	O
Attach	OPER
to	O
the	O
front	RPOS
terminal	PART
-LRB-	O
terminal	O
``	O
A	O
''	O
in	O
photo	O
-RRB-	O
of	O
right	RPOS
hand	PART
coil	PART
0	O
Bottom	RPOS
Trigger	PART
Wiring	PART
1	O
0	O
Black	PROP
wire	PART
-LRB-	O
ground	O
-RRB-	O
0	O
Attach	OPER
to	O
any	O
ground	O
point	O
0	O
The	O
ground	O
wires	PART
from	O
both	O
the	O
top	RPOS
trigger	PART
and	O
bottom	RPOS
trigger	PART
can	O
share	O
the	O
same	O
ground	O
point	O
0	O
2	O
0	O
Red	PROP
wire	PART
-LRB-	O
12	O
V	O
-RRB-	O
0	O
Attach	OPER
to	O
the	O
rear	RPOS
terminal	PART
screw	PART
of	O
left	RPOS
coil	PART
-LRB-	O
terminal	PART
``	O
C	O
''	O
in	O
photo	O
-RRB-	O
0	O
3	O
0	O
Orange	PROP
wire	PART
-LRB-	O
Trigger	PART
-RRB-	O
0	O
Attach	OPER
to	O
the	O
front	RPOS
terminal	PART
-LRB-	O
terminal	PART
``	O
D	O
''	O
in	O
photo	O
-RRB-	O
of	O
left	RPOS
coil	PART
0	O
Coil	PART
Wiring	PART
1	O
0	O
Connect	OPER
an	O
18	O
ga.	O
wire	PART
between	RPOS
terminals	PART
``	O
B	O
''	O
and	O
``	O
C	O
''	O
0	O
This	O
is	O
a	O
jumper	O
for	O
the	O
12	O
V	O
power	PART
supply	PART
wire	PART
0	O
2	O
0	O
From	O
the	O
ignition	PART
switch	PART
,	O
run	O
an	O
18	O
ga.	O
wire	PART
through	O
a	O
10	O
amp	PART
fuse	PART
and	O
connect	OPER
the	O
wire	PART
to	O
terminal	PART
``	O
B	O
''	O
of	O
the	O
right	RPOS
coil	PART
0	O
3	O
0	O
The	O
coils	PART
must	O
be	O
grounded	O
0	O
In	O
a	O
typical	O
installation	O
the	O
coils	PART
will	O
be	O
grounded	O
through	RPOS
the	O
hardware	O
which	O
secures	O
them	O
to	O
the	O
firewall	O
0	O
If	O
your	O
installation	O
uses	O
non-conductive	O
materials	O
for	O
the	O
firewall	O
,	O
or	O
for	O
the	O
mounting	O
of	O
the	O
coils	O
,	O
dedicated	O
ground	O
wires	PART
will	O
be	O
necessary	O
between	RPOS
the	O
coils	PART
and	O
a	O
suitable	O
ground	O
point	O
0	O
SPARK	PART
PLUG	PART
WIRES	PART
Assembly	O
Instructions	O
:	O
important	O
:	O
The	O
factory	O
crimped	O
ends	O
of	O
each	O
wire	PART
will	O
be	O
re-used	O
0	O
When	O
cutting	O
the	O
wires	PART
to	O
the	O
correct	O
length	O
,	O
do	O
not	O
cut	O
the	O
crimped	O
ends	O
off	O
0	O
Note	O
:	O
Extra	O
wires	PART
have	O
been	O
included	O
with	O
your	O
kit	O
0	O
It	O
is	O
possible	O
to	O
wire	PART
your	O
secondary	PART
ignition	PART
with	O
a	O
single	O
package	O
of	O
spark	PART
plug	PART
wires	PART
,	O
leaving	O
the	O
second	O
set	O
for	O
spares	O
0	O
1	O
0	O
Determine	O
the	O
length	O
for	O
each	O
spark	PART
plug	PART
wire	PART
0	O
The	O
front	RPOS
,	O
lower	RPOS
plug	PART
wires	PART
attach	O
to	O
the	O
right	RPOS
coil	PART
0	O
The	O
rear	RPOS
,	O
lower	RPOS
plug	PART
wires	PART
attach	O
to	O
the	O
left	RPOS
coil	PART
0	O
The	O
pre-crimped	O
ends	O
are	O
kept	O
in	O
place	O
for	O
the	O
spark	PART
plugs	PART
0	O
Cut	O
the	O
wires	PART
to	O
the	O
correct	O
length	O
0	O
2	O
0	O
Slide	OPER
a	O
boot	O
-LRB-	O
included	O
with	O
ACV-A01-24	ID
-RRB-	O
over	RPOS
the	O
cut	O
end	O
of	O
each	O
spark	PART
plug	PART
wire	PART
0	O
3	O
0	O
Remove	OPER
the	O
black	PROP
outer	RPOS
jacket	PART
and	O
the	O
white	PROP
insulation	PART
core	PART
to	O
expose	O
a	O
3/8	DIM
''	DIM
length	DIM
of	O
the	O
inner	RPOS
conductor	PART
0	O
4	O
0	O
Fold	OPER
the	O
conductor	PART
over	RPOS
the	O
jacket	PART
and	O
crimp	O
a	O
metal	O
connector	PART
in	O
place	O
0	O
The	O
end	O
of	O
the	O
cable	O
must	O
come	O
to	O
the	O
hole	O
in	O
the	O
connector	PART
0	O
5	O
0	O
Slide	OPER
the	O
boot	O
over	O
the	O
connector	PART
0	O
This	O
is	O
the	O
end	O
of	O
the	O
cable	PART
which	O
attaches	O
to	O
the	O
coil	PART
0	O
6	O
0	O
Attach	OPER
the	O
spark	PART
plug	PART
wires	PART
to	O
the	O
coils	PART
and	O
spark	PART
plugs	PART
0	O
ELECTRONIC	O
IGNITION	O
TIMING	O
Timing	O
Basics	O
The	O
electronic	O
-LRB-	O
secondary	O
-RRB-	O
ignition	O
is	O
timed	O
to	O
match	O
the	O
Magnatron	PART
-LRB-	O
primary	O
-RRB-	O
ignition	O
,	O
which	O
is	O
fixed	O
at	O
28	O
degrees	O
BTDC	O
0	O
Accurate	O
timing	O
is	O
accomplished	O
when	O
the	O
two	QTY
ignition	PART
systems	PART
are	O
firing	O
as	O
one	O
,	O
which	O
is	O
indicated	O
by	O
little	O
or	O
no	O
difference	O
in	O
engine	PART
RPM	O
when	O
switching	O
between	O
ignition	PART
systems	PART
0	O
The	O
trigger	PART
cap	PART
-LRB-	O
A	O
-RRB-	O
of	O
the	O
secondary	PART
ignition	PART
system	PART
rotates	O
to	O
make	O
timing	O
adjustments	O
0	O
It	O
is	O
locked	O
in	O
position	O
by	O
a	O
socket	PART
head	PART
cap	PART
screw	PART
-LRB-	O
D	O
-RRB-	O
0	O
When	O
the	O
magnet	PART
in	O
the	O
trigger	PART
cap	PART
passes	O
by	O
the	O
sensor	PART
in	O
the	O
triggers	PART
-LRB-	O
C	O
-RRB-	O
,	O
it	O
fires	O
the	O
spark	PART
plugs	PART
0	O
The	O
location	O
of	O
the	O
magnet	PART
in	O
the	O
trigger	PART
cap	PART
is	O
marked	O
with	O
a	O
line	O
-LRB-	O
B	O
-RRB-	O
0	O
Timing	O
the	O
Secondary	O
Ignition	O
Important	O
:	O
The	O
secondary	O
ignition	O
will	O
spark	O
when	O
the	O
ignition	O
is	O
on	O
and	O
the	O
trigger	PART
magnet	PART
passes	O
by	O
the	O
sensor	PART
0	O
This	O
can	O
cause	O
ignition	O
0	O
Avoid	O
serious	O
injury	O
or	O
death	O
by	O
turning	O
off	O
the	O
fuel	O
,	O
ignition	PART
switch	PART
,	O
and	O
master	PART
switch	PART
and	O
remaining	O
clear	O
of	O
the	O
propeller	O
while	O
timing	O
the	O
ignition	O
0	O
Initial	O
timing	O
is	O
achieved	O
by	O
aligning	O
the	O
right	RPOS
edge	O
of	O
the	O
magnet	PART
shoe	PART
on	O
the	O
flywheel	PART
-LRB-	O
E	O
,	O
photo	O
below	O
-RRB-	O
with	O
the	O
right	RPOS
edge	O
of	O
the	O
top	RPOS
Magnatron	PART
-LRB-	O
F	O
-RRB-	O
and	O
then	O
rotating	O
the	O
trigger	PART
cap	PART
-LRB-	O
A	O
-RRB-	O
until	O
the	O
mark	O
on	O
the	O
cap	O
-LRB-	O
B	O
,	O
previous	O
column	O
-RRB-	O
is	O
centered	RPOS
under	RPOS
the	O
sensor	PART
-LRB-	O
C	O
-RRB-	O
of	O
the	O
upper	RPOS
trigger	PART
0	O
The	O
following	O
steps	O
detail	O
this	O
process	O
0	O
The	O
black	PROP
/	O
white	PROP
line	O
on	O
the	O
right	RPOS
shows	O
how	O
the	O
top	RPOS
Magnatron	PART
and	O
magnet	PART
shoe	PART
on	O
the	O
flywheel	PART
align	O
prior	O
to	O
setting	O
the	O
secondary	O
ignition	O
timing	O
0	O
For	O
clarity	O
these	O
parts	O
are	O
shown	O
removed	O
from	O
the	O
engine	PART
0	O
1	O
0	O
Turn	OPER
off	OPER
the	O
aircraft	O
's	O
Master	PART
switch	PART
,	O
secondary	O
ignition	PART
switch	PART
and	O
fuel	PART
valve	PART
0	O
2	O
0	O
Pull	OPER
the	O
cockpit	PART
mixture	PART
control	PART
to	O
``	O
Idle	O
Cut-off	OPER
''	O
0	O
3	O
0	O
Rotate	OPER
the	O
crank	PART
until	O
the	O
right	RPOS
edge	O
of	O
the	O
magnet	PART
shoe	PART
on	O
the	O
flywheel	PART
-LRB-	O
E	O
,	O
above	RPOS
-RRB-	O
is	O
aligned	O
with	O
the	O
right	RPOS
edge	O
of	O
the	O
top	RPOS
Magnatron	PART
-LRB-	O
F	O
,	O
above	RPOS
-RRB-	O
0	O
Look	O
down	RPOS
between	RPOS
the	O
accessory	PART
plate	PART
and	O
the	O
rear	RPOS
flange	PART
of	O
the	O
engine	PART
case	O
to	O
check	OPER
the	O
alignment	O
of	O
the	O
top	RPOS
Magnatron	PART
to	O
magnet	PART
shoe	PART
on	O
the	O
flywheel	PART
0	O
4	O
0	O
Loosen	OPER
the	O
socket	PART
head	PART
cap	PART
screw	PART
-LRB-	O
D	O
-RRB-	O
and	O
rotate	OPER
the	O
magnet	PART
cap	PART
-LRB-	O
A	O
-RRB-	O
until	O
the	O
mark	O
on	O
the	O
magnet	PART
cap	PART
-LRB-	O
B	O
-RRB-	O
is	O
centered	RPOS
under	RPOS
the	O
sensor	PART
-LRB-	O
C	O
-RRB-	O
of	O
the	O
upper	PART
trigger	PART
0	O
5	O
0	O
Tighten	OPER
the	O
socket	PART
head	PART
cap	PART
screw	PART
0	O
Ground	O
Check	OPER
0	O
Running	O
the	O
engine	PART
and	O
performing	O
a	O
mag	O
check	OPER
will	O
indicate	O
the	O
accuracy	O
of	O
the	O
timing	O
of	O
the	O
secondary	O
ignition	O
0	O
A	O
mag	O
check	O
at	O
1600	O
-	O
2000	O
RPM	O
should	O
reveal	O
little	O
or	O
no	O
change	O
in	O
RPM	O
0	O
If	O
a	O
change	O
of	O
50	O
RPM	O
or	O
greater	O
is	O
noted	O
,	O
the	O
magnet	PART
cap	PART
should	O
be	O
rotated	O
slightly	O
one	O
way	O
or	O
the	O
other	O
0	O
In	O
Flight	O
Check	O
0	O
Under	O
normal	O
cruise	O
power	O
-LRB-	O
2900	O
to	O
3400	O
rpm	O
-RRB-	O
:	O
1	O
0	O
Turn	O
off	O
the	O
secondary	O
ignition	O
and	O
observe	O
the	O
cylinder	PART
head	PART
temperature	O
0	O
2	O
0	O
Turn	O
on	O
the	O
secondary	O
ignition	O
and	O
turn	O
off	O
the	O
Primary	O
ignition	O
0	O
Observe	O
the	O
cylinder	PART
head	PART
temperature	O
0	O
If	O
the	O
cylinder	PART
head	PART
temperature	O
rises	O
when	O
operating	O
with	O
only	O
the	O
secondary	O
ignition	O
,	O
the	O
secondary	O
ignition	O
is	O
advanced	O
0	O
Retard	O
the	O
secondary	O
ignition	O
by	O
turning	O
the	O
magnet	PART
cap	PART
slightly	O
clockwise	O
,	O
as	O
viewed	O
from	O
the	O
flywheel	PART
end	O
of	O
the	O
engine	PART
0	O
ALTERNATOR	PART
/	O
REGULATOR	PART
WIRING	PART
Alternator	PART
-	O
Regulator	PART
Wiring	PART
1	O
0	O
Attach	OPER
the	O
two	QTY
wires	PART
from	O
the	O
alternator	PART
to	O
the	O
two	O
outer	RPOS
terminals	PART
of	O
the	O
voltage	PART
regulator	PART
0	O
It	O
does	O
not	O
matter	O
which	O
wire	PART
attaches	O
to	O
which	O
terminal	PART
0	O
2	O
0	O
Attach	OPER
an	O
8	O
or	O
10	O
gauge	PART
wire	PART
from	O
the	O
center	RPOS
terminal	PART
of	O
the	O
voltage	PART
regulator	PART
to	O
the	O
positive	PROP
battery	PART
terminal	PART
0	O
3	O
0	O
If	O
you	O
will	O
be	O
using	O
a	O
tachometer	TOOL
which	O
senses	O
pulses	O
from	O
the	O
alternator	PART
,	O
it	O
must	O
be	O
spliced	OPER
in	O
to	O
one	O
of	O
the	O
wires	PART
from	O
the	O
alternator	PART
0	O
Consult	OPER
the	O
instrument	O
manufacturer	O
's	O
instructions	O
for	O
proper	O
installation	O
and	O
set-up	OPER
0	O
Note	O
:	O
The	O
20	O
amp	O
alternator	PART
delivers	O
6	O
pulses	O
per	O
revolution	O
0	O
4	O
0	O
If	O
the	O
voltage	PART
regulator	PART
is	O
attached	O
to	O
a	O
non-conductive	O
surface	O
a	O
ground	RPOS
wire	PART
needs	O
to	O
be	O
attached	O
between	RPOS
the	O
body	PART
of	O
the	O
regulator	PART
and	O
an	O
appropriate	O
airframe	PART
ground	RPOS
0	O
STARTER	PART
INSTALLATION	OPER
/	O
WIRING	PART
Starter	PART
Installation	OPER
Note	O
:	O
Though	O
the	O
starter	PART
is	O
grounded	RPOS
through	RPOS
the	O
bolts	PART
which	O
secure	O
it	O
to	O
the	O
accessory	PART
plate	PART
,	O
anodizing	O
in	O
the	O
threads	PART
of	O
the	O
accessory	PART
plate	PART
and	O
the	O
recommended	O
use	O
of	O
Locktite	PART
can	O
degrade	O
this	O
ground	RPOS
path	O
0	O
You	O
may	O
wish	O
to	O
install	OPER
an	O
8	O
to	O
10	O
gauge	O
supplemental	O
ground	RPOS
wire	PART
under	RPOS
one	O
of	O
the	O
starter	PART
attachment	PART
bolts	PART
and	O
attach	OPER
the	O
other	O
end	O
to	O
an	O
appropriate	O
ground	RPOS
on	O
the	O
airframe	PART
or	O
battery	PART
0	O
do	O
not	O
use	O
an	O
engine	PART
mount	O
bolt	PART
for	O
a	O
grounding	O
point	O
as	O
they	O
are	O
insulated	PROP
from	O
the	O
engine	PART
by	O
the	O
rubber	PART
engine	PART
mounts	PART
and	O
do	O
not	O
provide	O
a	O
good	O
ground	RPOS
path	O
0	O
1	O
0	O
Attach	OPER
the	O
starter	PART
to	O
the	O
accessory	PART
plate	PART
using	O
two	QTY
-LRB-	O
2	O
-RRB-	O
ACV-Z01-14	O
cap	PART
screws	PART
and	O
Locktite	PART
262	O
0	O
Starter	PART
Wiring	PART
The	O
drawing	O
below	O
illustrates	O
a	O
typical	O
starter	PART
wiring	PART
schematic	O
0	O
This	O
can	O
be	O
modified	O
to	O
suit	O
your	O
needs	O
0	O
Note	O
that	O
a	O
separate	O
starter	PART
solenoid	PART
is	O
not	O
needed	O
as	O
the	O
AeroVee	O
starter	PART
has	O
a	O
built-in	O
solenoid	PART
0	O
The	O
starter	PART
has	O
two	QTY
points	O
for	O
electrical	O
connections	O
:	O
A	O
large	O
threaded	PROP
lug	PART
-LRB-	O
A	O
-RRB-	O
for	O
the	O
6	O
gauge	O
starter	PART
wire	PART
,	O
and	O
a	O
small	O
male	O
spade	PART
terminal	PART
-LRB-	O
B	O
-RRB-	O
for	O
the	O
14	O
gauge	O
solenoid	PART
wire	PART
0	O
OIL	PART
BREATHER	PART
TUBE	PART
Installation	OPER
1	O
0	O
Form	O
an	O
engine	PART
breather	PART
tube	PART
from	O
5/8	DIM
diameter	DIM
x	O
35	O
''	O
wall	O
6061-T6	O
or	O
5052-0	O
aluminum	O
tube	O
0	O
The	O
tube	PART
should	O
curve	O
up	O
slightly	O
after	O
exiting	O
the	O
breather	PART
plate	PART
0	O
This	O
encourages	O
oil	PART
to	O
flow	O
back	RPOS
into	RPOS
the	O
case	PART
rather	O
than	O
get	O
discharged	O
0	O
Additionally	O
,	O
a	O
1/16	DIM
''	DIM
diameter	DIM
hole	PART
drilled	O
at	O
the	O
top	RPOS
of	O
the	O
curve	O
permits	O
crankcase	PART
breathing	O
in	O
the	O
event	O
the	O
exit	O
tube	PART
freezes	O
shut	O
0	O
Route	O
the	O
tube	PART
so	O
it	O
discharges	O
out	O
the	O
bottom	RPOS
of	O
the	O
cowling	O
,	O
or	O
into	O
the	O
top	RPOS
of	O
the	O
optional	O
AeroConversions	O
Oil	PART
Separator	PART
0	O
2	O
0	O
Secure	OPER
the	O
tube	PART
in	O
the	O
breather	PART
plate	PART
with	O
high	O
temperature	O
silicone	PART
gasket	PART
0	O
3	O
0	O
Secure	OPER
the	O
tube	PART
as	O
needed	O
to	O
prevent	O
vibration	O
0	O
OIL	PART
COOLER	PART
,	O
BOTTOM	RPOS
MOUNT	PART
Installing	O
the	O
Oil	PART
Cooler	PART
The	O
optional	O
Sonex	O
/	O
AeroVee	O
Fence	O
Baffle	O
kit	O
includes	O
laser-cut	O
parts	O
for	O
the	O
oil	PART
cooler	PART
installation	OPER
0	O
1	O
0	O
Position	OPER
the	O
oil	PART
cooler	PART
near	RPOS
the	O
back	RPOS
of	O
the	O
lower	RPOS
shroud	O
with	O
the	O
inlet	PART
ports	PART
facing	RPOS
forward	RPOS
0	O
Make	O
sure	O
the	O
cooler	PART
does	O
not	O
interfere	O
with	O
the	O
exhaust	PART
and	O
mark	OPER
the	O
location	O
of	O
the	O
mounting	PART
holes	PART
0	O
2	O
0	O
Drill	OPER
four	QTY
3/16	DIM
''	DIM
diameter	DIM
mounting	O
holes	O
in	O
the	O
shroud	PART
to	O
match	O
those	O
in	O
the	O
oil	PART
cooler	PART
and	O
attach	OPER
the	O
cooler	PART
with	O
four	QTY
AN3-3A	O
bolts	PART
,	O
MS20365-1032	O
nuts	PART
,	O
and	O
AN960-10	O
washers	PART
0	O
3	O
0	O
Cut	OPER
an	O
air	O
passage	O
in	O
the	O
bottom	RPOS
of	O
the	O
shroud	O
and	O
install	OPER
an	O
air	O
deflector	PART
to	O
force	O
the	O
air	O
traveling	O
under	RPOS
the	O
oil	PART
sump	O
to	O
exit	RPOS
through	RPOS
the	O
oil	PART
cooler	PART
0	O
4	O
0	O
Attach	OPER
the	O
oil	PART
cooler	PART
shroud	PART
to	O
the	O
engine	PART
case	PART
with	O
four	QTY
M6x1	DIM
screws	PART
,	O
or	O
re-tap	OPER
the	O
holes	O
and	O
use	O
1/4-20	DIM
screws	PART
0	O
See	O
photo	O
below	O
0	O
5	O
0	O
Apply	OPER
teflon	PART
paste	PART
-LRB-	O
do	O
not	O
use	O
teflon	PART
tape	PART
-RRB-	O
to	O
the	O
threads	O
of	O
each	O
AN912-4D	O
bushing	PART
and	O
install	OPER
one	O
in	O
each	O
port	O
of	O
the	O
oil	PART
cooler	PART
0	O
6	O
0	O
Apply	OPER
teflon	PART
paste	PART
-LRB-	O
do	O
not	O
use	O
teflon	PART
tape	PART
-RRB-	O
to	O
the	O
threads	O
of	O
two	O
AN816-6-6D	O
nipples	PART
and	O
install	OPER
one	QTY
in	O
each	O
of	O
the	O
bushings	PART
installed	O
in	O
step	O
5	O
0	O
7	O
0	O
Install	OPER
a	O
straight	RPOS
hose	PART
fitting	O
-LRB-	O
Jeg	O
's	O
p/n	ID
799-610020	ID
-RRB-	O
on	O
each	O
end	O
of	O
a	O
12	DIM
''	DIM
length	DIM
of	O
Pro-Flex	O
hose	O
0	O
Do	O
this	O
twice	QTY
to	O
make	O
two	QTY
hose	PART
assemblies	PART
0	O
8	O
0	O
Install	OPER
the	O
hose	PART
assemblies	PART
on	O
the	O
oil	PART
cooler	PART
0	O
Do	O
not	O
use	O
sealing	PART
compounds	PART
or	O
teflon	PART
tape	PART
on	O
these	O
fittings	O
0	O
9	O
0	O
Apply	OPER
teflon	PART
paste	PART
-LRB-	O
do	O
not	O
use	O
teflon	PART
tape	PART
-RRB-	O
to	O
the	O
threads	O
of	O
each	O
AN816-6D	O
nipple	PART
and	O
install	OPER
one	QTY
in	O
each	O
port	O
of	O
the	O
oil	PART
pump	PART
0	O
10	O
0	O
Install	OPER
the	O
free	O
end	O
of	O
each	O
hose	PART
assembly	PART
on	O
the	O
oil	PART
pump	PART
0	O
Do	O
not	O
use	O
sealing	PART
compounds	PART
or	O
teflon	PART
tape	PART
on	O
these	O
fittings	O
0	O
Note	O
:	O
The	O
cooling	PART
air	PART
inlets	PART
of	O
the	O
cowl	O
must	O
be	O
cut	O
open	O
before	O
you	O
install	OPER
the	O
baffle	PART
seal	PART
0	O
Refer	O
to	O
the	O
``	O
Cowl	PART
Openings	O
''	O
section	O
of	O
this	O
manual	O
0	O
11	O
0	O
Fit	O
one	QTY
half	QTY
of	O
the	O
cowl	PART
at	O
a	O
time	O
and	O
note	O
any	O
interference	O
with	O
the	O
oil	PART
cooler	PART
shroud	PART
0	O
Remove	OPER
the	O
cowl	PART
and	O
trim	OPER
the	O
shroud	PART
as	O
needed	O
to	O
achieve	O
a	O
gap	O
of	O
1/4	DIM
''	DIM
to	O
3/8	DIM
''	DIM
between	RPOS
the	O
cowling	PART
and	O
the	O
shroud	PART
0	O
Note	O
:	O
Bend	OPER
the	O
front	RPOS
lips	PART
of	O
the	O
cooling	PART
shroud	PART
as	O
needed	O
so	O
they	O
seal	O
above	RPOS
and	O
below	RPOS
the	O
cowl	PART
's	O
oil	PART
cooler	PART
inlet	PART
0	O
12	O
0	O
Install	OPER
baffle	PART
seal	PART
to	O
seal	O
the	O
gap	O
between	RPOS
the	O
metal	PART
shroud	PART
and	O
cowling	PART
0	O
13	O
0	O
Install	OPER
the	O
Oil	PART
Pressure	PART
Bypass	PART
Plate	PART
0	O
See	O
next	O
column	O
0	O
OIL	PART
COOLER	PART
BYPASS	PART
PLATE	PART
The	O
oil	PART
cooler	PART
bypass	PART
plate	PART
is	O
required	O
on	O
all	O
bottom-mounted	RPOS
oil	PART
cooler	PART
installations	O
0	O
1	O
0	O
Insert	OPER
Viton	PART
O-ring	PART
into	RPOS
the	O
oil	PART
cooler	PART
bypass	PART
plate	PART
0	O
2	O
0	O
Install	OPER
the	O
oil	O
cooler	PART
bypass	PART
plate	PART
using	O
the	O
ACV-Z01-19	ID
bolt	PART
-LRB-	O
Qty	O
0	O
1	O
-RRB-	O
,	O
ACV-Z01-17	ID
bolts	PART
-LRB-	O
Qty	O
0	O
2	O
-RRB-	O
,	O
ACV-Z01-22	ID
elastic	PROP
stop	PART
nut	PART
-LRB-	O
Qty	O
2	O
-RRB-	O
,	O
and	O
ACV-Z01-25	ID
washer	PART
-LRB-	O
Qty	O
2	O
-RRB-	O
0	O
3	O
0	O
Install	OPER
a	O
1/8	DIM
NPT	O
pipe	PART
plug	PART
or	O
an	O
optional	O
oil	PART
pressure	PART
sender	PART
-LRB-	O
B	O
-RRB-	O
-LRB-	O
1/8	O
NPT	O
-RRB-	O
in	O
the	O
tapped	O
hole	O
of	O
the	O
oil	PART
bypass	PART
plate	PART
0	O
The	O
pipe	PART
plug	PART
can	O
be	O
installed	O
with	O
teflon	PART
paste	PART
0	O
When	O
installing	O
the	O
optional	O
oil	O
pressure	PART
sender	PART
do	O
not	O
use	O
teflon	PART
paste	PART
or	O
teflon	PART
tape	PART
on	O
the	O
threads	O
as	O
this	O
will	O
inhibit	O
the	O
grounding	O
of	O
the	O
sender	O
;	O
good	O
grounding	O
is	O
required	O
for	O
an	O
accurate	O
signal	O
0	O
You	O
may	O
even	O
consider	O
adding	OPER
a	O
dedicated	O
ground	PART
wire	PART
to	O
the	O
body	PART
of	O
the	O
sender	O
0	O
OIL	PART
COOLER	PART
,	O
TOP	RPOS
MOUNT	PART
Installing	OPER
the	O
Oil	PART
Cooler	PART
1	O
0	O
Insert	OPER
the	O
two	QTY
orange-colored	PROP
cylindrical	PROP
seals	PART
from	O
the	O
gasket	PART
kit	O
-LRB-	O
provided	O
with	O
your	O
AeroVee	O
engine	PART
-RRB-	O
in	O
the	O
oil	PART
cooler	PART
ports	O
on	O
the	O
top	RPOS
,	O
right-hand	RPOS
side	RPOS
of	O
the	O
engine	PART
0	O
2	O
0	O
Carefully	O
position	OPER
the	O
Oil	PART
Cooler	PART
Mount	PART
Plate	PART
over	RPOS
the	O
seals	PART
and	O
bolt	OPER
the	O
plate	PART
to	O
the	O
engine	PART
case	PART
using	O
the	O
hard-Supplied	O
by/available	O
from	O
Sonex	O
Aircraft	PART
:	O
ware	O
identified	O
in	O
the	O
photo	O
below	RPOS
0	O
3	O
0	O
Insert	OPER
the	O
two	QTY
short	O
,	O
orange-colored	PROP
flanged	PART
seals	PART
from	O
the	O
gasket	PART
kit	O
-LRB-	O
provided	O
with	O
your	O
AeroVee	O
engine	PART
-RRB-	O
in	O
the	O
oil	PART
ports	PART
of	O
the	O
Top	RPOS
Plate	PART
0	O
See	O
photo	O
below	RPOS
0	O
Important	O
:	O
The	O
gasket	PART
kit	O
contains	O
both	O
tall	PROP
-LRB-	O
thick	PROP
-RRB-	O
and	O
short	PROP
-LRB-	O
thin	PROP
-RRB-	O
flanged	PART
oil	PART
seals	PART
0	O
Be	O
sure	O
to	O
use	O
the	O
short	PROP
-LRB-	O
thin	PROP
-RRB-	O
seals	PART
for	O
this	O
installation	O
0	O
4	O
0	O
Remove	OPER
a	O
1-5/8	DIM
''	DIM
long	DIM
portion	O
of	O
the	O
front	RPOS
,	O
lower	RPOS
flange	PART
of	O
the	O
oil	PART
cooler	PART
0	O
This	O
is	O
necessary	O
to	O
eliminate	O
interference	O
between	O
the	O
oil	PART
cooler	PART
's	O
flange	PART
and	O
the	O
adapter	PART
plate	PART
0	O
See	O
photo	O
below	RPOS
for	O
details	O
0	O
5	O
0	O
Carefully	O
position	OPER
the	O
oil	PART
cooler	PART
over	RPOS
the	O
seals	PART
in	O
the	O
mount	PART
plate	PART
and	O
bolt	PART
the	O
oil	PART
cooler	PART
to	O
the	O
plate	PART
using	O
the	O
hardware	O
identified	O
in	O
the	O
photo	O
below	RPOS
0	O
6	O
0	O
Install	OPER
the	O
optional	O
oil	O
pressure	PART
sender	PART
or	O
a	O
1/8	DIM
NPT	O
pipe	PART
plug	PART
in	O
the	O
port	O
in	O
the	O
side	RPOS
of	O
the	O
case	PART
-LRB-	O
F	O
-RRB-	O
0	O
important	O
:	O
do	O
not	O
overtighten	O
the	O
oil	PART
pressure	PART
sender	PART
or	O
the	O
pipe	PART
plug	PART
as	O
this	O
can	O
result	O
in	O
a	O
cracked	O
case	O
0	O
When	O
installing	O
the	O
optional	O
oil	O
pressure	PART
sender	PART
do	O
not	O
use	O
teflon	PART
paste	PART
or	O
teflon	PART
tape	PART
on	O
the	O
threads	O
as	O
this	O
will	O
inhibit	O
the	O
grounding	O
of	O
the	O
sender	O
;	O
good	O
grounding	O
is	O
required	O
for	O
an	O
accurate	O
signal	O
0	O
You	O
may	O
even	O
consider	O
adding	OPER
a	O
dedicated	O
ground	PART
wire	PART
to	O
the	O
body	PART
of	O
the	O
sender	O
0	O
BYPASSING	O
/	O
REMOVING	O
A	O
BOTTOM-MOUNTED	O
OIL	PART
COOLER	PART
The	O
AeroVee	O
has	O
flown	O
successfully	O
in	O
the	O
Sonex	O
airframes	PART
without	O
an	O
oil	PART
cooler	PART
0	O
Depending	O
on	O
your	O
flight	O
conditions	O
and	O
climate	O
,	O
you	O
may	O
not	O
need	O
the	O
oil	PART
cooler	PART
0	O
You	O
must	O
,	O
however	O
,	O
retain	O
the	O
cooling	PART
shroud	PART
to	O
direct	O
cooling	O
air	O
across	O
the	O
bottom	RPOS
of	O
the	O
engine	PART
case	PART
0	O
To	O
operate	OPER
the	O
AeroVee	O
without	O
the	O
bottom-mounted	O
oil	PART
cooler	PART
:	O
1	O
0	O
Disconnect	OPER
the	O
oil	O
cooler	PART
lines	PART
from	O
the	O
oil	PART
pump	PART
0	O
2	O
0	O
Remove	OPER
the	O
oil	PART
cooler	PART
and	O
hoses	PART
from	O
the	O
cooling	PART
shroud	PART
0	O
3	O
0	O
Seal	OPER
the	O
opening	O
in	O
the	O
bottom	RPOS
of	O
the	O
cooler	PART
shroud	PART
with	O
a	O
piece	O
of	O
aluminum	O
0	O
important	O
:	O
do	O
not	O
plug	OPER
the	O
inlet	PART
and	O
outlet	PART
ports	O
of	O
the	O
oil	PART
pump	PART
after	O
removing	OPER
the	O
hoses	PART
0	O
This	O
will	O
result	O
in	O
oil	PART
starvation	O
and	O
engine	PART
damage	O
0	O
To	O
properly	O
eliminate	OPER
the	O
oil	PART
cooler	PART
from	O
the	O
system	O
you	O
must	O
complete	O
one	O
of	O
the	O
options	O
in	O
step	O
4	O
,	O
below	O
0	O
4	O
0	O
Run	O
a	O
loop	O
of	O
-6	O
braided	O
hose	O
from	O
the	O
inlet	PART
port	PART
of	O
the	O
existing	O
oil	PART
pump	PART
to	O
the	O
outlet	PART
port	PART
0	O
or	O
:	O
Remove	OPER
the	O
oil	PART
pump	PART
and	O
replace	OPER
it	O
with	O
a	O
Standard	PROP
Oil	PART
Pump	PART
,	O
AeroConversion	O
part	O
number	O
ACV-P01-56	ID
0	O
BYPASSING	OPER
/	O
REMOVING	OPER
A	O
TOP-MOUNTED	O
OIL	PART
COOLER	PART
The	O
AeroVee	O
has	O
flown	O
successfully	O
in	O
the	O
Sonex	O
airframes	PART
without	O
an	O
oil	O
cooler	PART
0	O
Depending	O
on	O
your	O
flight	O
conditions	O
and	O
climate	O
,	O
you	O
may	O
not	O
need	O
the	O
oil	PART
cooler	PART
0	O
To	O
operate	OPER
the	O
AeroVee	O
without	O
the	O
top-mounted	O
oil	PART
cooler	PART
:	O
1	O
0	O
Remove	OPER
the	O
oil	O
cooler	PART
from	O
the	O
adapter	PART
plate	PART
0	O
2	O
0	O
Remove	OPER
the	O
adapter	PART
plate	PART
0	O
3	O
0	O
Install	OPER
the	O
Oil	PART
Cooler	PART
Bypass	PART
Plate	PART
as	O
shown	O
on	O
page	O
52	O
0	O
INSTALLING	OPER
the	O
EXHAUST	PART
1	O
0	O
Using	O
the	O
supplied	O
Exhaust	O
Attach	O
Bolts	PART
-LRB-	O
ACV-Z01-39	ID
-RRB-	O
,	O
temporarily	O
attach	OPER
the	O
exhaust	PART
manifolds	PART
to	O
the	O
cylinder	PART
heads	PART
without	O
exhaust	PART
gaskets	PART
0	O
Note	O
:	O
If	O
your	O
cylinder	PART
heads	O
have	O
exhaust	PART
studs	PART
installed	O
they	O
will	O
need	O
to	O
be	O
removed	OPER
to	O
fit	O
the	O
2-into-1	O
exhaust	PART
0	O
Note	O
:	O
The	O
left	RPOS
side	RPOS
exhaust	PART
pipe	PART
-LRB-	O
pilot	O
's	O
side	RPOS
-RRB-	O
may	O
contact	O
the	O
super	O
tin	PROP
and/or	O
cylinder	PART
head	PART
baffle	PART
0	O
The	O
super	O
tin	PROP
and/or	O
baffle	PART
can	O
be	O
reformed	O
as	O
needed	O
to	O
minimize	O
the	O
contact	O
,	O
though	O
some	O
contact	O
is	O
not	O
a	O
concern	O
0	O
Note	O
:	O
The	O
space	O
between	O
the	O
exhaust	PART
flanges	PART
can	O
be	O
increased	OPER
or	O
decreased	OPER
by	O
hand	O
if	O
it	O
is	O
too	O
tight	PROP
or	O
too	O
loose	PROP
on	O
the	O
cylinder	PART
head	PART
0	O
Tightening	OPER
the	O
exhaust	PART
attach	PART
bolts	PART
during	O
final	O
installation	O
will	O
pull	OPER
the	O
header	PART
together	O
for	O
a	O
proper	O
fit	O
on	O
the	O
cylinder	PART
head	PART
0	O
2	O
0	O
Slide	OPER
an	O
extension	O
pipe	PART
onto	RPOS
each	O
manifold	PART
0	O
It	O
may	O
be	O
necessary	O
to	O
shorten	OPER
the	O
length	O
of	O
the	O
exhaust	PART
manifold	PART
if	O
the	O
extensions	O
interfere	O
with	O
the	O
firewall	O
0	O
Do	O
not	O
shorten	O
the	O
expanded	O
portion	O
of	O
the	O
extension	O
pipes	O
0	O
3	O
0	O
After	O
each	O
exhaust	PART
manifold	PART
has	O
been	O
trimmed	O
to	O
the	O
proper	O
length	O
,	O
remove	OPER
the	O
manifolds	PART
from	O
the	O
cylinder	PART
heads	PART
and	O
re-install	OPER
them	O
with	O
new	O
exhaust	PART
gaskets	PART
-LRB-	O
included	O
in	O
the	O
gasket	PART
kit	O
-RRB-	O
0	O
4	O
0	O
Attach	OPER
a	O
spring	PART
between	RPOS
each	O
pair	O
of	O
spring	O
clips	O
0	O
It	O
may	O
be	O
necessary	O
to	O
shorten	O
the	O
springs	PART
for	O
your	O
particular	O
installation	O
0	O
5	O
0	O
Attach	OPER
a	O
loop-type	O
line	PART
support	PART
clamp	PART
-LRB-	O
AN742	ID
or	O
equivalent	O
-RRB-	O
to	O
the	O
firewall	O
approximately	O
3	O
''	O
above	O
the	O
spring	PART
clips	PART
on	O
the	O
exhaust	PART
extensions	O
0	O
6	O
0	O
Attach	OPER
a	O
spring	PART
between	RPOS
the	O
support	PART
clamp	PART
and	O
each	O
exhaust	PART
extension	O
0	O
It	O
may	O
be	O
necessary	O
to	O
shorten	O
the	O
springs	PART
for	O
your	O
particular	O
installation	O
0	O
7	O
0	O
Trim	OPER
the	O
ends	O
of	O
the	O
exhaust	PART
pipes	PART
to	O
final	O
length	O
0	O
The	O
pipes	PART
must	O
be	O
long	O
enough	O
to	O
ensure	O
the	O
exhaust	PART
gases	O
exit	O
the	O
cowl	PART
,	O
yet	O
pipes	PART
which	O
extend	O
too	O
far	O
below	RPOS
the	O
cowl	PART
will	O
add	O
drag	O
and	O
reduce	O
your	O
airspeed	O
0	O
Installing	OPER
EGT	O
Probes	PART
EGT	O
probe	PART
-LRB-	O
s	O
-RRB-	O
must	O
be	O
installed	O
4	O
''	O
from	O
the	O
exhaust	PART
flange	PART
of	O
each	O
cylinder	PART
that	O
is	O
being	O
monitored	O
0	O
This	O
distance	O
is	O
based	O
on	O
a	O
path	O
down	RPOS
the	O
center	RPOS
of	O
the	O
exhaust	PART
pipe	PART
0	O
It	O
is	O
also	O
important	O
to	O
consider	O
the	O
orientation	O
of	O
each	O
probe	PART
to	O
avoid	O
interference	O
between	O
the	O
probe	PART
and	O
cowling	PART
0	O
important	O
:	O
do	O
not	O
trim	OPER
the	O
egT	O
probe	PART
wires	PART
0	O
There	O
are	O
a	O
variety	O
of	O
EGT	O
probe	PART
styles	O
with	O
different	O
mounting	O
methods	O
0	O
Follow	OPER
the	O
instructions	O
provided	O
with	O
your	O
probes	PART
for	O
the	O
proper	O
mounting	O
method	O
0	O
