DISASSEMBLY	O
AND	O
BENCH	O
CHECKS	O
TEST	O
EQUIPMENT	O
NEEDED	O
:	O
Multimeter	O
Regulator	O
Tester	O
ALTERNATOR	O
NOTICE	O
:	O
On	O
some	O
alternators	O
on	O
certain	O
engine	O
configurations	O
,	O
a	O
1.5	O
µf	O
capacitor	O
has	O
been	O
installed	O
to	O
the	O
output	O
terminal	O
and	O
attached	O
with	O
a	O
cover	O
screw	O
.	O
Remove	O
the	O
capacitor	O
-LRB-	O
DRA	O
1985444	O
-RRB-	O
before	O
performing	O
``	O
Regulatror	O
Quick	O
Check	O
.	O
''	O
.	O
Remove	O
screws	O
-LRB-	O
216	O
-RRB-	O
and	O
rectifier	O
end	O
plate	O
-LRB-	O
15	O
-RRB-	O
to	O
expose	O
electronics	O
compartment	O
.	O
-LRB-	O
See	O
Fig.	O
12	O
-RRB-	O
.	O
Inspect	O
electronics	O
compartment	O
for	O
contamination	O
,	O
for	O
shorted	O
or	O
grounded	O
wires	O
,	O
and	O
for	O
loose	O
connections	O
.	O
If	O
contamination	O
is	O
present	O
,	O
clean	O
and	O
dry	O
compartment	O
before	O
proceeding	O
.	O
The	O
protective	O
coating	O
on	O
all	O
electronic	O
components	O
is	O
a	O
good	O
insulator	O
and	O
must	O
be	O
scraped	O
off	O
to	O
get	O
a	O
good	O
contact	O
for	O
test	O
equipment	O
probes	O
.	O
FIELD	O
COIL	O
Disconnect	O
2	O
field	O
leads	O
-LRB-	O
A	O
-RRB-	O
from	O
regulator	O
-LRB-	O
6	O
-RRB-	O
-LRB-	O
See	O
Fig.	O
13	O
-RRB-	O
,	O
by	O
removing	O
2	O
insulated	O
regulator	O
attachment	O
screws	O
-LRB-	O
217	O
-RRB-	O
.	O
Use	O
ohmmeter	O
-LRB-	O
or	O
voltmeter	O
,	O
ammeter	O
and	O
battery	O
-RRB-	O
to	O
check	O
resistance	O
of	O
field	O
coil	O
.	O
Compare	O
to	O
Field	O
Check	O
ohms	O
-LRB-	O
or	O
volts	O
and	O
amps	O
-RRB-	O
in	O
Specifications	O
at	O
the	O
end	O
of	O
this	O
manual	O
or	O
from	O
Service	O
Specification	O
Bulletin	O
.	O
If	O
outside	O
specifications	O
,	O
replace	O
field	O
coil	O
as	O
described	O
later	O
in	O
this	O
manual	O
.	O
DIODE	O
TRIO	O
To	O
check	O
the	O
diode	O
trio	O
-LRB-	O
7	O
-RRB-	O
,	O
remove	O
it	O
from	O
the	O
electronics	O
compartment	O
by	O
detaching	O
the	O
3	O
nuts	O
-LRB-	O
218	O
-RRB-	O
,	O
stator	O
leads	O
-LRB-	O
B	O
-RRB-	O
and	O
attaching	O
screw	O
-LRB-	O
217	O
-RRB-	O
.	O
Note	O
that	O
the	O
insulating	O
washer	O
on	O
the	O
screw	O
is	O
assembled	O
over	O
the	O
top	O
of	O
the	O
diode	O
trio	O
connector	O
.	O
Discard	O
screw	O
if	O
insulation	O
is	O
fractured	O
during	O
removal	O
.	O
CAPACITOR	O
Remove	O
capacitor	O
-LRB-	O
12	O
-RRB-	O
by	O
removing	O
the	O
remaining	O
two	O
attachment	O
screws	O
-LRB-	O
224	O
-RRB-	O
and	O
screw	O
-LRB-	O
226	O
-RRB-	O
sliding	O
out	O
capacitor	O
.	O
-LRB-	O
A	O
sharp	O
tool	O
may	O
be	O
used	O
to	O
break	O
varnish	O
seal	O
.	O
-RRB-	O
Using	O
continuity	O
check	O
mode	O
-LRB-	O
diode	O
check	O
mode	O
on	O
digital	O
meter	O
-RRB-	O
,	O
check	O
for	O
a	O
shorted	O
capacitor	O
by	O
touching	O
ohmmeter	O
leads	O
to	O
capacitor	O
lead	O
-LRB-	O
F	O
-RRB-	O
and	O
grounding	O
tab	O
-LRB-	O
T	O
-RRB-	O
.	O
-LRB-	O
See	O
Fig.	O
15	O
-RRB-	O
This	O
check	O
should	O
show	O
an	O
open	O
circuit	O
.	O
REGULATOR	O
To	O
remove	O
regulator	O
-LRB-	O
6	O
-RRB-	O
for	O
testing	O
,	O
remove	O
sense	O
lead	O
nut	O
-LRB-	O
218	O
-RRB-	O
,	O
bridge	O
to	O
regulator	O
stud	O
connector	O
-LRB-	O
219	O
-RRB-	O
and	O
2	O
screws	O
-LRB-	O
217	O
-RRB-	O
if	O
not	O
removed	O
previously	O
and	O
screw	O
-LRB-	O
224	O
-RRB-	O
.	O
Disconnect	O
``	O
I	O
''	O
terminal	O
sense	O
lead	O
strap	O
to	O
allow	O
regulator	O
removal	O
.	O
-LRB-	O
See	O
Fig.	O
16	O
-RRB-	O
Note	O
:	O
Discard	O
insulated	O
screw	O
if	O
insulation	O
is	O
fractured	O
during	O
removal	O
.	O
Check	O
regulator	O
on	O
approved	O
tester	O
for	O
SI	O
type	O
regulators	O
.	O
If	O
regulator	O
tests	O
good	O
,	O
return	O
it	O
to	O
service	O
.	O
If	O
it	O
tests	O
bad	O
,	O
replace	O
it	O
.	O
Install	O
regulator	O
as	O
described	O
later	O
in	O
this	O
section	O
.	O
RECTIFIER	O
BRIDGE	O
Use	O
the	O
ohmmeter	O
or	O
-LRB-	O
for	O
digital	O
meters	O
-RRB-	O
the	O
diode	O
check	O
function	O
of	O
the	O
multimeter	O
to	O
check	O
the	O
rectifier	O
bridge	O
-LRB-	O
8	O
-RRB-	O
.	O
Bridge	O
may	O
be	O
checked	O
in	O
place	O
in	O
the	O
RE	O
housing	O
-LRB-	O
1	O
-RRB-	O
.	O
All	O
terminals	O
must	O
be	O
disconnected	O
from	O
the	O
threaded	O
phase	O
studs	O
.	O
``	O
R	O
''	O
terminal	O
and	O
output	O
terminal	O
straps	O
-LRB-	O
198	O
&	O
186	O
-RRB-	O
may	O
be	O
raised	O
approximately	O
one	O
inch	O
-LRB-	O
2.5	O
cm	O
-RRB-	O
above	O
rectifier	O
for	O
removal	O
of	O
diode	O
trio	O
-LRB-	O
7	O
-RRB-	O
or	O
rectifier	O
bridge	O
-LRB-	O
8	O
-RRB-	O
.	O
Check	O
6	O
diodes	O
as	O
follows	O
:	O
Place	O
negative	O
ohmmeter	O
lead	O
on	O
grounded	O
heat	O
sink	O
.	O
Touch	O
positive	O
ohmmeter	O
lead	O
firmly	O
to	O
metal	O
diode	O
clips	O
that	O
surround	O
each	O
of	O
the	O
3	O
threaded	O
studs	O
.	O
All	O
3	O
readings	O
should	O
be	O
the	O
same	O
,	O
and	O
indicate	O
open	O
circuits	O
.	O
Switch	O
leads	O
and	O
repeat	O
.	O
All	O
3	O
new	O
readings	O
should	O
indicate	O
continuity	O
-LRB-	O
Fig.	O
17	O
-RRB-	O
Repeat	O
checks	O
using	O
insulated	O
-LRB-	O
positive	O
-RRB-	O
heat	O
sink	O
in	O
place	O
of	O
grounded	O
heat	O
sink	O
.	O
With	O
negative	O
ohmmeter	O
lead	O
on	O
insulated	O
heat	O
sink	O
,	O
all	O
3	O
readings	O
should	O
indicate	O
continuity	O
.	O
Switch	O
leads	O
and	O
repeat	O
.	O
All	O
3	O
new	O
readings	O
should	O
indicate	O
open	O
circuits	O
.	O
If	O
all	O
readings	O
are	O
correct	O
,	O
the	O
rectifier	O
bridge	O
is	O
good	O
.	O
If	O
any	O
reading	O
is	O
wrong	O
,	O
an	O
open	O
or	O
shorted	O
diode	O
is	O
indicated	O
and	O
rectifier	O
bridge	O
should	O
be	O
replaced	O
.	O
To	O
remove	O
bridge	O
,	O
remove	O
nut	O
-LRB-	O
218	O
-RRB-	O
,	O
nut	O
-LRB-	O
199	O
-RRB-	O
and	O
relay	O
strap	O
-LRB-	O
198	O
-RRB-	O
from	O
regulator	O
stud	O
-LRB-	O
193	O
-RRB-	O
,	O
two	O
bridge	O
attaching	O
screws	O
-LRB-	O
226	O
-RRB-	O
,	O
and	O
insulated	O
capacitor	O
attaching	O
screw	O
-LRB-	O
224	O
-RRB-	O
.	O
Lift	O
capacitor	O
-LRB-	O
12	O
-RRB-	O
and	O
rectifier	O
bridge	O
-LRB-	O
8	O
-RRB-	O
from	O
SRE	O
housing	O
-LRB-	O
Fig.	O
18	O
-RRB-	O
.	O
STATOR	O
Disconnect	O
the	O
3	O
stator	O
phase	O
leads	O
-LRB-	O
B	O
-RRB-	O
from	O
the	O
diode	O
bridge	O
studs	O
by	O
removing	O
3	O
nuts	O
-LRB-	O
218	O
-RRB-	O
.	O
Use	O
continuity	O
check	O
function	O
of	O
ohmmeter	O
to	O
check	O
stator	O
windings	O
.	O
-LRB-	O
See	O
Fig.	O
18	O
-RRB-	O
Place	O
one	O
meter	O
lead	O
on	O
one	O
of	O
the	O
stator	O
phase	O
lead	O
connectors	O
and	O
check	O
for	O
continuity	O
to	O
each	O
of	O
the	O
other	O
two	O
stator	O
leads.There	O
should	O
be	O
continuity	O
to	O
both	O
.	O
If	O
not	O
,	O
one	O
or	O
more	O
of	O
the	O
stator	O
coils	O
is	O
open	O
;	O
replace	O
the	O
stator	O
as	O
described	O
later	O
in	O
this	O
section	O
.	O
To	O
check	O
for	O
grounds	O
,	O
again	O
touch	O
one	O
meter	O
lead	O
to	O
one	O
of	O
the	O
stator	O
phase	O
leads	O
,	O
and	O
touch	O
the	O
other	O
meter	O
lead	O
to	O
clean	O
metal	O
ground	O
on	O
the	O
alternator	O
housing	O
.	O
There	O
should	O
not	O
be	O
continuity	O
.	O
If	O
there	O
is	O
continuity	O
,	O
the	O
stator	O
is	O
grounded	O
and	O
should	O
be	O
replaced	O
as	O
described	O
later	O
in	O
this	O
section	O
.	O
It	O
is	O
not	O
possible	O
to	O
detect	O
shorted	O
stator	O
windings	O
with	O
ordinary	O
shop	O
equipment	O
.	O
However	O
,	O
if	O
all	O
other	O
electrical	O
checks	O
are	O
normal	O
and	O
the	O
alternator	O
has	O
exhibited	O
low	O
output	O
,	O
shorted	O
stator	O
windings	O
may	O
be	O
the	O
cause	O
.	O
In	O
such	O
cases	O
,	O
replace	O
the	O
stator	O
as	O
described	O
later	O
in	O
this	O
section	O
.	O
FINAL	O
DISASSEMBLY	O
NOTICE	O
:	O
Do	O
not	O
damage	O
exposed	O
stator	O
or	O
field	O
windings	O
.	O
Bumping	O
or	O
scraping	O
these	O
windings	O
may	O
break	O
the	O
insulation	O
and	O
leave	O
a	O
place	O
for	O
a	O
short	O
circuit	O
or	O
ground	O
to	O
develop	O
later	O
,	O
causing	O
the	O
alternator	O
to	O
fail	O
.	O
Protect	O
the	O
windings	O
from	O
damage	O
by	O
careful	O
handling	O
.	O
To	O
replace	O
the	O
field	O
coil	O
-LRB-	O
9	O
-RRB-	O
,	O
stator	O
assembly	O
-LRB-	O
11	O
-RRB-	O
,	O
rotor	O
assembly	O
-LRB-	O
10	O
-RRB-	O
,	O
or	O
drive	O
end	O
-LRB-	O
5	O
-RRB-	O
or	O
rectifier	O
end	O
bearings	O
-LRB-	O
2	O
-RRB-	O
,	O
the	O
drive	O
end	O
frame	O
assembly	O
must	O
be	O
separated	O
from	O
the	O
rectifier	O
end	O
housing	O
.	O
-LRB-	O
Fig.	O
19	O
-RRB-	O
Use	O
5/16	O
''	O
hex	O
wrench	O
or	O
5/16	O
''	O
hex	O
drive	O
,	O
in	O
the	O
end	O
of	O
the	O
shaft	O
,	O
to	O
hold	O
while	O
removing	O
shaft	O
nut	O
-LRB-	O
211	O
-RRB-	O
.	O
Remove	O
washer	O
-LRB-	O
212	O
-RRB-	O
,	O
pulley	O
-LRB-	O
14	O
-RRB-	O
,	O
and	O
fan	O
-LRB-	O
13	O
-RRB-	O
.	O
Remove	O
the	O
4	O
thru	O
bolts	O
-LRB-	O
213	O
-RRB-	O
.	O
Carefully	O
separate	O
the	O
drive	O
end	O
housing	O
-LRB-	O
4	O
-RRB-	O
from	O
the	O
stator	O
-LRB-	O
11	O
-RRB-	O
and	O
rectifier	O
end	O
housing	O
-LRB-	O
1	O
-RRB-	O
,	O
taking	O
care	O
not	O
to	O
damage	O
stator	O
windings	O
-LRB-	O
See	O
Fig.	O
20	O
-RRB-	O
.	O
NOTICE	O
:	O
Rectifier	O
bridge	O
must	O
be	O
removed	O
before	O
removing	O
stator	O
.	O
-LRB-	O
See	O
Paragraph	O
7	O
and	O
Fig.	O
18	O
-RRB-	O
To	O
remove	O
stator	O
-LRB-	O
11	O
-RRB-	O
from	O
rectifier	O
end	O
housing	O
-LRB-	O
1	O
-RRB-	O
,	O
be	O
sure	O
all	O
3	O
stator	O
leads	O
are	O
disconnected	O
from	O
diode	O
bridge	O
studs	O
in	O
electronics	O
compartment	O
.	O
Pry	O
stator	O
and	O
housing	O
apart	O
carefully	O
.	O
Guide	O
stator	O
leads	O
and	O
grommet	O
-LRB-	O
C	O
-RRB-	O
through	O
well	O
as	O
stator	O
is	O
pulled	O
from	O
housing	O
.	O
It	O
may	O
be	O
necessary	O
to	O
push	O
on	O
grommet	O
with	O
a	O
blunt	O
instrument	O
to	O
unseat	O
it	O
from	O
the	O
housing	O
-LRB-	O
See	O
Fig.	O
21	O
-RRB-	O
.	O
To	O
remove	O
field	O
coil	O
and	O
support	O
-LRB-	O
9	O
-RRB-	O
from	O
rectifier	O
end	O
housing	O
,	O
-LRB-	O
See	O
Fig.	O
22	O
-RRB-	O
remove	O
4	O
field	O
coil	O
and	O
support	O
attaching	O
screws	O
-LRB-	O
221	O
-RRB-	O
.	O
Lift	O
coil	O
and	O
support	O
from	O
housing	O
,	O
while	O
guiding	O
field	O
leads	O
through	O
hole	O
.	O
To	O
remove	O
rectifier	O
end	O
bearing	O
-LRB-	O
2	O
-RRB-	O
from	O
RE	O
housing	O
-LRB-	O
1	O
-RRB-	O
,	O
-LRB-	O
See	O
Fig.	O
23	O
-RRB-	O
use	O
small	O
screwdriver	O
at	O
slot	O
to	O
pry	O
plug	O
-LRB-	O
222	O
-RRB-	O
from	O
housing	O
.	O
NOTICE	O
:	O
Do	O
not	O
drive	O
bearing	O
out	O
with	O
hammer	O
or	O
other	O
tool	O
.	O
Use	O
arbor	O
press	O
to	O
push	O
bearing	O
from	O
housing	O
.	O
Wipe	O
excess	O
grease	O
from	O
bearing	O
well	O
,	O
then	O
press	O
bearing	O
through	O
to	O
inside	O
of	O
housing	O
.	O
If	O
bearing	O
inner	O
race	O
-LRB-	O
3	O
-RRB-	O
appears	O
to	O
be	O
worn	O
or	O
rough	O
,	O
remove	O
from	O
rotor	O
shaft	O
with	O
a	O
suitable	O
puller	O
.	O
To	O
replace	O
rotor	O
-LRB-	O
10	O
-RRB-	O
or	O
drive	O
end	O
bearing	O
-LRB-	O
5	O
-RRB-	O
,	O
-LRB-	O
See	O
Fig.	O
24	O
-RRB-	O
remove	O
4	O
bearing	O
retainer	O
attachment	O
screws	O
-LRB-	O
214	O
-RRB-	O
from	O
outside	O
of	O
housing	O
-LRB-	O
4	O
-RRB-	O
.	O
Lift	O
rotor	O
with	O
bearing	O
from	O
housing	O
,	O
then	O
pull	O
bearing	O
off	O
of	O
rotor	O
shaft	O
.	O
If	O
inside	O
collar	O
-LRB-	O
215	O
-RRB-	O
appears	O
rough	O
or	O
damaged	O
,	O
pull	O
collar	O
from	O
shaft	O
.	O
NOTICE	O
:	O
Do	O
not	O
drive	O
mounting	O
hinge	O
bushing	O
from	O
lug	O
on	O
rectifier	O
end	O
housing	O
with	O
a	O
hammer	O
or	O
other	O
tool	O
.	O
Use	O
arbor	O
press	O
or	O
vise	O
to	O
remove	O
and	O
replace	O
bushing	O
.	O
To	O
remove	O
mounting	O
hinge	O
bushing	O
-LRB-	O
17	O
-RRB-	O
from	O
lug	O
on	O
rectifier	O
end	O
housing	O
-LRB-	O
1	O
-RRB-	O
,	O
Press	O
bushing	O
from	O
housing	O
using	O
arbor	O
press	O
with	O
suitable	O
tool	O
.	O
ALTERNATOR	O
ASSEMBLY	O
ASSEMBLY	O
OF	O
DE	O
FRAME	O
AND	O
ROTOR	O
INSTALL	O
OR	O
CONNECT	O
Press	O
inner	O
race	O
for	O
rectifier	O
end	O
bearing	O
-LRB-	O
3	O
-RRB-	O
onto	O
short	O
end	O
of	O
rotor	O
shaft	O
.	O
Stop	O
when	O
race	O
is	O
3.7	O
mm	O
-LRB-	O
.15	O
in	O
.	O
-RRB-	O
above	O
end	O
of	O
shaft	O
-LRB-	O
See	O
Fig.	O
25	O
-RRB-	O
.	O
Press	O
inside	O
collar	O
-LRB-	O
215	O
-RRB-	O
onto	O
rotor	O
shaft	O
until	O
collar	O
is	O
against	O
shoulder	O
on	O
rotor	O
-LRB-	O
10	O
-RRB-	O
.	O
Place	O
retainer	O
plate	O
-LRB-	O
16	O
-RRB-	O
onto	O
collar	O
-LRB-	O
flanged	O
side	O
of	O
retainer	O
will	O
face	O
away	O
from	O
rotor	O
,	O
toward	O
bearing	O
-RRB-	O
.	O
Using	O
open	O
tube	O
that	O
bears	O
only	O
on	O
inner	O
race	O
of	O
bearing	O
,	O
press	O
new	O
DE	O
bearing	O
-LRB-	O
5	O
-RRB-	O
onto	O
rotor	O
shaft	O
until	O
bearing	O
is	O
against	O
collar	O
.	O
Insert	O
bearing	O
-LRB-	O
5	O
-RRB-	O
-LRB-	O
on	O
rotor	O
shaft	O
-RRB-	O
into	O
bearing	O
well	O
in	O
drive	O
end	O
frame	O
-LRB-	O
4	O
-RRB-	O
.	O
-LRB-	O
See	O
Fig.	O
26	O
-RRB-	O
Bearing	O
will	O
be	O
a	O
snug	O
fit	O
,	O
but	O
should	O
slip	O
in	O
easily	O
when	O
properly	O
aligned	O
.	O
Lubricate	O
outside	O
of	O
bearing	O
very	O
lightly	O
with	O
ball	O
and	O
roller	O
bearing	O
lubricant	O
-LRB-	O
1948791	O
-RRB-	O
if	O
necessary	O
to	O
facilitate	O
assembly	O
.	O
Hold	O
drive	O
end	O
assembly	O
with	O
long	O
end	O
of	O
rotor	O
shaft	O
down	O
so	O
that	O
bearing	O
retainer	O
plate	O
-LRB-	O
16	O
-RRB-	O
falls	O
against	O
housing	O
,	O
then	O
align	O
retainer	O
with	O
screw	O
holes	O
.	O
-LRB-	O
See	O
Fig.	O
26	O
-RRB-	O
Start	O
each	O
of	O
the	O
four	O
retainer	O
attaching	O
screws	O
-LRB-	O
214	O
-RRB-	O
,	O
then	O
tighten	O
screws	O
gradually	O
in	O
sequence	O
to	O
pull	O
retainer	O
squarely	O
against	O
bearing	O
.	O
TIGHTEN	O
Bearing	O
retainer	O
attaching	O
screws	O
-LRB-	O
214	O
-RRB-	O
to	O
5	O
N.m	O
-LRB-	O
45	O
lb	O
.	O
in	O
.	O
-RRB-	O
.	O
IMPORTANT	O
To	O
allow	O
access	O
for	O
later	O
installation	O
of	O
thru	O
bolts	O
-LRB-	O
213	O
-RRB-	O
,	O
do	O
not	O
assemble	O
fan	O
and	O
pulley	O
to	O
drive	O
end	O
assembly	O
at	O
this	O
time	O
.	O
ASSEMBLY	O
OF	O
RECTIFIER	O
END	O
HOUSING	O
AND	O
COMPONENTS	O
INSTALL	O
OR	O
CONNECT	O
Lightly	O
lubricate	O
outside	O
surface	O
of	O
hinge	O
bushing	O
-LRB-	O
17	O
-RRB-	O
.	O
Press	O
hinge	O
bushing	O
into	O
hole	O
in	O
lug	O
on	O
rectifier	O
end	O
housing	O
-LRB-	O
1	O
-RRB-	O
.	O
Install	O
bushing	O
flush	O
with	O
inside	O
of	O
lug	O
to	O
allow	O
maximum	O
distance	O
between	O
two	O
hinge	O
lugs	O
for	O
mounting	O
.	O
Final	O
position	O
of	O
hinge	O
bushing	O
will	O
be	O
adjusted	O
during	O
mounting	O
-LRB-	O
See	O
Fig.	O
27	O
-RRB-	O
.	O
Position	O
new	O
bearing	O
-LRB-	O
2	O
-RRB-	O
into	O
rectifier	O
end	O
housing	O
-LRB-	O
1	O
-RRB-	O
with	O
seal	O
toward	O
rotor	O
assembly	O
-LRB-	O
10	O
-RRB-	O
as	O
assembled	O
.	O
Press	O
bearing	O
outer	O
race	O
into	O
housing	O
center	O
hole	O
until	O
flush	O
with	O
machined	O
face	O
inside	O
housing	O
.	O
-LRB-	O
See	O
Fig.	O
28	O
-RRB-	O
Push	O
plug	O
-LRB-	O
222	O
-RRB-	O
into	O
end	O
of	O
housing	O
until	O
outside	O
edges	O
are	O
flush	O
with	O
edge	O
of	O
RE	O
housing	O
.	O
Add	O
ball	O
and	O
roller	O
bearing	O
lubricant	O
-LRB-	O
1948791	O
-RRB-	O
until	O
cavity	O
between	O
plug	O
-LRB-	O
222	O
-RRB-	O
and	O
bearing	O
outer	O
race	O
-LRB-	O
2	O
-RRB-	O
is	O
about	O
half	O
full	O
,	O
placing	O
grease	O
so	O
that	O
it	O
touches	O
the	O
edge	O
of	O
the	O
bearing	O
outer	O
race	O
in	O
several	O
places	O
around	O
the	O
outside	O
of	O
the	O
bearing	O
.	O
Cover	O
opening	O
with	O
tape	O
to	O
prevent	O
contamination	O
.	O
Turn	O
leads	O
so	O
that	O
they	O
will	O
be	O
properly	O
positioned	O
after	O
installation	O
.	O
-LRB-	O
See	O
Fig.	O
29	O
-RRB-	O
Place	O
field	O
coil	O
and	O
support	O
-LRB-	O
9	O
-RRB-	O
into	O
rectifier	O
end	O
housing	O
-LRB-	O
1	O
-RRB-	O
,	O
guiding	O
leads	O
through	O
hole	O
into	O
electronics	O
compartment	O
and	O
aligning	O
mounting	O
holes	O
in	O
support	O
with	O
screw	O
holes	O
in	O
rectifier	O
housing	O
.	O
Ensure	O
leads	O
do	O
not	O
touch	O
housing	O
.	O
Install	O
4	O
field	O
coil	O
and	O
support	O
attachment	O
screws	O
-LRB-	O
221	O
-RRB-	O
-LRB-	O
3	O
screws	O
used	O
in	O
early	O
production	O
-RRB-	O
.	O
TIGHTEN	O
Field	O
coil	O
and	O
support	O
attachment	O
screws	O
-LRB-	O
217	O
-RRB-	O
to	O
6.2	O
N.m	O
-LRB-	O
55	O
lb	O
.	O
in	O
.	O
-RRB-	O
.	O
INSTALL	O
OR	O
CONNECT	O
NOTICE	O
:	O
Handle	O
stator	O
with	O
care	O
to	O
avoid	O
bending	O
windings	O
or	O
breaking	O
varnish	O
insulation	O
on	O
windings	O
.	O
If	O
windings	O
are	O
damaged	O
before	O
or	O
during	O
installation	O
,	O
they	O
may	O
become	O
shorted	O
and	O
cause	O
reduced	O
alternator	O
output	O
.	O
Stator	O
must	O
be	O
installed	O
before	O
rectifier	O
.	O
Straighten	O
stator	O
leads	O
-LRB-	O
B	O
-RRB-	O
to	O
ease	O
installation	O
.	O
Lubricate	O
grommet	O
-LRB-	O
C	O
-RRB-	O
on	O
stator	O
leads	O
lightly	O
with	O
petroleum	O
jelly	O
.	O
Welded	O
junction	O
connector	O
on	O
some	O
stators	O
must	O
be	O
positioned	O
straight	O
up	O
from	O
windings	O
to	O
prevent	O
grounding	O
to	O
housing	O
or	O
rotor	O
when	O
alternator	O
is	O
assembled	O
.	O
Straighten	O
stator	O
lead	O
wires	O
all	O
the	O
way	O
to	O
the	O
windings	O
and	O
insert	O
through	O
well	O
in	O
housing	O
into	O
electronics	O
compartment	O
-LRB-	O
See	O
Fig.	O
30	O
-RRB-	O
.	O
Align	O
thru-bolt	O
holes	O
in	O
stator	O
-LRB-	O
11	O
-RRB-	O
with	O
those	O
in	O
RE	O
housing	O
-LRB-	O
1	O
-RRB-	O
.	O
Push	O
stator	O
into	O
housing	O
far	O
enough	O
to	O
hold	O
it	O
in	O
place	O
,	O
being	O
sure	O
grommet	O
-LRB-	O
C	O
-RRB-	O
on	O
wires	O
is	O
inserted	O
into	O
well	O
in	O
housing	O
at	O
the	O
same	O
time	O
.	O
Stator	O
lead	O
wires	O
should	O
be	O
stiff	O
enough	O
to	O
push	O
grommet	O
into	O
well	O
as	O
stator	O
is	O
installed	O
-LRB-	O
if	O
not	O
,	O
carefully	O
push	O
on	O
grommet	O
with	O
a	O
blunt	O
instrument	O
to	O
seat	O
it	O
in	O
the	O
well	O
-RRB-	O
.	O
The	O
stator	O
must	O
be	O
fully	O
seated	O
in	O
housing	O
at	O
this	O
time	O
.	O
Note	O
:	O
If	O
necessary	O
,	O
place	O
wood	O
blocks	O
on	O
opposite	O
corners	O
of	O
the	O
stator	O
frame	O
and	O
use	O
arbor	O
press	O
-LRB-	O
or	O
tap	O
blocks	O
with	O
hammer	O
-RRB-	O
to	O
seat	O
stator	O
frame	O
against	O
rectifier	O
end	O
housing	O
.	O
Do	O
not	O
push	O
against	O
windings	O
!	O
Rectifier	O
bridge	O
-LRB-	O
8	O
-RRB-	O
to	O
RE	O
housing	O
-LRB-	O
1	O
-RRB-	O
.	O
Install	O
one	O
rectifier	O
bridge	O
attaching	O
screw	O
-LRB-	O
224	O
-RRB-	O
through	O
grounded	O
heat	O
sink	O
into	O
RE	O
housing	O
.	O
-LRB-	O
Fig.	O
31	O
-RRB-	O
Finger	O
tighten	O
.	O
Capacitor	O
-LRB-	O
12	O
-RRB-	O
to	O
holes	O
in	O
end	O
of	O
rectifier	O
bridge	O
-LRB-	O
8	O
-RRB-	O
-LRB-	O
Fig.	O
32	O
-RRB-	O
Install	O
ground	O
screw	O
-LRB-	O
224	O
-RRB-	O
through	O
capacitor	O
-LRB-	O
12	O
-RRB-	O
,	O
grounded	O
heat	O
sink	O
,	O
and	O
into	O
RE	O
housing	O
.	O
Finger	O
tighten	O
.	O
Output	O
strap	O
-LRB-	O
186	O
-RRB-	O
over	O
insulated	O
rectifier	O
and	O
capacitor	O
holes	O
.	O
-LRB-	O
If	O
new	O
output	O
terminal	O
assembly	O
,	O
install	O
per	O
instructions	O
in	O
package	O
.	O
-RRB-	O
Insulated	O
capacitor	O
attaching	O
screw	O
-LRB-	O
226	O
-RRB-	O
,	O
through	O
output	O
strap	O
-LRB-	O
186	O
-RRB-	O
,	O
capacitor	O
connector	O
-LRB-	O
12	O
-RRB-	O
,	O
and	O
into	O
RE	O
housing	O
.	O
Finger	O
tighten	O
.	O
INSPECT	O
Regulator	O
mounting	O
area	O
for	O
presence	O
of	O
grease	O
or	O
dirt	O
-LRB-	O
Fig.	O
33	O
-RRB-	O
.	O
Good	O
electrical	O
contact	O
is	O
necessary	O
in	O
this	O
area	O
.	O
NOTICE	O
:	O
Do	O
not	O
immerse	O
or	O
wet	O
regulator	O
with	O
solvent	O
.	O
Internal	O
damage	O
to	O
regulator	O
could	O
result	O
.	O
CLEAN	O
Regulator	O
mounting	O
bosses	O
in	O
RE	O
housing	O
,	O
metal	O
base	O
plate	O
and	O
contact	O
rings	O
on	O
regulator	O
by	O
wiping	O
with	O
dry	O
cloth	O
.	O
INSTALL	O
OR	O
CONNECT	O
Regulator	O
-LRB-	O
6	O
-RRB-	O
with	O
terminal	O
cover	O
-LRB-	O
220	O
-RRB-	O
assembled	O
to	O
RE	O
housing	O
-LRB-	O
1	O
-RRB-	O
with	O
regulator	O
attaching	O
screw	O
-LRB-	O
224	O
-RRB-	O
-LRB-	O
grounding	O
-RRB-	O
.	O
-LRB-	O
See	O
Fig.	O
33	O
-RRB-	O
Finger	O
tighten	O
.	O
One	O
field	O
coil	O
lead	O
terminal	O
-LRB-	O
A	O
-RRB-	O
over	O
regulator	O
-LRB-	O
6	O
-RRB-	O
mounting	O
hole	O
closest	O
to	O
terminal	O
.	O
-LRB-	O
Ensure	O
leads	O
do	O
not	O
touch	O
edge	O
of	O
frame	O
hole	O
.	O
-RRB-	O
Insulated	O
screw	O
-LRB-	O
217	O
-RRB-	O
through	O
lead	O
terminal	O
-LRB-	O
A	O
-RRB-	O
and	O
regulator	O
-LRB-	O
6	O
-RRB-	O
into	O
rectifier	O
end	O
housing	O
-LRB-	O
1	O
-RRB-	O
.	O
Finger	O
tighten	O
.	O
Bridge	O
to	O
regulator	O
stud	O
connector	O
-LRB-	O
219	O
-RRB-	O
over	O
threaded	O
stud	O
of	O
regulator	O
-LRB-	O
6	O
-RRB-	O
with	O
nut	O
-LRB-	O
218	O
-RRB-	O
.	O
Finger	O
tighten	O
.	O
Diode	O
trio	O
-LRB-	O
7	O
-RRB-	O
on	O
to	O
3	O
threaded	O
studs	O
on	O
rectifier	O
bridge	O
-LRB-	O
8	O
-RRB-	O
.	O
Insulated	O
screw	O
-LRB-	O
217	O
-RRB-	O
through	O
indicator	O
strap	O
-LRB-	O
208	O
-RRB-	O
hole	O
,	O
long	O
leg	O
of	O
diode	O
trio	O
-LRB-	O
7	O
-RRB-	O
and	O
other	O
field	O
coil	O
lead	O
terminal	O
-LRB-	O
A	O
-RRB-	O
into	O
regulator	O
-LRB-	O
6	O
-RRB-	O
unused	O
hole	O
and	O
into	O
R.E.	O
housing	O
.	O
-LRB-	O
See	O
Fig.	O
34	O
-RRB-	O
Finger	O
tighten	O
.	O
Screw	O
-LRB-	O
226	O
-RRB-	O
through	O
other	O
hole	O
in	O
bridge	O
to	O
regulator	O
stud	O
connector	O
-LRB-	O
219	O
-RRB-	O
into	O
rectifier	O
bridge	O
-LRB-	O
8	O
-RRB-	O
and	O
into	O
RE	O
housing	O
.	O
Finger	O
tighten	O
.	O
TIGHTEN	O
Two	O
rectifier	O
ground	O
screws	O
-LRB-	O
224	O
-RRB-	O
to	O
4	O
N.m	O
-LRB-	O
35	O
lb	O
.	O
in	O
.	O
-RRB-	O
-LRB-	O
See	O
Fig.	O
35	O
-RRB-	O
INSTALL	O
OR	O
CONNECT	O
``	O
R	O
''	O
terminal	O
connector	O
strap	O
-LRB-	O
198	O
-RRB-	O
over	O
rectifier	O
stud	O
closest	O
to	O
capacitor	O
-LRB-	O
12	O
-RRB-	O
.	O
-LRB-	O
If	O
installing	O
new	O
``	O
R	O
''	O
terminal	O
follow	O
instruction	O
in	O
package	O
.	O
-RRB-	O
-LRB-	O
See	O
Fig.	O
35	O
-RRB-	O
Three	O
stator	O
leads	O
-LRB-	O
B	O
-RRB-	O
over	O
matching	O
rectifier	O
bridge	O
-LRB-	O
8	O
-RRB-	O
studs	O
.	O
Three	O
nuts	O
-LRB-	O
218	O
-RRB-	O
on	O
rectifier	O
bridge	O
studs	O
.	O
Finger	O
tighten	O
.	O
Secure	O
fasteners	O
shown	O
in	O
the	O
following	O
order	O
-LRB-	O
See	O
Fig.	O
36	O
-RRB-	O
TIGHTEN	O
One	O
regulator	O
ground	O
-LRB-	O
mounting	O
-RRB-	O
screw	O
-LRB-	O
224	O
-RRB-	O
to	O
2.5	O
N.m	O
-LRB-	O
23	O
lb	O
.	O
in	O
.	O
-RRB-	O
Two	O
insulated	O
regulator	O
screws	O
-LRB-	O
217	O
-RRB-	O
to	O
2.0	O
N.m	O
-LRB-	O
20	O
lb	O
.	O
in	O
.	O
-RRB-	O
Two	O
rectifier	O
bridge	O
insulated	O
screws	O
-LRB-	O
226	O
-RRB-	O
to	O
2.0	O
N.m	O
-LRB-	O
20	O
lb	O
.	O
in	O
-RRB-	O
Three	O
rectifier	O
bridge	O
nuts	O
-LRB-	O
218	O
-RRB-	O
to	O
2.5	O
N.m	O
-LRB-	O
23	O
lb	O
.	O
in	O
.	O
-RRB-	O
Regulator	O
stud	O
nut	O
-LRB-	O
218	O
-RRB-	O
to	O
2.0	O
N.m	O
-LRB-	O
20	O
lb	O
.	O
in	O
.	O
-RRB-	O
FINAL	O
ALTERNATOR	O
ASSEMBLY	O
CLEAN	O
Inner	O
race	O
of	O
rectifier	O
end	O
bearing	O
-LRB-	O
3	O
-RRB-	O
on	O
rotor	O
shaft	O
to	O
prevent	O
contamination	O
of	O
grease	O
.	O
-LRB-	O
See	O
Fig.	O
37	O
-RRB-	O
Remove	O
tape	O
to	O
expose	O
rectifier	O
end	O
bearing	O
.	O
Align	O
mounting	O
lugs	O
and	O
assemble	O
two	O
halves	O
of	O
alternator	O
-LRB-	O
See	O
Fig.	O
37	O
-RRB-	O
,	O
inserting	O
rectifier	O
end	O
bearing	O
inner	O
race	O
-LRB-	O
on	O
rotor	O
shaft	O
-RRB-	O
into	O
bearing	O
in	O
rectifier	O
end	O
housing	O
-LRB-	O
1	O
-RRB-	O
.	O
Seat	O
drive	O
end	O
housing	O
-LRB-	O
4	O
-RRB-	O
at	O
this	O
time	O
.	O
Using	O
arbor	O
press	O
and	O
appropriate	O
block	O
to	O
apply	O
even	O
pressure	O
on	O
end	O
frames	O
.	O
Insert	O
4	O
thru-bolts	O
-LRB-	O
213	O
-RRB-	O
through	O
drive	O
end	O
housing	O
-LRB-	O
4	O
-RRB-	O
and	O
stator	O
-LRB-	O
11	O
-RRB-	O
into	O
threaded	O
holes	O
in	O
rectifier	O
end	O
housing	O
-LRB-	O
1	O
-RRB-	O
.	O
Align	O
housings	O
and	O
stator	O
as	O
needed	O
to	O
allow	O
thru-bolts	O
to	O
stand	O
straight	O
in	O
holes	O
and	O
engage	O
threads	O
.	O
When	O
all	O
four	O
thru-bolts	O
are	O
inserted	O
,	O
tighten	O
them	O
in	O
round-robin	O
fashion	O
.	O
TIGHTEN	O
Thru	O
bolts	O
-LRB-	O
213	O
-RRB-	O
to	O
12.4	O
N.m	O
-LRB-	O
110	O
lb	O
.	O
in	O
.	O
-RRB-	O
After	O
assembly	O
,	O
dip	O
rectifier	O
end	O
frame	O
of	O
alternator	O
about	O
one	O
and	O
one	O
quarter	O
inch	O
-LRB-	O
1	O
1/4	O
''	O
-RRB-	O
deep	O
into	O
clear	O
electric	O
grade	O
varnish	O
or	O
otherwise	O
coat	O
area	O
of	O
electronics	O
to	O
protect	O
from	O
corrosion	O
-LRB-	O
See	O
Fig.	O
38	O
-RRB-	O
.	O
INSTALL	O
NOTICE	O
:	O
Make	O
sure	O
varnish	O
is	O
dry	O
before	O
proceeding	O
.	O
After	O
varish	O
is	O
dry	O
,	O
install	O
rectifier	O
end	O
cover	O
plate	O
-LRB-	O
15	O
-RRB-	O
with	O
four	O
attachment	O
screws	O
-LRB-	O
216	O
-RRB-	O
.	O
If	O
removed	O
,	O
replace	O
capacitor	O
-LRB-	O
DRA	O
198544	O
-RRB-	O
with	O
one	O
screw	O
-LRB-	O
216	O
-RRB-	O
-LRB-	O
See	O
Fig.	O
39	O
-RRB-	O
.	O
TIGHTEN	O
Attachment	O
screws	O
-LRB-	O
216	O
-RRB-	O
to	O
3	O
N.m	O
-LRB-	O
26	O
lb	O
.	O
in	O
.	O
-RRB-	O
.	O
INSTALL	O
Fan	O
-LRB-	O
13	O
-RRB-	O
onto	O
rotor	O
shaft	O
with	O
vanes	O
toward	O
body	O
of	O
alternator	O
-LRB-	O
See	O
Fig.	O
40	O
-RRB-	O
.	O
NOTICE	O
:	O
Several	O
pulley	O
styles	O
are	O
available	O
from	O
ACDelco	O
for	O
7/8	O
''	O
shaft	O
alternators	O
,	O
including	O
a	O
blank	O
that	O
can	O
be	O
custom	O
machined	O
for	O
unique	O
applications	O
.	O
Pulley	O
-LRB-	O
14	O
-RRB-	O
suitable	O
for	O
engine	O
application	O
.	O
Flat	O
washer	O
-LRB-	O
212	O
-RRB-	O
and	O
lock	O
nut	O
-LRB-	O
211	O
-RRB-	O
onto	O
shaft	O
with	O
locknut	O
flat	O
side	O
next	O
to	O
washer	O
.	O
Insert	O
5/16	O
''	O
hex	O
wrench	O
or	O
driver	O
into	O
end	O
of	O
shaft	O
.	O
Holding	O
the	O
shaft	O
with	O
a	O
hex	O
driver	O
installed	O
on	O
a	O
torque	O
wrench	O
makes	O
an	O
ideal	O
way	O
to	O
check	O
torque	O
while	O
tightening	O
the	O
nut	O
.	O
Tighten	O
pulley	O
nut	O
to	O
102	O
N.m	O
-LRB-	O
75	O
lb	O
.	O
ft.	O
-RRB-	O
.	O
ALTERNATOR	O
BENCH	O
TEST	O
TEST	O
EQUIPMENT	O
NEEDED	O
:	O
Alternator	O
Test	O
Stand	O
-LRB-	O
5000	O
rpm	O
capability	O
at	O
least	O
5	O
HP	O
-RRB-	O
Battery	O
or	O
Battery	O
Set	O
-LRB-	O
fully	O
charged	O
-RRB-	O
Variable	O
Carbon	O
Pile	O
Load	O
Test	O
Ammeter	O
-LRB-	O
current	O
capability	O
at	O
least	O
15	O
amps	O
higher	O
than	O
alternator	O
rating	O
-RRB-	O
Voltmeter	O
Ohmmeter	O
The	O
bench	O
test	O
procedure	O
will	O
verify	O
alternator	O
performance	O
prior	O
to	O
installation	O
on	O
the	O
vehicle	O
.	O
This	O
test	O
checks	O
the	O
alternator	O
output	O
in	O
the	O
same	O
manner	O
as	O
the	O
Rated	O
Output	O
Check	O
covered	O
earlier	O
.	O
If	O
bench	O
test	O
equipment	O
is	O
not	O
available	O
,	O
install	O
the	O
alternator	O
on	O
the	O
engine	O
according	O
to	O
manufacturer	O
's	O
instructions	O
and	O
repeat	O
the	O
Rated	O
Output	O
Check	O
to	O
verify	O
alternator	O
operation	O
.	O
If	O
bench	O
test	O
equipment	O
is	O
available	O
,	O
proceed	O
as	O
follows	O
:	O
Mount	O
alternator	O
in	O
test	O
stand	O
according	O
to	O
test	O
stand	O
manufacturer	O
's	O
instructions	O
.	O
IMPORTANT	O
:	O
Battery	O
or	O
battery	O
set	O
must	O
be	O
fully	O
charged	O
for	O
test	O
results	O
to	O
be	O
valid	O
.	O
NOTICE	O
:	O
When	O
a	O
12-volt	O
carbon	O
pile	O
load	O
test	O
is	O
used	O
to	O
diagnose	O
a	O
24-volt	O
system	O
,	O
attach	O
load	O
test	O
only	O
to	O
12-volt	O
potential	O
in	O
battery	O
set	O
.	O
Attaching	O
a	O
12-volt	O
load	O
test	O
to	O
a	O
24-volt	O
potential	O
will	O
damage	O
the	O
carbon	O
pile	O
.	O
With	O
carbon	O
pile	O
load	O
turned	O
off	O
and	O
with	O
battery	O
or	O
battery	O
set	O
fully	O
charged	O
,	O
make	O
electrical	O
connections	O
as	O
shown	O
in	O
Fig.	O
41	O
.	O
Battery	O
voltage	O
and	O
ground	O
polarity	O
must	O
be	O
same	O
as	O
system	O
in	O
which	O
alternator	O
is	O
used	O
.	O
Check	O
and	O
record	O
battery	O
or	O
battery	O
set	O
voltage	O
before	O
proceeding	O
with	O
test	O
.	O
With	O
carbon	O
pile	O
load	O
off	O
,	O
start	O
test	O
stand	O
and	O
slowly	O
increase	O
alternator	O
speed	O
to	O
highest	O
rpm	O
shown	O
under	O
Cold	O
Output	O
specifications	O
in	O
33/34	O
SI	O
Alternator	O
Specifications	O
at	O
the	O
end	O
of	O
this	O
manual	O
.	O
Observe	O
voltmeter	O
.	O
-	O
If	O
voltage	O
does	O
not	O
increase	O
but	O
remains	O
at	O
or	O
below	O
previous	O
reading	O
-LRB-	O
Step	O
2	O
-RRB-	O
,	O
there	O
is	O
no	O
alternator	O
output	O
.	O
Turn	O
carbon	O
pile	O
load	O
off	O
and	O
stop	O
test	O
stand	O
.	O
Residual	O
magnetism	O
in	O
rotor	O
may	O
have	O
been	O
lost	O
.	O
Skip	O
to	O
Step	O
5	O
.	O
-	O
If	O
voltage	O
increases	O
above	O
15.5	O
volts	O
on	O
12-volt	O
system	O
-LRB-	O
or	O
above	O
31	O
volts	O
on	O
24-volt	O
system	O
-RRB-	O
,	O
voltage	O
is	O
uncontrolled	O
.	O
Turn	O
carbon	O
pile	O
load	O
off	O
and	O
stop	O
test	O
stand	O
.	O
Recheck	O
alternator	O
for	O
proper	O
assembly	O
.	O
If	O
alternator	O
has	O
been	O
assembled	O
properly	O
,	O
replace	O
regulator	O
as	O
described	O
under	O
Unit	O
Repair	O
.	O
Also	O
check	O
field	O
coil	O
for	O
shorts	O
and	O
replace	O
if	O
defective	O
.	O
-	O
If	O
voltage	O
is	O
proper	O
,	O
proceed	O
to	O
next	O
step	O
.	O
With	O
alternator	O
running	O
at	O
highest	O
rpm	O
shown	O
under	O
Cold	O
Output	O
in	O
Specifications	O
,	O
turn	O
on	O
carbon	O
pile	O
load	O
and	O
adjust	O
to	O
obtain	O
maximum	O
alternator	O
output	O
on	O
ammeter	O
.	O
-	O
If	O
ammeter	O
reading	O
is	O
within	O
15	O
amps	O
of	O
Cold	O
Output	O
in	O
Specifications	O
,	O
alternator	O
is	O
good	O
.	O
Turn	O
off	O
carbon	O
pile	O
load	O
and	O
stop	O
test	O
stand	O
.	O
-	O
If	O
ammeter	O
reading	O
is	O
more	O
than	O
15	O
amps	O
below	O
specification	O
,	O
alternator	O
is	O
not	O
operating	O
properly	O
.	O
Turn	O
off	O
carbon	O
pile	O
load	O
and	O
stop	O
test	O
stand	O
.	O
Return	O
to	O
Unit	O
Repair	O
section	O
in	O
this	O
manual	O
and	O
re-diagnose	O
the	O
alternator	O
.	O
CAUTION	O
:	O
Do	O
not	O
allow	O
jumper	O
lead	O
to	O
be	O
accidentally	O
grounded	O
while	O
connected	O
to	O
battery	O
insulated	O
terminal	O
.	O
If	O
the	O
free	O
end	O
of	O
this	O
lead	O
is	O
accidentally	O
touched	O
to	O
the	O
alternator	O
housing	O
or	O
other	O
grounded	O
areas	O
,	O
the	O
jumper	O
lead	O
may	O
quickly	O
get	O
hot	O
enough	O
to	O
cause	O
a	O
skin	O
burn	O
or	O
to	O
damage	O
the	O
jumper	O
lead	O
.	O
Keep	O
jumper	O
lead	O
carefully	O
insulated	O
from	O
grounding	O
during	O
this	O
procedure	O
.	O
EQUIPMENT	O
NEEDED	O
:	O
Jumper	O
Lead	O
-LRB-	O
18	O
ga.	O
min	O
;	O
no	O
fuse	O
-RRB-	O
To	O
restore	O
residual	O
magnetism	O
in	O
alternators	O
with	O
an	O
``	O
R	O
''	O
or	O
``	O
I	O
''	O
terminal	O
,	O
alternator	O
ground	O
terminal	O
must	O
be	O
connected	O
to	O
battery	O
ground	O
terminal	O
.	O
This	O
may	O
be	O
done	O
directly	O
or	O
through	O
the	O
test	O
stand	O
wiring	O
.	O
-LRB-	O
See	O
Fig.	O
42	O
-RRB-	O
Disconnect	O
carbon	O
pile	O
load	O
test	O
from	O
battery	O
if	O
still	O
connected	O
.	O
Disconnect	O
any	O
leads	O
connected	O
to	O
alternator	O
``	O
R	O
''	O
or	O
``	O
I	O
''	O
terminal	O
.	O
Connect	O
jumper	O
lead	O
to	O
battery	O
positive	O
.	O
Without	O
touching	O
other	O
grounded	O
areas	O
-LRB-	O
See	O
CAUTION	O
Above	O
-RRB-	O
,	O
momentarily	O
touch	O
-LRB-	O
``	O
flash	O
''	O
-RRB-	O
free	O
end	O
of	O
jumper	O
lead	O
to	O
alternator	O
``	O
R	O
''	O
or	O
``	O
I	O
''	O
terminal	O
.	O
The	O
momentary	O
current	O
flow	O
into	O
the	O
terminal	O
will	O
restore	O
the	O
proper	O
magnetism	O
in	O
the	O
rotor	O
.	O
Disconnect	O
the	O
jumper	O
lead	O
from	O
the	O
battery	O
,	O
then	O
return	O
to	O
Step	O
1	O
and	O
repeat	O
Alternator	O
Bench	O
Test	O
.	O
ALTERNATOR	O
INSTALLATION	O
CAUTION	O
:	O
Failure	O
to	O
disconnect	O
grounded	O
battery	O
cable	O
at	O
battery	O
before	O
removing	O
or	O
attaching	O
alternator	O
``	O
BAT	O
''	O
terminal	O
lead	O
may	O
result	O
in	O
an	O
injury	O
.	O
If	O
a	O
tool	O
is	O
shorted	O
to	O
the	O
battery	O
cable	O
connector	O
at	O
the	O
output	O
terminal	O
,	O
the	O
tool	O
can	O
quickly	O
heat	O
enough	O
to	O
cause	O
a	O
skin	O
burn	O
or	O
to	O
damage	O
the	O
tool	O
or	O
cable	O
.	O
REMOVE	O
OR	O
DISCONNECT	O
Negative	O
cable	O
at	O
battery	O
.	O
NOTICE	O
:	O
Always	O
reinstall	O
fasteners	O
at	O
original	O
location	O
.	O
If	O
necessary	O
to	O
replace	O
fasteners	O
,	O
use	O
only	O
correct	O
part	O
number	O
or	O
equivalent	O
.	O
-LRB-	O
See	O
Fig.	O
43	O
-RRB-	O
If	O
correct	O
part	O
number	O
is	O
not	O
available	O
,	O
use	O
only	O
equal	O
size	O
and	O
strength	O
.	O
Fasteners	O
that	O
are	O
NOT	O
to	O
be	O
reused	O
will	O
be	O
noted	O
in	O
procedure	O
.	O
Fasteners	O
requiring	O
thread	O
locking	O
compound	O
will	O
be	O
noted	O
in	O
procedure	O
.	O
Use	O
specified	O
torque	O
values	O
when	O
shown	O
.	O
Using	O
or	O
replacing	O
fasteners	O
in	O
any	O
other	O
manner	O
could	O
result	O
in	O
part	O
or	O
system	O
damage	O
.	O
INSTALLATION	O
PROCEDURE	O
-LRB-	O
See	O
Figure	O
44	O
-RRB-	O
Always	O
follow	O
engine	O
manufacturer	O
's	O
instructions	O
for	O
installing	O
alternator	O
on	O
engine	O
.	O
The	O
following	O
procedure	O
is	O
typical	O
and	O
may	O
not	O
match	O
all	O
steps	O
necessary	O
for	O
a	O
specific	O
application	O
.	O
TEST	O
EQUIPMENT	O
NEEDED	O
:	O
Belt	O
Tension	O
Gage	O
NOTICE	O
:	O
Before	O
installing	O
alternator	O
to	O
engine	O
,	O
check	O
mounting	O
bracket	O
-LRB-	O
101	O
-RRB-	O
and	O
adjustment	O
bracket	O
-LRB-	O
104	O
-RRB-	O
,	O
also	O
stabilizer	O
bracket	O
-LRB-	O
111	O
Fig.	O
46	O
-RRB-	O
;	O
if	O
used	O
,	O
to	O
ensure	O
they	O
are	O
not	O
worn	O
or	O
cracked	O
.	O
Make	O
sure	O
they	O
will	O
securely	O
mount	O
alternator	O
to	O
engine	O
with	O
proper	O
hardware	O
.	O
TIGHTEN	O
All	O
fasteners	O
holding	O
alternator	O
mounting	O
bracket	O
-LRB-	O
101	O
-RRB-	O
to	O
engine	O
manufacturers	O
torque	O
specifications	O
.	O
ADJUST	O
Rectifier	O
end	O
bushing	O
-LRB-	O
17	O
-RRB-	O
position	O
in	O
RE	O
housing	O
mounting	O
lug	O
to	O
allow	O
maximum	O
distance	O
between	O
mounting	O
lugs	O
-LRB-	O
H	O
-RRB-	O
.	O
NOTICE	O
:	O
Belt	O
tensioning	O
and	O
tightening	O
of	O
adjusting	O
bracket	O
and	O
mounting	O
bolts	O
must	O
be	O
completed	O
before	O
stabilizing	O
bracket	O
is	O
installed	O
.	O
INSTALL	O
OR	O
CONNECT	O
33	O
SI	O
or	O
34	O
SI	O
mounting	O
lugs	O
-LRB-	O
H	O
-RRB-	O
to	O
alternator	O
mounting	O
bracket	O
-LRB-	O
101	O
-RRB-	O
.	O
One	O
flanged	O
mounting	O
bolt	O
-LRB-	O
102	O
-RRB-	O
through	O
the	O
D.E.	O
frame	O
mounting	O
lug	O
-LRB-	O
H	O
-RRB-	O
,	O
the	O
alternator	O
mounting	O
bracket	O
-LRB-	O
101	O
-RRB-	O
,	O
and	O
the	O
R.E.	O
frame	O
mounting	O
lug	O
bushing	O
-LRB-	O
17	O
-RRB-	O
.	O
Flanged	O
mounting	O
nut	O
-LRB-	O
103	O
-RRB-	O
to	O
flanged	O
mounting	O
bolt	O
-LRB-	O
102	O
-RRB-	O
finger	O
tight	O
.	O
NOTICE	O
:	O
If	O
either	O
bolt	O
or	O
nut	O
are	O
not	O
flanged	O
a	O
1/8	O
''	O
thick	O
,	O
hardened	O
steel	O
flat	O
washer	O
-LRB-	O
105	O
-RRB-	O
-LRB-	O
See	O
Figure	O
43	O
-RRB-	O
must	O
be	O
substituted	O
for	O
flanged	O
applications	O
.	O
Flanged	O
adjustment	O
bolt	O
-LRB-	O
106	O
-RRB-	O
through	O
flat	O
washer	O
-LRB-	O
105	O
-RRB-	O
,	O
slot	O
in	O
adjustment	O
bracket	O
-LRB-	O
104	O
-RRB-	O
and	O
thread	O
into	O
hole	O
in	O
DE	O
frame	O
adjustment	O
lug	O
-LRB-	O
J	O
-RRB-	O
finger	O
tight	O
.	O
Alternator	O
belt	O
-LRB-	O
s	O
-RRB-	O
-LRB-	O
107	O
-RRB-	O
onto	O
pulley	O
-LRB-	O
14	O
-RRB-	O
.	O
NOTICE	O
:	O
If	O
engine	O
uses	O
automatic	O
belt	O
tensioning	O
-LRB-	O
idler	O
-RRB-	O
see	O
engine	O
manufactures	O
installation	O
instruction	O
.	O
Idler	O
if	O
used	O
.	O
NOTICE	O
:	O
Do	O
not	O
pry	O
on	O
alternator	O
,	O
rectifier	O
end	O
housing	O
-LRB-	O
1	O
-RRB-	O
to	O
adjust	O
belt	O
tension	O
.	O
This	O
may	O
damage	O
alternator	O
.	O
Pry	O
against	O
the	O
drive	O
end	O
frame	O
-LRB-	O
4	O
-RRB-	O
with	O
suitable	O
pry	O
bar	O
-LRB-	O
108	O
-RRB-	O
.	O
NOTICE	O
:	O
When	O
alternator	O
is	O
used	O
to	O
attain	O
belt	O
tension	O
see	O
engine	O
manufacturers	O
tension	O
specifications	O
.	O
Pry	O
bar	O
-LRB-	O
108	O
-RRB-	O
between	O
engine	O
and	O
drive	O
end	O
frame	O
-LRB-	O
4	O
-RRB-	O
of	O
alternator	O
.	O
Using	O
pry	O
bar	O
-LRB-	O
108	O
-RRB-	O
as	O
a	O
lever	O
apply	O
force	O
to	O
pry	O
alternator	O
and	O
increase	O
belt	O
tension	O
.	O
ADJUST	O
Belt	O
-LRB-	O
107	O
-RRB-	O
tension	O
using	O
belt	O
tension	O
gage	O
to	O
specification	O
and	O
hold	O
.	O
-LRB-	O
See	O
Fig.	O
45	O
-RRB-	O
TIGHTEN	O
Adjustment	O
bracket	O
-LRB-	O
104	O
-RRB-	O
to	O
engine	O
or	O
vehicle	O
manufacturers	O
specifications	O
.	O
Flange	O
adjustment	O
bolt	O
-LRB-	O
106	O
-RRB-	O
and	O
flanged	O
mounting	O
bolt	O
-LRB-	O
102	O
-RRB-	O
and	O
nut	O
-LRB-	O
103	O
-RRB-	O
to	O
88	O
N.m	O
-LRB-	O
65	O
lb	O
.	O
ft.	O
-RRB-	O
.	O
MEASURE	O
Belt	O
-LRB-	O
107	O
-RRB-	O
tension	O
with	O
belt	O
tension	O
gage	O
to	O
ensure	O
the	O
specification	O
is	O
maintained	O
.	O
If	O
not	O
repeat	O
steps	O
7	O
.	O
INSTALL	O
OR	O
CONNECT	O
NOTICE	O
:	O
Belt	O
tensioning	O
and	O
tightening	O
of	O
adjusting	O
bracket	O
and	O
mounting	O
bolts	O
must	O
be	O
completed	O
before	O
stabilizing	O
bracket	O
is	O
installed	O
.	O
Stabilizer	O
mounting	O
bolt	O
-LRB-	O
109	O
-RRB-	O
through	O
flat	O
washer	O
-LRB-	O
105	O
-RRB-	O
,	O
stabilizer	O
bracket	O
-LRB-	O
111	O
-RRB-	O
,	O
RE	O
housing	O
stabilizer	O
lug	O
-LRB-	O
1	O
-RRB-	O
,	O
flat	O
washer	O
-LRB-	O
105	O
-RRB-	O
and	O
thread	O
into	O
nut	O
-LRB-	O
110	O
-RRB-	O
finger	O
tight	O
.	O
-LRB-	O
See	O
Fig.	O
46	O
-RRB-	O
TIGHTEN	O
Stabilizer	O
bolt	O
-LRB-	O
109	O
-RRB-	O
and	O
nut	O
-LRB-	O
110	O
-RRB-	O
to	O
88	O
N.m	O
-LRB-	O
65	O
lb	O
.	O
ft.	O
-RRB-	O
.	O
VEHICLE	O
WIRING	O
INSTALLATION	O
-LRB-	O
See	O
Figure	O
47	O
&	O
48	O
-RRB-	O
NOTICE	O
:	O
On	O
certain	O
engine	O
configurations	O
a	O
1.5	O
µf	O
capacitor	O
-LRB-	O
DRA	O
198544	O
-RRB-	O
was	O
retrofited	O
to	O
some	O
alternators	O
.	O
INSTALL	O
OR	O
CONNECT	O
Battery	O
lead	O
-LRB-	O
112	O
-RRB-	O
,	O
lead	O
capacitor	O
-LRB-	O
116	O
-RRB-	O
if	O
required	O
,	O
lockwasher	O
-LRB-	O
182	O
-RRB-	O
and	O
nut	O
-LRB-	O
181	O
-RRB-	O
onto	O
output	O
stud	O
-LRB-	O
187	O
-RRB-	O
,	O
labeled	O
``	O
POS	O
''	O
on	O
cover	O
plate	O
-LRB-	O
15	O
-RRB-	O
finger	O
tight	O
.	O
-LRB-	O
See	O
Fig.	O
48	O
-RRB-	O
Relay	O
lead	O
-LRB-	O
113	O
-RRB-	O
,	O
lockwasher	O
-LRB-	O
192	O
-RRB-	O
and	O
nut	O
-LRB-	O
191	O
-RRB-	O
onto	O
relay	O
stud	O
-LRB-	O
193	O
-RRB-	O
labeled	O
``	O
R	O
''	O
on	O
cover	O
plate	O
finger	O
tight	O
,	O
if	O
used	O
.	O
Indicator	O
light	O
lead	O
-LRB-	O
114	O
-RRB-	O
,	O
lockwasher	O
-LRB-	O
202	O
-RRB-	O
and	O
nut	O
-LRB-	O
201	O
-RRB-	O
on	O
to	O
indicator	O
light	O
stud	O
-LRB-	O
203	O
-RRB-	O
,	O
labeled	O
``	O
I	O
''	O
on	O
cover	O
plate	O
finger	O
tight	O
,	O
if	O
used	O
.	O
Ground	O
screw	O
and	O
lockwasher	O
assembly	O
-LRB-	O
223	O
-RRB-	O
through	O
ground	O
wire	O
lead	O
-LRB-	O
115	O
-RRB-	O
into	O
threaded	O
hole	O
in	O
rectifier	O
end	O
housing	O
-LRB-	O
1	O
-RRB-	O
located	O
on	O
top	O
of	O
33	O
SI	O
or	O
on	O
side	O
of	O
34	O
SI	O
finger	O
tight	O
.	O
TIGHTEN	O
Ground	O
screw	O
and	O
lockwasher	O
assembly	O
-LRB-	O
223	O
-RRB-	O
to	O
6	O
N.m	O
-LRB-	O
55	O
lb	O
.	O
in	O
.	O
-RRB-	O
NOTICE	O
:	O
Use	O
suitable	O
open	O
end	O
wrench	O
to	O
hold	O
nut	O
-LRB-	O
181	O
-RRB-	O
hex	O
heads	O
on	O
``	O
R	O
''	O
and	O
``	O
I	O
''	O
terminal	O
studs	O
-LRB-	O
193	O
and	O
203	O
-RRB-	O
.	O
-LRB-	O
See	O
Fig.	O
49	O
.	O
-RRB-	O
Hex	O
head	O
nut	O
-LRB-	O
181	O
-RRB-	O
on	O
``	O
POS	O
''	O
terminal	O
to	O
7	O
N.m	O
-LRB-	O
65	O
lb	O
.	O
in	O
.	O
-RRB-	O
.	O
Hex	O
nuts	O
-LRB-	O
191	O
-RRB-	O
and	O
-LRB-	O
201	O
-RRB-	O
or	O
''	O
``	O
R	O
''	O
and	O
``	O
I	O
''	O
terminals	O
to	O
2	O
N.m	O
-LRB-	O
20	O
lb	O
.	O
in	O
.	O
-RRB-	O
,	O
if	O
used	O
.	O
INSTALL	O
OR	O
CONNECT	O
PIN	O
terminal	O
cap	O
on	O
any	O
terminals	O
not	O
used	O
or	O
any	O
PIN	O
connections	O
.	O
Vehicle	O
battery	O
cable	O
to	O
battery	O
-LRB-	O
s	O
-RRB-	O
.	O
