DISASSEMBLY	OPER
AND	O
BENCH	O
CHECKS	O
TEST	O
EQUIPMENT	O
NEEDED	O
:	O
Multimeter	TOOL
Regulator	TOOL
Tester	O
ALTERNATOR	PART
NOTICE	O
:	O
On	O
some	O
alternators	PART
on	O
certain	O
engine	PART
configurations	O
,	O
a	O
1,5	O
µf	O
capacitor	PART
has	O
been	O
installed	O
to	O
the	O
output	PART
terminal	PART
and	O
attached	O
with	O
a	O
cover	PART
screw	PART
0	O
Remove	OPER
the	O
capacitor	PART
-LRB-	O
DRA	ID
1985444	ID
-RRB-	O
before	O
performing	O
``	O
Regulatror	O
Quick	O
Check	OPER
0	O
''	O
0	O
Remove	OPER
screws	PART
-LRB-	O
216	O
-RRB-	O
and	O
rectifier	PART
end	O
plate	PART
-LRB-	O
15	O
-RRB-	O
to	O
expose	O
electronics	PART
compartment	PART
0	O
-LRB-	O
See	O
Fig.	O
12	O
-RRB-	O
0	O
Inspect	OPER
electronics	PART
compartment	PART
for	O
contamination	O
,	O
for	O
shorted	O
or	O
grounded	O
wires	PART
,	O
and	O
for	O
loose	O
connections	O
0	O
If	O
contamination	O
is	O
present	O
,	O
clean	O
and	O
dry	O
compartment	PART
before	O
proceeding	O
0	O
The	O
protective	PART
coating	PART
on	O
all	O
electronic	PART
components	PART
is	O
a	O
good	O
insulator	PART
and	O
must	O
be	O
scraped	O
off	O
to	O
get	O
a	O
good	O
contact	O
for	O
test	O
equipment	O
probes	O
0	O
FIELD	PART
COIL	PART
Disconnect	OPER
2	O
field	PART
leads	PART
-LRB-	O
A	O
-RRB-	O
from	O
regulator	PART
-LRB-	O
6	O
-RRB-	O
-LRB-	O
See	O
Fig.	O
13	O
-RRB-	O
,	O
by	O
removing	OPER
2	O
insulated	PART
regulator	PART
attachment	O
screws	PART
-LRB-	O
217	O
-RRB-	O
0	O
Use	O
ohmmeter	TOOL
-LRB-	O
or	O
voltmeter	TOOL
,	O
ammeter	TOOL
and	O
battery	PART
-RRB-	O
to	O
check	OPER
resistance	PROP
of	O
field	PART
coil	PART
0	O
Compare	O
to	O
Field	O
Check	O
ohms	O
-LRB-	O
or	O
volts	O
and	O
amps	O
-RRB-	O
in	O
Specifications	O
at	O
the	O
end	O
of	O
this	O
manual	O
or	O
from	O
Service	O
Specification	O
Bulletin	O
0	O
If	O
outside	O
specifications	O
,	O
replace	OPER
field	PART
coil	PART
as	O
described	O
later	O
in	O
this	O
manual	O
0	O
DIODE	PART
TRIO	PART
To	O
check	OPER
the	O
diode	PART
trio	PART
-LRB-	O
7	O
-RRB-	O
,	O
remove	OPER
it	O
from	O
the	O
electronics	PART
compartment	PART
by	O
detaching	OPER
the	O
3	O
nuts	PART
-LRB-	O
218	O
-RRB-	O
,	O
stator	PART
leads	PART
-LRB-	O
B	O
-RRB-	O
and	O
attaching	OPER
screw	PART
-LRB-	O
217	O
-RRB-	O
0	O
Note	O
that	O
the	O
insulating	PART
washer	PART
on	O
the	O
screw	PART
is	O
assembled	O
over	RPOS
the	O
top	RPOS
of	O
the	O
diode	PART
trio	PART
connector	PART
0	O
Discard	OPER
screw	PART
if	O
insulation	PROP
is	O
fractured	O
during	O
removal	O
0	O
CAPACITOR	PART
Remove	OPER
capacitor	PART
-LRB-	O
12	O
-RRB-	O
by	O
removing	O
the	O
remaining	O
two	O
attachment	O
screws	PART
-LRB-	O
224	O
-RRB-	O
and	O
screw	OPER
-LRB-	O
226	O
-RRB-	O
sliding	OPER
out	RPOS
capacitor	PART
0	O
-LRB-	O
A	O
sharp	PROP
tool	TOOL
may	O
be	O
used	O
to	O
break	OPER
varnish	PART
seal	PART
0	O
-RRB-	O
Using	O
continuity	O
check	O
mode	O
-LRB-	O
diode	PART
check	OPER
mode	O
on	O
digital	TOOL
meter	TOOL
-RRB-	O
,	O
check	OPER
for	O
a	O
shorted	O
capacitor	PART
by	O
touching	O
ohmmeter	TOOL
leads	O
to	O
capacitor	PART
lead	PART
-LRB-	O
F	O
-RRB-	O
and	O
grounding	O
tab	O
-LRB-	O
T	O
-RRB-	O
0	O
-LRB-	O
See	O
Fig.	O
15	O
-RRB-	O
This	O
check	OPER
should	O
show	O
an	O
open	O
circuit	O
0	O
REGULATOR	O
To	O
remove	OPER
regulator	PART
-LRB-	O
6	O
-RRB-	O
for	O
testing	O
,	O
remove	OPER
sense	O
lead	PART
nut	PART
-LRB-	O
218	O
-RRB-	O
,	O
bridge	O
to	O
regulator	PART
stud	PART
connector	PART
-LRB-	O
219	O
-RRB-	O
and	O
2	O
screws	PART
-LRB-	O
217	O
-RRB-	O
if	O
not	O
removed	O
previously	O
and	O
screw	PART
-LRB-	O
224	O
-RRB-	O
0	O
Disconnect	OPER
``	O
I	O
''	O
terminal	PART
sense	PART
lead	PART
strap	PART
to	O
allow	O
regulator	PART
removal	O
0	O
-LRB-	O
See	O
Fig.	O
16	O
-RRB-	O
Note	O
:	O
Discard	OPER
insulated	PROP
screw	PART
if	O
insulation	O
is	O
fractured	O
during	O
removal	OPER
0	O
Check	OPER
regulator	PART
on	O
approved	O
tester	O
for	O
SI	O
type	O
regulators	PART
0	O
If	O
regulator	PART
tests	O
good	O
,	O
return	O
it	O
to	O
service	O
0	O
If	O
it	O
tests	O
bad	O
,	O
replace	OPER
it	O
0	O
Install	OPER
regulator	PART
as	O
described	O
later	O
in	O
this	O
section	O
0	O
RECTIFIER	PART
BRIDGE	PART
Use	O
the	O
ohmmeter	TOOL
or	O
-LRB-	O
for	O
digital	TOOL
meters	TOOL
-RRB-	O
the	O
diode	PART
check	O
function	O
of	O
the	O
multimeter	TOOL
to	O
check	OPER
the	O
rectifier	PART
bridge	PART
-LRB-	O
8	O
-RRB-	O
0	O
Bridge	PART
may	O
be	O
checked	O
in	O
place	O
in	O
the	O
RE	O
housing	PART
-LRB-	O
1	O
-RRB-	O
0	O
All	O
terminals	PART
must	O
be	O
disconnected	O
from	O
the	O
threaded	PART
phase	PART
studs	PART
0	O
``	O
R	O
''	O
terminal	PART
and	O
output	PART
terminal	PART
straps	PART
-LRB-	O
198	O
&	O
186	O
-RRB-	O
may	O
be	O
raised	O
approximately	O
one	O
inch	O
-LRB-	O
2,5	O
cm	O
-RRB-	O
above	RPOS
rectifier	PART
for	O
removal	O
of	O
diode	PART
trio	PART
-LRB-	O
7	O
-RRB-	O
or	O
rectifier	PART
bridge	PART
-LRB-	O
8	O
-RRB-	O
0	O
Check	OPER
6	O
diodes	PART
as	O
follows	O
:	O
Place	OPER
negative	O
ohmmeter	TOOL
lead	O
on	O
grounded	O
heat	PART
sink	PART
0	O
Touch	O
positive	O
ohmmeter	TOOL
lead	O
firmly	O
to	O
metal	O
diode	PART
clips	PART
that	O
surround	O
each	O
of	O
the	O
3	O
threaded	PART
studs	PART
0	O
All	O
3	O
readings	O
should	O
be	O
the	O
same	O
,	O
and	O
indicate	O
open	O
circuits	PART
0	O
Switch	OPER
leads	O
and	O
repeat	O
0	O
All	O
3	O
new	O
readings	O
should	O
indicate	O
continuity	O
-LRB-	O
Fig.	O
17	O
-RRB-	O
Repeat	O
checks	O
using	O
insulated	PROP
-LRB-	O
positive	O
-RRB-	O
heat	PART
sink	PART
in	O
place	O
of	O
grounded	O
heat	O
sink	O
0	O
With	O
negative	O
ohmmeter	TOOL
lead	O
on	O
insulated	PROP
heat	PART
sink	PART
,	O
all	O
3	O
readings	O
should	O
indicate	O
continuity	O
0	O
Switch	O
leads	O
and	O
repeat	O
0	O
All	O
3	O
new	O
readings	O
should	O
indicate	O
open	O
circuits	PART
0	O
If	O
all	O
readings	O
are	O
correct	O
,	O
the	O
rectifier	PART
bridge	PART
is	O
good	O
0	O
If	O
any	O
reading	O
is	O
wrong	O
,	O
an	O
open	O
or	O
shorted	PROP
diode	PART
is	O
indicated	O
and	O
rectifier	PART
bridge	PART
should	O
be	O
replaced	O
0	O
To	O
remove	O
bridge	PART
,	O
remove	O
nut	PART
-LRB-	O
218	O
-RRB-	O
,	O
nut	PART
-LRB-	O
199	O
-RRB-	O
and	O
relay	PART
strap	PART
-LRB-	O
198	O
-RRB-	O
from	O
regulator	PART
stud	PART
-LRB-	O
193	O
-RRB-	O
,	O
two	O
bridge	PART
attaching	O
screws	PART
-LRB-	O
226	O
-RRB-	O
,	O
and	O
insulated	PROP
capacitor	PART
attaching	O
screw	PART
-LRB-	O
224	O
-RRB-	O
0	O
Lift	OPER
capacitor	PART
-LRB-	O
12	O
-RRB-	O
and	O
rectifier	PART
bridge	PART
-LRB-	O
8	O
-RRB-	O
from	O
SRE	O
housing	PART
-LRB-	O
Fig.	O
18	O
-RRB-	O
0	O
STATOR	PART
Disconnect	OPER
the	O
3	O
stator	PART
phase	PART
leads	PART
-LRB-	O
B	O
-RRB-	O
from	O
the	O
diode	PART
bridge	PART
studs	PART
by	O
removing	O
3	O
nuts	PART
-LRB-	O
218	O
-RRB-	O
0	O
Use	O
continuity	O
check	O
function	O
of	O
ohmmeter	TOOL
to	O
check	OPER
stator	PART
windings	PART
0	O
-LRB-	O
See	O
Fig.	O
18	O
-RRB-	O
Place	OPER
one	O
meter	O
lead	O
on	O
one	O
of	O
the	O
stator	PART
phase	PART
lead	PART
connectors	PART
and	O
check	OPER
for	O
continuity	O
to	O
each	O
of	O
the	O
other	O
two	O
stator	PART
leads	O
.	O
There	O
should	O
be	O
continuity	O
to	O
both	O
0	O
If	O
not	O
,	O
one	O
or	O
more	O
of	O
the	O
stator	PART
coils	PART
is	O
open	O
;	O
replace	OPER
the	O
stator	PART
as	O
described	O
later	O
in	O
this	O
section	O
0	O
To	O
check	OPER
for	O
grounds	PART
,	O
again	O
touch	O
one	O
meter	O
lead	O
to	O
one	O
of	O
the	O
stator	PART
phase	PART
leads	PART
,	O
and	O
touch	OPER
the	O
other	O
meter	O
lead	O
to	O
clean	O
metal	O
ground	O
on	O
the	O
alternator	PART
housing	PART
0	O
There	O
should	O
not	O
be	O
continuity	O
0	O
If	O
there	O
is	O
continuity	O
,	O
the	O
stator	PART
is	O
grounded	O
and	O
should	O
be	O
replaced	O
as	O
described	O
later	O
in	O
this	O
section	O
0	O
It	O
is	O
not	O
possible	O
to	O
detect	O
shorted	O
stator	PART
windings	PART
with	O
ordinary	O
shop	O
equipment	O
0	O
However	O
,	O
if	O
all	O
other	O
electrical	PART
checks	O
are	O
normal	O
and	O
the	O
alternator	PART
has	O
exhibited	O
low	O
output	O
,	O
shorted	O
stator	PART
windings	PART
may	O
be	O
the	O
cause	O
0	O
In	O
such	O
cases	O
,	O
replace	O
the	O
stator	PART
as	O
described	O
later	O
in	O
this	O
section	O
0	O
FINAL	O
DISASSEMBLY	OPER
NOTICE	O
:	O
Do	O
not	O
damage	O
exposed	PROP
stator	PART
or	O
field	PART
windings	PART
0	O
Bumping	OPER
or	O
scraping	OPER
these	O
windings	PART
may	O
break	O
the	O
insulation	PROP
and	O
leave	O
a	O
place	O
for	O
a	O
short	O
circuit	O
or	O
ground	O
to	O
develop	O
later	O
,	O
causing	O
the	O
alternator	PART
to	O
fail	O
0	O
Protect	O
the	O
windings	PART
from	O
damage	O
by	O
careful	O
handling	O
0	O
To	O
replace	O
the	O
field	PART
coil	PART
-LRB-	O
9	O
-RRB-	O
,	O
stator	PART
assembly	OPER
-LRB-	O
11	O
-RRB-	O
,	O
rotor	PART
assembly	OPER
-LRB-	O
10	O
-RRB-	O
,	O
or	O
drive	O
end	O
-LRB-	O
5	O
-RRB-	O
or	O
rectifier	O
end	O
bearings	PART
-LRB-	O
2	O
-RRB-	O
,	O
the	O
drive	O
end	O
frame	O
assembly	O
must	O
be	O
separated	O
from	O
the	O
rectifier	PART
end	O
housing	PART
0	O
-LRB-	O
Fig.	O
19	O
-RRB-	O
Use	O
5/16	O
''	O
hex	TOOL
wrench	TOOL
or	O
5/16	O
''	O
hex	TOOL
drive	TOOL
,	O
in	O
the	O
end	O
of	O
the	O
shaft	PART
,	O
to	O
hold	O
while	O
removing	OPER
shaft	PART
nut	PART
-LRB-	O
211	O
-RRB-	O
0	O
Remove	OPER
washer	PART
-LRB-	O
212	O
-RRB-	O
,	O
pulley	PART
-LRB-	O
14	O
-RRB-	O
,	O
and	O
fan	PART
-LRB-	O
13	O
-RRB-	O
0	O
Remove	OPER
the	O
4	O
thru	O
bolts	PART
-LRB-	O
213	O
-RRB-	O
0	O
Carefully	O
separate	OPER
the	O
drive	PART
end	PART
housing	PART
-LRB-	O
4	O
-RRB-	O
from	O
the	O
stator	PART
-LRB-	O
11	O
-RRB-	O
and	O
rectifier	PART
end	O
housing	PART
-LRB-	O
1	O
-RRB-	O
,	O
taking	O
care	O
not	O
to	O
damage	O
stator	PART
windings	PART
-LRB-	O
See	O
Fig.	O
20	O
-RRB-	O
0	O
NOTICE	O
:	O
Rectifier	PART
bridge	PART
must	O
be	O
removed	OPER
before	O
removing	O
stator	PART
0	O
-LRB-	O
See	O
Paragraph	O
7	O
and	O
Fig.	O
18	O
-RRB-	O
To	O
remove	OPER
stator	PART
-LRB-	O
11	O
-RRB-	O
from	O
rectifier	PART
end	PART
housing	PART
-LRB-	O
1	O
-RRB-	O
,	O
be	O
sure	O
all	O
3	O
stator	PART
leads	PART
are	O
disconnected	O
from	O
diode	PART
bridge	PART
studs	PART
in	O
electronics	PART
compartment	PART
0	O
Pry	OPER
stator	PART
and	O
housing	PART
apart	RPOS
carefully	O
0	O
Guide	O
stator	PART
leads	PART
and	O
grommet	PART
-LRB-	O
C	O
-RRB-	O
through	RPOS
well	O
as	O
stator	PART
is	O
pulled	O
from	O
housing	PART
0	O
It	O
may	O
be	O
necessary	O
to	O
push	OPER
on	O
grommet	PART
with	O
a	O
blunt	TOOL
instrument	TOOL
to	O
unseat	OPER
it	O
from	O
the	O
housing	PART
-LRB-	O
See	O
Fig.	O
21	O
-RRB-	O
0	O
To	O
remove	OPER
field	PART
coil	PART
and	O
support	PART
-LRB-	O
9	O
-RRB-	O
from	O
rectifier	PART
end	O
housing	PART
,	O
-LRB-	O
See	O
Fig.	O
22	O
-RRB-	O
remove	OPER
4	O
field	PART
coil	PART
and	O
support	PART
attaching	O
screws	PART
-LRB-	O
221	O
-RRB-	O
0	O
Lift	OPER
coil	PART
and	O
support	PART
from	O
housing	PART
,	O
while	O
guiding	O
field	PART
leads	PART
through	RPOS
hole	O
0	O
To	O
remove	OPER
rectifier	PART
end	PART
bearing	PART
-LRB-	O
2	O
-RRB-	O
from	O
RE	O
housing	PART
-LRB-	O
1	O
-RRB-	O
,	O
-LRB-	O
See	O
Fig.	O
23	O
-RRB-	O
use	O
small	O
screwdriver	TOOL
at	O
slot	O
to	O
pry	OPER
plug	PART
-LRB-	O
222	O
-RRB-	O
from	O
housing	PART
0	O
NOTICE	O
:	O
Do	O
not	O
drive	O
bearing	PART
out	O
with	O
hammer	TOOL
or	O
other	O
tool	O
0	O
Use	O
arbor	TOOL
press	TOOL
to	O
push	OPER
bearing	PART
from	O
housing	PART
0	O
Wipe	OPER
excess	O
grease	PART
from	O
bearing	PART
well	O
,	O
then	O
press	OPER
bearing	PART
through	RPOS
to	O
inside	RPOS
of	O
housing	PART
0	O
If	O
bearing	PART
inner	RPOS
race	O
-LRB-	O
3	O
-RRB-	O
appears	O
to	O
be	O
worn	O
or	O
rough	O
,	O
remove	OPER
from	O
rotor	PART
shaft	PART
with	O
a	O
suitable	O
puller	TOOL
0	O
To	O
replace	OPER
rotor	PART
-LRB-	O
10	O
-RRB-	O
or	O
drive	O
end	O
bearing	PART
-LRB-	O
5	O
-RRB-	O
,	O
-LRB-	O
See	O
Fig.	O
24	O
-RRB-	O
remove	OPER
4	O
bearing	PART
retainer	PART
attachment	PART
screws	PART
-LRB-	O
214	O
-RRB-	O
from	O
outside	RPOS
of	O
housing	PART
-LRB-	O
4	O
-RRB-	O
0	O
Lift	OPER
rotor	PART
with	O
bearing	PART
from	O
housing	PART
,	O
then	O
pull	OPER
bearing	PART
off	O
of	O
rotor	PART
shaft	PART
0	O
If	O
inside	RPOS
collar	PART
-LRB-	O
215	O
-RRB-	O
appears	O
rough	O
or	O
damaged	O
,	O
pull	OPER
collar	PART
from	O
shaft	PART
0	O
NOTICE	O
:	O
Do	O
not	O
drive	O
mounting	O
hinge	PART
bushing	PART
from	O
lug	PART
on	O
rectifier	PART
end	O
housing	PART
with	O
a	O
hammer	TOOL
or	O
other	O
tool	O
0	O
Use	O
arbor	TOOL
press	TOOL
or	O
vise	O
to	O
remove	OPER
and	O
replace	OPER
bushing	PART
0	O
To	O
remove	OPER
mounting	O
hinge	PART
bushing	PART
-LRB-	O
17	O
-RRB-	O
from	O
lug	PART
on	O
rectifier	PART
end	O
housing	PART
-LRB-	O
1	O
-RRB-	O
,	O
Press	OPER
bushing	PART
from	O
housing	PART
using	O
arbor	TOOL
press	TOOL
with	O
suitable	O
tool	O
0	O
ALTERNATOR	PART
ASSEMBLY	OPER
OF	O
DE	O
FRAME	PART
AND	O
ROTOR	PART
INSTALL	O
OR	O
CONNECT	O
Press	OPER
inner	RPOS
race	PART
for	O
rectifier	PART
end	PART
bearing	PART
-LRB-	O
3	O
-RRB-	O
onto	RPOS
short	O
end	O
of	O
rotor	PART
shaft	PART
0	O
Stop	O
when	O
race	O
is	O
3,7	O
mm	O
-LRB-	O
0,15	O
in	O
0	O
-RRB-	O
above	O
end	O
of	O
shaft	PART
-LRB-	O
See	O
Fig.	O
25	O
-RRB-	O
0	O
Press	OPER
inside	RPOS
collar	PART
-LRB-	O
215	O
-RRB-	O
onto	RPOS
rotor	PART
shaft	PART
until	O
collar	PART
is	O
against	RPOS
shoulder	PART
on	O
rotor	PART
-LRB-	O
10	O
-RRB-	O
0	O
Place	OPER
retainer	PART
plate	PART
-LRB-	O
16	O
-RRB-	O
onto	RPOS
collar	PART
-LRB-	O
flanged	O
side	RPOS
of	O
retainer	PART
will	O
face	O
away	O
from	O
rotor	PART
,	O
toward	RPOS
bearing	PART
-RRB-	O
0	O
Using	O
open	O
tube	PART
that	O
bears	PART
only	O
on	O
inner	RPOS
race	PART
of	O
bearing	PART
,	O
press	OPER
new	O
DE	O
bearing	PART
-LRB-	O
5	O
-RRB-	O
onto	RPOS
rotor	PART
shaft	PART
until	O
bearing	PART
is	O
against	RPOS
collar	PART
0	O
Insert	OPER
bearing	PART
-LRB-	O
5	O
-RRB-	O
-LRB-	O
on	O
rotor	PART
shaft	PART
-RRB-	O
into	RPOS
bearing	PART
well	O
in	O
drive	O
end	O
frame	PART
-LRB-	O
4	O
-RRB-	O
0	O
-LRB-	O
See	O
Fig.	O
26	O
-RRB-	O
Bearing	PART
will	O
be	O
a	O
snug	O
fit	O
,	O
but	O
should	O
slip	O
in	O
easily	O
when	O
properly	O
aligned	O
0	O
Lubricate	OPER
outside	RPOS
of	O
bearing	PART
very	O
lightly	O
with	O
ball	PART
and	O
roller	PART
bearing	PART
lubricant	PART
-LRB-	O
1948791	O
-RRB-	O
if	O
necessary	O
to	O
facilitate	O
assembly	OPER
0	O
Hold	OPER
drive	PART
end	PART
assembly	PART
with	O
long	O
end	O
of	O
rotor	PART
shaft	PART
down	RPOS
so	O
that	O
bearing	PART
retainer	PART
plate	PART
-LRB-	O
16	O
-RRB-	O
falls	O
against	RPOS
housing	PART
,	O
then	O
align	OPER
retainer	PART
with	O
screw	PART
holes	PART
0	O
-LRB-	O
See	O
Fig.	O
26	O
-RRB-	O
Start	O
each	O
of	O
the	O
four	O
retainer	PART
attaching	O
screws	PART
-LRB-	O
214	O
-RRB-	O
,	O
then	O
tighten	OPER
screws	PART
gradually	O
in	O
sequence	O
to	O
pull	OPER
retainer	PART
squarely	O
against	RPOS
bearing	PART
0	O
TIGHTEN	PROP
Bearing	PART
retainer	PART
attaching	O
screws	PART
-LRB-	O
214	O
-RRB-	O
to	O
5	O
N.m	O
-LRB-	O
45	O
lb	O
0	O
in	O
0	O
-RRB-	O
0	O
IMPORTANT	O
To	O
allow	O
access	O
for	O
later	O
installation	O
of	O
thru	O
bolts	PART
-LRB-	O
213	O
-RRB-	O
,	O
do	O
not	O
assemble	O
fan	PART
and	O
pulley	PART
to	O
drive	PART
end	PART
assembly	PART
at	O
this	O
time	O
0	O
ASSEMBLY	OPER
OF	O
RECTIFIER	PART
END	PART
HOUSING	PART
AND	O
COMPONENTS	O
INSTALL	OPER
OR	O
CONNECT	OPER
Lightly	O
lubricate	OPER
outside	RPOS
surface	O
of	O
hinge	PART
bushing	PART
-LRB-	O
17	O
-RRB-	O
0	O
Press	OPER
hinge	PART
bushing	PART
into	RPOS
hole	O
in	O
lug	PART
on	O
rectifier	PART
end	PART
housing	PART
-LRB-	O
1	O
-RRB-	O
0	O
Install	OPER
bushing	PART
flush	O
with	O
inside	RPOS
of	O
lug	PART
to	O
allow	O
maximum	O
distance	O
between	RPOS
two	O
hinge	PART
lugs	PART
for	O
mounting	O
0	O
Final	O
position	O
of	O
hinge	PART
bushing	PART
will	O
be	O
adjusted	O
during	O
mounting	O
-LRB-	O
See	O
Fig.	O
27	O
-RRB-	O
0	O
Position	OPER
new	O
bearing	PART
-LRB-	O
2	O
-RRB-	O
into	RPOS
rectifier	PART
end	PART
housing	PART
-LRB-	O
1	O
-RRB-	O
with	O
seal	PART
toward	RPOS
rotor	PART
assembly	PART
-LRB-	O
10	O
-RRB-	O
as	O
assembled	O
0	O
Press	OPER
bearing	PART
outer	RPOS
race	PART
into	RPOS
housing	PART
center	RPOS
hole	O
until	O
flush	O
with	O
machined	O
face	O
inside	RPOS
housing	PART
0	O
-LRB-	O
See	O
Fig.	O
28	O
-RRB-	O
Push	OPER
plug	PART
-LRB-	O
222	O
-RRB-	O
into	RPOS
end	RPOS
of	O
housing	PART
until	O
outside	RPOS
edges	O
are	O
flush	O
with	O
edge	O
of	O
RE	O
housing	PART
0	O
Add	OPER
ball	PART
and	O
roller	PART
bearing	PART
lubricant	PART
-LRB-	O
1948791	O
-RRB-	O
until	O
cavity	O
between	O
plug	PART
-LRB-	O
222	O
-RRB-	O
and	O
bearing	PART
outer	RPOS
race	PART
-LRB-	O
2	O
-RRB-	O
is	O
about	O
half	O
full	O
,	O
placing	OPER
grease	PART
so	O
that	O
it	O
touches	O
the	O
edge	O
of	O
the	O
bearing	PART
outer	RPOS
race	PART
in	O
several	O
places	O
around	O
the	O
outside	RPOS
of	O
the	O
bearing	PART
0	O
Cover	PART
opening	O
with	O
tape	PART
to	O
prevent	O
contamination	O
0	O
Turn	OPER
leads	O
so	O
that	O
they	O
will	O
be	O
properly	O
positioned	O
after	O
installation	OPER
0	O
-LRB-	O
See	O
Fig.	O
29	O
-RRB-	O
Place	OPER
field	PART
coil	PART
and	O
support	PART
-LRB-	O
9	O
-RRB-	O
into	RPOS
rectifier	PART
end	PART
housing	PART
-LRB-	O
1	O
-RRB-	O
,	O
guiding	O
leads	PART
through	RPOS
hole	PART
into	RPOS
electronics	PART
compartment	PART
and	O
aligning	OPER
mounting	PART
holes	PART
in	O
support	PART
with	O
screw	PART
holes	O
in	O
rectifier	PART
housing	PART
0	O
Ensure	O
leads	PART
do	O
not	O
touch	O
housing	PART
0	O
Install	OPER
4	O
field	PART
coil	PART
and	O
support	PART
attachment	PART
screws	PART
-LRB-	O
221	O
-RRB-	O
-LRB-	O
3	O
screws	PART
used	O
in	O
early	O
production	O
-RRB-	O
0	O
TIGHTEN	OPER
Field	PART
coil	PART
and	O
support	PART
attachment	PART
screws	PART
-LRB-	O
217	O
-RRB-	O
to	O
6,2	O
N.m	O
-LRB-	O
55	O
lb	O
0	O
in	O
0	O
-RRB-	O
0	O
INSTALL	OPER
OR	O
CONNECT	OPER
NOTICE	O
:	O
Handle	O
stator	PART
with	O
care	O
to	O
avoid	O
bending	O
windings	PART
or	O
breaking	O
varnish	PART
insulation	PART
on	O
windings	PART
0	O
If	O
windings	PART
are	O
damaged	O
before	O
or	O
during	O
installation	OPER
,	O
they	O
may	O
become	O
shorted	O
and	O
cause	O
reduced	O
alternator	PART
output	O
0	O
Stator	PART
must	O
be	O
installed	O
before	O
rectifier	PART
0	O
Straighten	OPER
stator	PART
leads	PART
-LRB-	O
B	O
-RRB-	O
to	O
ease	O
installation	O
0	O
Lubricate	OPER
grommet	PART
-LRB-	O
C	O
-RRB-	O
on	O
stator	PART
leads	PART
lightly	O
with	O
petroleum	PART
jelly	PART
0	O
Welded	O
junction	PART
connector	PART
on	O
some	O
stators	PART
must	O
be	O
positioned	O
straight	RPOS
up	O
from	O
windings	PART
to	O
prevent	O
grounding	O
to	O
housing	PART
or	O
rotor	PART
when	O
alternator	PART
is	O
assembled	OPER
0	O
Straighten	OPER
stator	PART
lead	PART
wires	PART
all	O
the	O
way	O
to	O
the	O
windings	PART
and	O
insert	OPER
through	RPOS
well	O
in	O
housing	PART
into	O
electronics	PART
compartment	PART
-LRB-	O
See	O
Fig.	O
30	O
-RRB-	O
0	O
Align	OPER
thru	O
bolt	PART
holes	O
in	O
stator	PART
-LRB-	O
11	O
-RRB-	O
with	O
those	O
in	O
RE	O
housing	PART
-LRB-	O
1	O
-RRB-	O
0	O
Push	OPER
stator	PART
into	RPOS
housing	PART
far	O
enough	O
to	O
hold	O
it	O
in	O
place	O
,	O
being	O
sure	O
grommet	PART
-LRB-	O
C	O
-RRB-	O
on	O
wires	PART
is	O
inserted	O
into	RPOS
well	O
in	O
housing	PART
at	O
the	O
same	O
time	O
0	O
Stator	PART
lead	PART
wires	PART
should	O
be	O
stiff	O
enough	O
to	O
push	OPER
grommet	PART
into	RPOS
well	O
as	O
stator	PART
is	O
installed	O
-LRB-	O
if	O
not	O
,	O
carefully	O
push	OPER
on	O
grommet	PART
with	O
a	O
blunt	TOOL
instrument	TOOL
to	O
seat	PART
it	O
in	O
the	O
well	O
-RRB-	O
0	O
The	O
stator	PART
must	O
be	O
fully	O
seated	RPOS
in	O
housing	PART
at	O
this	O
time	O
0	O
Note	O
:	O
If	O
necessary	O
,	O
place	OPER
wood	PART
blocks	PART
on	O
opposite	RPOS
corners	O
of	O
the	O
stator	PART
frame	PART
and	O
use	O
arbor	TOOL
press	TOOL
-LRB-	O
or	O
tap	TOOL
blocks	TOOL
with	O
hammer	TOOL
-RRB-	O
to	O
seat	O
stator	PART
frame	PART
against	RPOS
rectifier	PART
end	PART
housing	PART
0	O
Do	O
not	O
push	OPER
against	RPOS
windings	PART
!	O
Rectifier	PART
bridge	PART
-LRB-	O
8	O
-RRB-	O
to	O
RE	O
housing	PART
-LRB-	O
1	O
-RRB-	O
0	O
Install	OPER
one	O
rectifier	PART
bridge	PART
attaching	O
screw	PART
-LRB-	O
224	O
-RRB-	O
through	RPOS
grounded	O
heat	PART
sink	PART
into	RPOS
RE	O
housing	PART
0	O
-LRB-	O
Fig.	O
31	O
-RRB-	O
Finger	O
tighten	PROP
0	O
Capacitor	PART
-LRB-	O
12	O
-RRB-	O
to	O
holes	O
in	O
end	O
of	O
rectifier	PART
bridge	PART
-LRB-	O
8	O
-RRB-	O
-LRB-	O
Fig.	O
32	O
-RRB-	O
Install	OPER
ground	PART
screw	PART
-LRB-	O
224	O
-RRB-	O
through	RPOS
capacitor	PART
-LRB-	O
12	O
-RRB-	O
,	O
grounded	O
heat	PART
sink	PART
,	O
and	OPER
into	RPOS
RE	O
housing	PART
0	O
Finger	PART
tighten	PROP
0	O
Output	PART
strap	PART
-LRB-	O
186	O
-RRB-	O
over	O
insulated	PROP
rectifier	PART
and	O
capacitor	PART
holes	O
0	O
-LRB-	O
If	O
new	O
output	PART
terminal	PART
assembly	PART
,	O
install	OPER
per	O
instructions	O
in	O
package	O
0	O
-RRB-	O
Insulated	PROP
capacitor	PART
attaching	O
screw	PART
-LRB-	O
226	O
-RRB-	O
,	O
through	RPOS
output	PART
strap	PART
-LRB-	O
186	O
-RRB-	O
,	O
capacitor	PART
connector	PART
-LRB-	O
12	O
-RRB-	O
,	O
and	O
into	RPOS
RE	O
housing	PART
0	O
Finger	O
tighten	PROP
0	O
NOTICE	O
:	O
Several	O
pulley	O
styles	O
are	O
available	O
from	O
ACDelco	O
for	O
7/8	O
''	O
shaft	PART
alternators	PART
,	O
including	O
a	O
blank	O
that	O
can	O
be	O
custom	O
machined	O
for	O
unique	O
applications	O
0	O
Pulley	PART
-LRB-	O
14	O
-RRB-	O
suitable	O
for	O
engine	PART
application	O
0	O
Flat	PROP
washer	PART
-LRB-	O
212	O
-RRB-	O
and	O
lock	OPER
nut	PART
-LRB-	O
211	O
-RRB-	O
onto	RPOS
shaft	PART
with	O
locknut	PART
flat	PROP
side	O
next	RPOS
to	RPOS
washer	PART
0	O
Insert	OPER
5/16	O
''	O
hex	TOOL
wrench	TOOL
or	O
driver	TOOL
into	RPOS
end	RPOS
of	O
shaft	PART
0	O
Holding	O
the	O
shaft	PART
with	O
a	O
hex	TOOL
driver	TOOL
installed	O
on	O
a	O
torque	O
wrench	TOOL
makes	O
an	O
ideal	O
way	O
to	O
check	OPER
torque	O
while	O
tightening	OPER
the	O
nut	PART
0	O
Tighten	OPER
pulley	PART
nut	PART
to	O
102	O
N.m	O
-LRB-	O
75	O
lb	O
0	O
ft.	O
-RRB-	O
0	O
ALTERNATOR	PART
BENCH	O
TEST	O
TEST	O
EQUIPMENT	O
NEEDED	O
:	O
Alternator	PART
Test	O
Stand	TOOL
-LRB-	O
5000	O
rpm	O
capability	O
at	O
least	O
5	O
HP	O
-RRB-	O
Battery	PART
or	O
Battery	PART
Set	O
-LRB-	O
fully	O
charged	O
-RRB-	O
Variable	O
Carbon	O
Pile	O
Load	O
Test	O
Ammeter	TOOL
-LRB-	O
current	O
capability	O
at	O
least	O
15	O
amps	O
higher	O
than	O
alternator	PART
rating	O
-RRB-	O
Voltmeter	TOOL
Ohmmeter	TOOL
The	O
bench	O
test	O
procedure	O
will	O
verify	O
alternator	PART
performance	O
prior	O
to	O
installation	OPER
on	O
the	O
vehicle	PART
0	O
This	O
test	O
checks	OPER
the	O
alternator	PART
output	PART
in	O
the	O
same	O
manner	O
as	O
the	O
Rated	O
Output	O
Check	O
covered	O
earlier	O
0	O
If	O
bench	O
test	O
equipment	O
is	O
not	O
available	O
,	O
install	OPER
the	O
alternator	PART
on	O
the	O
engine	PART
according	O
to	O
manufacturer	O
's	O
instructions	O
and	O
repeat	O
the	O
Rated	O
Output	O
Check	OPER
to	O
verify	OPER
alternator	PART
operation	O
0	O
If	O
bench	O
test	O
equipment	O
is	O
available	O
,	O
proceed	O
as	O
follows	O
:	O
Mount	OPER
alternator	PART
in	O
test	O
stand	O
according	O
to	O
test	O
stand	O
manufacturer	O
's	O
instructions	O
0	O
IMPORTANT	O
:	O
Battery	PART
or	O
battery	PART
set	O
must	O
be	O
fully	O
charged	PROP
for	O
test	O
results	O
to	O
be	O
valid	O
0	O
NOTICE	O
:	O
When	O
a	O
12-volt	O
carbon	O
pile	O
load	O
test	O
is	O
used	O
to	O
diagnose	OPER
a	O
24-volt	O
system	O
,	O
attach	OPER
load	O
test	O
only	O
to	O
12-volt	O
potential	O
in	O
battery	O
set	O
0	O
Attaching	O
a	O
12-volt	O
load	O
test	O
to	O
a	O
24-volt	O
potential	O
will	O
damage	O
the	O
carbon	O
pile	O
0	O
With	O
carbon	O
pile	O
load	O
turned	O
off	O
and	O
with	O
battery	PART
or	O
battery	PART
set	O
fully	O
charged	O
,	O
make	O
electrical	O
connections	O
as	O
shown	O
in	O
Fig.	O
41	O
0	O
Battery	PART
voltage	O
and	O
ground	O
polarity	O
must	O
be	O
same	O
as	O
system	O
in	O
which	O
alternator	PART
is	O
used	O
0	O
Check	OPER
and	O
record	O
battery	PART
or	O
battery	PART
set	O
voltage	O
before	O
proceeding	O
with	O
test	O
0	O
With	O
carbon	O
pile	O
load	O
off	O
,	O
start	OPER
test	O
stand	O
and	O
slowly	O
increase	O
alternator	PART
speed	O
to	O
highest	O
rpm	O
shown	O
under	O
Cold	O
Output	O
specifications	O
in	O
33/34	O
SI	O
Alternator	PART
Specifications	O
at	O
the	O
end	O
of	O
this	O
manual	O
0	O
Observe	O
voltmeter	TOOL
0	O
-	O
If	O
voltage	O
does	O
not	O
increase	O
but	O
remains	O
at	O
or	O
below	O
previous	O
reading	O
-LRB-	O
Step	O
2	O
-RRB-	O
,	O
there	O
is	O
no	O
alternator	PART
output	O
0	O
Turn	O
carbon	O
pile	O
load	O
off	O
and	O
stop	O
test	O
stand	O
0	O
Residual	O
magnetism	O
in	O
rotor	PART
may	O
have	O
been	O
lost	O
0	O
Skip	O
to	O
Step	O
5	O
0	O
-	O
If	O
voltage	O
increases	O
above	O
15,5	O
volts	O
on	O
12-volt	O
system	O
-LRB-	O
or	O
above	O
31	O
volts	O
on	O
24-volt	O
system	O
-RRB-	O
,	O
voltage	O
is	O
uncontrolled	O
0	O
Turn	OPER
carbon	O
pile	O
load	O
off	O
and	O
stop	O
test	O
stand	O
0	O
Recheck	OPER
alternator	PART
for	O
proper	O
assembly	O
0	O
If	O
alternator	PART
has	O
been	O
assembled	OPER
properly	O
,	O
replace	OPER
regulator	PART
as	O
described	O
under	O
Unit	O
Repair	O
0	O
Also	O
check	OPER
field	PART
coil	PART
for	O
shorts	O
and	O
replace	OPER
if	O
defective	O
0	O
-	O
If	O
voltage	O
is	O
proper	O
,	O
proceed	OPER
to	O
next	O
step	O
0	O
With	O
alternator	PART
running	O
at	O
highest	O
rpm	O
shown	O
under	O
Cold	O
Output	O
in	O
Specifications	O
,	O
turn	O
on	O
carbon	O
pile	O
load	OPER
and	O
adjust	OPER
to	O
obtain	O
maximum	O
alternator	PART
output	O
on	O
ammeter	TOOL
0	O
-	O
If	O
ammeter	TOOL
reading	O
is	O
within	O
15	O
amps	O
of	O
Cold	O
Output	O
in	O
Specifications	O
,	O
alternator	PART
is	O
good	O
0	O
Turn	O
off	O
carbon	O
pile	O
load	O
and	O
stop	O
test	O
stand	O
0	O
-	O
If	O
ammeter	TOOL
reading	O
is	O
more	O
than	O
15	O
amps	O
below	O
specification	O
,	O
alternator	Ç
is	O
not	O
operating	O
properly	O
0	O
Turn	O
off	O
carbon	O
pile	O
load	O
and	O
stop	O
test	O
stand	O
0	O
Return	O
to	O
Unit	O
Repair	O
section	O
in	O
this	O
manual	O
and	O
re-diagnose	O
the	O
alternator	Ç
0	O
CAUTION	O
:	O
Do	O
not	O
allow	O
jumper	PART
lead	O
to	O
be	O
accidentally	O
grounded	O
while	O
connected	O
to	O
battery	PART
insulated	PROP
terminal	O
0	O
If	O
the	O
free	O
end	O
of	O
this	O
lead	O
is	O
accidentally	O
touched	O
to	O
the	O
alternator	PART
housing	PART
or	O
other	O
grounded	O
areas	O
,	O
the	O
jumper	O
lead	O
may	O
quickly	O
get	O
hot	O
enough	O
to	O
cause	O
a	O
skin	O
burn	O
or	O
to	O
damage	O
the	O
jumper	O
lead	O
0	O
Keep	O
jumper	O
lead	O
carefully	O
insulated	PROP
from	O
grounding	O
during	O
this	O
procedure	O
0	O
EQUIPMENT	O
NEEDED	O
:	O
Jumper	TOOL
Lead	O
-LRB-	O
18	O
ga.	O
min	O
;	O
no	O
fuse	PART
-RRB-	O
To	O
restore	O
residual	O
magnetism	O
in	O
alternators	PART
with	O
an	O
``	O
R	O
''	O
or	O
``	O
I	O
''	O
terminal	O
,	O
alternator	PART
ground	O
terminal	O
must	O
be	O
connected	O
to	O
battery	PART
ground	O
terminal	O
0	O
This	O
may	O
be	O
done	O
directly	O
or	O
through	O
the	O
test	O
stand	O
wiring	PART
0	O
-LRB-	O
See	O
Fig.	O
42	O
-RRB-	O
Disconnect	OPER
carbon	O
pile	O
load	O
test	O
from	O
battery	PART
if	O
still	O
connected	O
0	O
Disconnect	O
any	O
leads	O
connected	O
to	O
alternator	PART
``	O
R	O
''	O
or	O
``	O
I	O
''	O
terminal	O
0	O
Connect	OPER
jumper	TOOL
lead	O
to	O
battery	PART
positive	O
0	O
Without	O
touching	O
other	O
grounded	O
areas	O
-LRB-	O
See	O
CAUTION	O
Above	RPOS
-RRB-	O
,	O
momentarily	O
touch	O
-LRB-	O
``	O
flash	O
''	O
-RRB-	O
free	O
end	O
of	O
jumper	TOOL
lead	O
to	O
alternator	PART
``	O
R	O
''	O
or	O
``	O
I	O
''	O
terminal	O
0	O
The	O
momentary	O
current	O
flow	O
into	O
the	O
terminal	O
will	O
restore	O
the	O
proper	O
magnetism	O
in	O
the	O
rotor	PART
0	O
Disconnect	O
the	O
jumper	TOOL
lead	O
from	O
the	O
battery	PART
,	O
then	O
return	O
to	O
Step	O
1	O
and	O
repeat	O
Alternator	PART
Bench	O
Test	O
0	O
ALTERNATOR	O
INSTALLATION	O
CAUTION	O
:	O
Failure	O
to	O
disconnect	OPER
grounded	O
battery	PART
cable	O
at	O
battery	PART
before	O
removing	O
or	O
attaching	OPER
alternator	PART
``	O
BAT	O
''	O
terminal	O
lead	O
may	O
result	O
in	O
an	O
injury	O
0	O
If	O
a	O
tool	O
is	O
shorted	O
to	O
the	O
battery	PART
cable	PART
connector	O
at	O
the	O
output	O
terminal	O
,	O
the	O
tool	O
can	O
quickly	O
heat	O
enough	O
to	O
cause	O
a	O
skin	O
burn	O
or	O
to	O
damage	O
the	O
tool	O
or	O
cable	O
0	O
REMOVE	OPER
OR	O
DISCONNECT	OPER
Negative	O
cable	PART
at	O
battery	PART
0	O
NOTICE	O
:	O
Always	O
reinstall	O
fasteners	PART
at	O
original	O
location	O
0	O
If	O
necessary	O
to	O
replace	O
fasteners	PART
,	O
use	O
only	O
correct	O
part	O
number	O
or	O
equivalent	O
0	O
-LRB-	O
See	O
Fig.	O
43	O
-RRB-	O
If	O
correct	O
part	O
number	O
is	O
not	O
available	O
,	O
use	O
only	O
equal	O
size	O
and	O
strength	O
0	O
Fasteners	PART
that	O
are	O
NOT	O
to	O
be	O
reused	O
will	O
be	O
noted	O
in	O
procedure	O
0	O
Fasteners	PART
requiring	O
thread	O
locking	O
compound	O
will	O
be	O
noted	O
in	O
procedure	O
0	O
Use	O
specified	O
torque	O
values	O
when	O
shown	O
0	O
Using	O
or	O
replacing	O
fasteners	PART
in	O
any	O
other	O
manner	O
could	O
result	O
in	O
part	O
or	O
system	O
damage	O
0	O
INSTALLATION	OPER
PROCEDURE	O
-LRB-	O
See	O
Figure	O
44	O
-RRB-	O
Always	O
follow	O
engine	PART
manufacturer	O
's	O
instructions	O
for	O
installing	OPER
alternator	PART
on	O
engine	PART
0	O
The	O
following	O
procedure	O
is	O
typical	O
and	O
may	O
not	O
match	O
all	O
steps	O
necessary	O
for	O
a	O
specific	O
application	O
0	O
TEST	O
EQUIPMENT	O
NEEDED	O
:	O
Belt	TOOL
Tension	O
Gage	TOOL
NOTICE	O
:	O
Before	O
installing	O
alternator	PART
to	O
engine	PART
,	O
check	OPER
mounting	PART
bracket	PART
-LRB-	O
101	O
-RRB-	O
and	O
adjustment	PART
bracket	PART
-LRB-	O
104	O
-RRB-	O
,	O
also	O
stabilizer	PART
bracket	PART
-LRB-	O
111	O
Fig.	O
46	O
-RRB-	O
;	O
if	O
used	O
,	O
to	O
ensure	O
they	O
are	O
not	O
worn	PROP
or	O
cracked	PROP
0	O
Make	O
sure	O
they	O
will	O
securely	O
mount	O
alternator	PART
to	O
engine	PART
with	O
proper	O
hardware	O
0	O
TIGHTEN	OPER
All	O
fasteners	PART
holding	O
alternator	PART
mounting	PART
bracket	PART
-LRB-	O
101	O
-RRB-	O
to	O
engine	PART
manufacturers	O
torque	O
specifications	O
0	O
ADJUST	OPER
Rectifier	PART
end	O
bushing	PART
-LRB-	O
17	O
-RRB-	O
position	O
in	O
RE	O
housing	O
mounting	O
lug	O
to	O
allow	O
maximum	O
distance	O
between	O
mounting	O
lugs	PART
-LRB-	O
H	O
-RRB-	O
0	O
NOTICE	O
:	O
Belt	PART
tensioning	O
and	O
tightening	O
of	O
adjusting	PART
bracket	PART
and	O
mounting	O
bolts	PART
must	O
be	O
completed	O
before	O
stabilizing	O
bracket	PART
is	O
installed	OPER
0	O
INSTALL	OPER
OR	O
CONNECT	OPER
33	O
SI	O
or	O
34	O
SI	O
mounting	O
lugs	PART
-LRB-	O
H	O
-RRB-	O
to	O
alternator	PART
mounting	PART
bracket	PART
-LRB-	O
101	O
-RRB-	O
0	O
One	O
flanged	O
mounting	PART
bolt	PART
-LRB-	O
102	O
-RRB-	O
through	RPOS
the	O
D.E.	O
frame	PART
mounting	PART
lug	PART
-LRB-	O
H	O
-RRB-	O
,	O
the	O
alternator	PART
mounting	PART
bracket	PART
-LRB-	O
101	O
-RRB-	O
,	O
and	O
the	O
R.E.	O
frame	PART
mounting	PART
lug	PART
bushing	PART
-LRB-	O
17	O
-RRB-	O
0	O
Flanged	PROP
mounting	PART
nut	PART
-LRB-	O
103	O
-RRB-	O
to	O
flanged	PROP
mounting	PART
bolt	PART
-LRB-	O
102	O
-RRB-	O
finger	O
tight	OPER
0	O
NOTICE	O
:	O
If	O
either	O
bolt	PART
or	O
nut	PART
are	O
not	O
flanged	PROP
a	O
1/8	O
''	O
thick	O
,	O
hardened	PROP
steel	O
flat	PROP
washer	PART
-LRB-	O
105	O
-RRB-	O
-LRB-	O
See	O
Figure	O
43	O
-RRB-	O
must	O
be	O
substituted	O
for	O
flanged	PROP
applications	O
0	O
Flanged	PROP
adjustment	PART
bolt	PART
-LRB-	O
106	O
-RRB-	O
through	RPOS
flat	PROP
washer	PART
-LRB-	O
105	O
-RRB-	O
,	O
slot	O
in	O
adjustment	PART
bracket	PART
-LRB-	O
104	O
-RRB-	O
and	O
thread	O
into	RPOS
hole	O
in	O
DE	O
frame	PART
adjustment	PART
lug	PART
-LRB-	O
J	O
-RRB-	O
finger	O
tight	OPER
0	O
Alternator	PART
belt	PART
-LRB-	O
s	O
-RRB-	O
-LRB-	O
107	O
-RRB-	O
onto	RPOS
pulley	PART
-LRB-	O
14	O
-RRB-	O
0	O
NOTICE	O
:	O
If	O
engine	PART
uses	O
automatic	O
belt	PART
tensioning	O
-LRB-	O
idler	PART
-RRB-	O
see	O
engine	PART
manufactures	O
installation	O
instruction	O
0	O
Idler	PART
if	O
used	O
0	O
NOTICE	O
:	O
Do	O
not	O
pry	OPER
on	O
alternator	PART
,	O
rectifier	PART
end	PART
housing	PART
-LRB-	O
1	O
-RRB-	O
to	O
adjust	OPER
belt	PART
tension	PROP
0	O
This	O
may	O
damage	O
alternator	PART
0	O
Pry	OPER
against	RPOS
the	O
drive	PART
end	PART
frame	PART
-LRB-	O
4	O
-RRB-	O
with	O
suitable	O
pry	TOOL
bar	TOOL
-LRB-	O
108	O
-RRB-	O
0	O
NOTICE	O
:	O
When	O
alternator	PART
is	O
used	O
to	O
attain	O
belt	O
tension	O
see	O
engine	PART
manufacturers	O
tension	O
specifications	O
0	O
Pry	TOOL
bar	TOOL
-LRB-	O
108	O
-RRB-	O
between	RPOS
engine	PART
and	O
drive	PART
end	PART
frame	PART
-LRB-	O
4	O
-RRB-	O
of	O
alternator	PART
0	O
Using	O
pry	TOOL
bar	TOOL
-LRB-	O
108	O
-RRB-	O
as	O
a	O
lever	TOOL
apply	O
force	O
to	O
pry	O
alternator	PART
and	O
increase	O
belt	PART
tension	O
0	O
ADJUST	OPER
Belt	PART
-LRB-	O
107	O
-RRB-	O
tension	O
using	O
belt	PART
tension	TOOL
gage	TOOL
to	O
specification	O
and	O
hold	O
0	O
-LRB-	O
See	O
Fig.	O
45	O
-RRB-	O
TIGHTEN	OPER
Adjustment	PART
bracket	PART
-LRB-	O
104	O
-RRB-	O
to	O
engine	PART
or	O
vehicle	O
manufacturers	O
specifications	O
0	O
Flange	O
adjustment	PART
bolt	PART
-LRB-	O
106	O
-RRB-	O
and	O
flanged	O
mounting	PART
bolt	PART
-LRB-	O
102	O
-RRB-	O
and	O
nut	PART
-LRB-	O
103	O
-RRB-	O
to	O
88	O
N.m	O
-LRB-	O
65	O
lb	O
0	O
ft.	O
-RRB-	O
0	O
MEASURE	O
Belt	PART
-LRB-	O
107	O
-RRB-	O
tension	O
with	O
belt	PART
tension	TOOL
gage	TOOL
to	O
ensure	O
the	O
specification	O
is	O
maintained	O
0	O
If	O
not	O
repeat	O
steps	O
7	O
0	O
INSTALL	OPER
OR	O
CONNECT	OPER
NOTICE	O
:	O
Belt	PART
tensioning	O
and	O
tightening	OPER
of	O
adjusting	PART
bracket	PART
and	O
mounting	PART
bolts	PART
must	O
be	O
completed	O
before	O
stabilizing	OPER
bracket	PART
is	O
installed	O
0	O
Stabilizer	PART
mounting	PART
bolt	PART
-LRB-	O
109	O
-RRB-	O
through	RPOS
flat	PROP
washer	PART
-LRB-	O
105	O
-RRB-	O
,	O
stabilizer	PART
bracket	PART
-LRB-	O
111	O
-RRB-	O
,	O
RE	O
housing	PART
stabilizer	PART
lug	PART
-LRB-	O
1	O
-RRB-	O
,	O
flat	PROP
washer	PART
-LRB-	O
105	O
-RRB-	O
and	O
thread	O
into	RPOS
nut	PART
-LRB-	O
110	O
-RRB-	O
finger	O
tight	OPER
0	O
-LRB-	O
See	O
Fig.	O
46	O
-RRB-	O
TIGHTEN	OPER
Stabilizer	PART
bolt	PART
-LRB-	O
109	O
-RRB-	O
and	O
nut	PART
-LRB-	O
110	O
-RRB-	O
to	O
88	O
N.m	O
-LRB-	O
65	O
lb	O
0	O
ft.	O
-RRB-	O
0	O
VEHICLE	O
WIRING	O
INSTALLATION	OPER
-LRB-	O
See	O
Figure	O
47	O
&	O
48	O
-RRB-	O
NOTICE	O
:	O
On	O
certain	O
engine	PART
configurations	O
a	O
1,5	O
µf	O
capacitor	PART
-LRB-	O
DRA	O
198544	O
-RRB-	O
was	O
retrofited	O
to	O
some	O
alternators	PART
0	O
INSTALL	OPER
OR	O
CONNECT	OPER
Battery	PART
lead	O
-LRB-	O
112	O
-RRB-	O
,	O
lead	O
capacitor	PART
-LRB-	O
116	O
-RRB-	O
if	O
required	O
,	O
lockwasher	PART
-LRB-	O
182	O
-RRB-	O
and	O
nut	PART
-LRB-	O
181	O
-RRB-	O
onto	RPOS
output	PART
stud	PART
-LRB-	O
187	O
-RRB-	O
,	O
labeled	O
``	O
POS	O
''	O
on	O
cover	PART
plate	PART
-LRB-	O
15	O
-RRB-	O
finger	O
tight	OPER
0	O
-LRB-	O
See	O
Fig.	O
48	O
-RRB-	O
Relay	O
lead	O
-LRB-	O
113	O
-RRB-	O
,	O
lockwasher	PART
-LRB-	O
192	O
-RRB-	O
and	O
nut	PART
-LRB-	O
191	O
-RRB-	O
onto	O
relay	PART
stud	PART
-LRB-	O
193	O
-RRB-	O
labeled	O
``	O
R	O
''	O
on	O
cover	PART
plate	PART
finger	O
tight	OPER
,	O
if	O
used	O
0	O
Indicator	O
light	O
lead	O
-LRB-	O
114	O
-RRB-	O
,	O
lockwasher	PART
-LRB-	O
202	O
-RRB-	O
and	O
nut	PART
-LRB-	O
201	O
-RRB-	O
on	O
to	O
indicator	PART
light	PROP
stud	PART
-LRB-	O
203	O
-RRB-	O
,	O
labeled	O
``	O
I	O
''	O
on	O
cover	PART
plate	PART
finger	O
tight	OPER
,	O
if	O
used	O
0	O
Ground	O
screw	PART
and	O
lockwasher	PART
assembly	OPER
-LRB-	O
223	O
-RRB-	O
through	RPOS
ground	RPOS
wire	PART
lead	O
-LRB-	O
115	O
-RRB-	O
into	RPOS
threaded	PROP
hole	O
in	O
rectifier	PART
end	PART
housing	PART
-LRB-	O
1	O
-RRB-	O
located	O
on	O
top	RPOS
of	O
33	O
SI	O
or	O
on	O
side	RPOS
of	O
34	O
SI	O
finger	O
tight	OPER
0	O
TIGHTEN	OPER
Ground	RPOS
screw	PART
and	O
lockwasher	PART
assembly	PART
-LRB-	O
223	O
-RRB-	O
to	O
6	O
N.m	O
-LRB-	O
55	O
lb	O
0	O
in	O
0	O
-RRB-	O
NOTICE	O
:	O
Use	O
suitable	O
open	O
end	O
wrench	TOOL
to	O
hold	O
nut	PART
-LRB-	O
181	O
-RRB-	O
hex	O
heads	O
on	O
``	O
R	O
''	O
and	O
``	O
I	O
''	O
terminal	O
studs	PART
-LRB-	O
193	O
and	O
203	O
-RRB-	O
0	O
-LRB-	O
See	O
Fig.	O
49	O
0	O
-RRB-	O
Hex	O
head	O
nut	PART
-LRB-	O
181	O
-RRB-	O
on	O
``	O
POS	O
''	O
terminal	O
to	O
7	O
N.m	O
-LRB-	O
65	O
lb	O
0	O
in	O
0	O
-RRB-	O
0	O
Hex	PART
nuts	PART
-LRB-	O
191	O
-RRB-	O
and	O
-LRB-	O
201	O
-RRB-	O
or	O
''	O
``	O
R	O
''	O
and	O
``	O
I	O
''	O
terminals	O
to	O
2	O
N.m	O
-LRB-	O
20	O
lb	O
0	O
in	O
0	O
-RRB-	O
,	O
if	O
used	O
0	O
INSTALL	OPER
OR	O
CONNECT	OPER
PIN	O
terminal	O
cap	PART
on	O
any	O
terminals	O
not	O
used	O
or	O
any	O
PIN	O
connections	O
0	O
Vehicle	O
battery	PART
cable	PART
to	O
battery	PART
-LRB-	O
s	O
-RRB-	O
0	O
