Disassembly	O
of	O
the	O
Toyota	O
/	O
Nippondenso	O
Alternator	O
:	O
Removing	O
the	O
Back	O
Cover	O
:	O
On	O
the	O
backside	O
of	O
the	O
alternator	O
there	O
are	O
three	O
retaining	O
nuts	O
.	O
Using	O
the	O
five-in-one	O
screwdriver	O
with	O
the	O
screwdriver	O
element	O
removed	O
,	O
remove	O
the	O
three	O
3/8	O
''	O
-LRB-	O
9	O
mm	O
-RRB-	O
nuts	O
that	O
secure	O
the	O
sheet	O
metal	O
back	O
of	O
the	O
alternator	O
.	O
If	O
you	O
do	O
not	O
have	O
a	O
five-in-one	O
screwdriver	O
,	O
use	O
a	O
3/8	O
''	O
or	O
9	O
mm	O
socket	O
wrench	O
.	O
Keep	O
the	O
nuts	O
-LRB-	O
unless	O
otherwise	O
specified	O
,	O
keep	O
all	O
of	O
the	O
nuts	O
,	O
screws	O
and	O
other	O
components	O
of	O
the	O
alternator	O
-RRB-	O
.	O
The	O
sheet	O
metal	O
back	O
cover	O
of	O
the	O
alternator	O
is	O
attached	O
with	O
three	O
screws	O
.	O
Remove	O
the	O
screwdriver	O
element	O
from	O
the	O
five-in-one	O
screwdriver	O
.	O
Remove	O
the	O
three	O
nuts	O
that	O
hold	O
the	O
sheet	O
metal	O
cover	O
of	O
the	O
back	O
of	O
the	O
alternator	O
on	O
.	O
With	O
a	O
crescent	O
wrench	O
,	O
remove	O
the	O
nut	O
-LRB-	O
s	O
-RRB-	O
that	O
hold	O
the	O
black	O
plastic	O
insulator	O
on	O
the	O
copper	O
positive	O
-LRB-	O
+	O
-RRB-	O
contact	O
on	O
the	O
side	O
of	O
the	O
alternator	O
.	O
Remove	O
the	O
black	O
plastic	O
insulator	O
from	O
the	O
positive	O
-LRB-	O
+	O
-RRB-	O
copper	O
contact	O
.	O
Remove	O
the	O
sheet	O
metal	O
back	O
cover	O
of	O
the	O
alternator	O
.	O
Removing	O
the	O
Voltage	O
Regulator	O
and	O
Brushes	O
from	O
the	O
Alternator	O
:	O
Once	O
the	O
back	O
cover	O
is	O
removed	O
,	O
the	O
rectifier	O
,	O
voltage	O
regulator	O
and	O
brush	O
assembly	O
will	O
be	O
exposed	O
.	O
The	O
voltage	O
regulator	O
is	O
the	O
electronic	O
component	O
with	O
heat	O
fins	O
on	O
top	O
-LRB-	O
a	O
row	O
of	O
raised	O
ridges	O
that	O
dissipate	O
heat	O
-RRB-	O
that	O
terminates	O
in	O
the	O
round	O
plug	O
interface	O
on	O
the	O
back	O
of	O
the	O
alternator	O
.	O
The	O
brush	O
assembly	O
is	O
a	O
pair	O
of	O
spring-loaded	O
carbon	O
contacts	O
that	O
contact	O
the	O
rotor	O
in	O
the	O
center	O
of	O
the	O
alternator	O
.	O
Remove	O
the	O
three	O
screws	O
that	O
hold	O
the	O
voltage	O
regulator	O
in	O
place	O
.	O
Remove	O
the	O
two	O
screws	O
that	O
hold	O
the	O
brush	O
assembly	O
in	O
place	O
.	O
Discard	O
the	O
regulator	O
,	O
brush	O
assembly	O
and	O
retaining	O
screws	O
for	O
the	O
regulator	O
and	O
brush	O
assembly	O
.	O
Removing	O
the	O
three	O
retaining	O
screws	O
for	O
the	O
voltage	O
regulator	O
.	O
Removing	O
the	O
two	O
screws	O
for	O
the	O
brush	O
assembly	O
.	O
Removing	O
the	O
voltage	O
regulator	O
.	O
Removing	O
the	O
brush	O
assembly	O
.	O
The	O
alternator	O
with	O
the	O
voltage	O
regulator	O
and	O
brush	O
assembly	O
removed	O
.	O
Removing	O
the	O
Rectifier	O
from	O
the	O
Alternator	O
:	O
The	O
rectifier	O
is	O
the	O
last	O
remaining	O
electronic	O
component	O
on	O
the	O
back	O
of	O
the	O
alternator	O
.	O
It	O
has	O
four	O
screws	O
on	O
the	O
side	O
that	O
connect	O
to	O
wire	O
lugs	O
.	O
These	O
lugs	O
are	O
attached	O
to	O
copper	O
wires	O
that	O
enter	O
the	O
alternator	O
through	O
rubber	O
insulators	O
.	O
These	O
four	O
screws	O
connect	O
the	O
rectifier	O
to	O
the	O
stator	O
inside	O
the	O
alternator	O
.	O
Remove	O
the	O
four	O
screws	O
from	O
the	O
side	O
of	O
the	O
rectifier	O
.	O
Pulling	O
upwards	O
,	O
gently	O
remove	O
the	O
rectifier	O
from	O
the	O
alternator	O
.	O
Remove	O
the	O
four	O
rubber	O
insulators	O
that	O
surround	O
the	O
now	O
exposed	O
wires	O
.	O
Retain	O
the	O
four	O
rectifier	O
screws	O
and	O
four	O
rubber	O
insulators	O
for	O
later	O
use	O
.	O
Removing	O
the	O
four	O
screws	O
that	O
connect	O
the	O
rectifier	O
to	O
the	O
stator	O
inside	O
the	O
alternator	O
.	O
Removing	O
the	O
rectifier	O
from	O
the	O
alternator	O
.	O
Removing	O
the	O
four	O
rubber	O
insulators	O
from	O
the	O
wires	O
that	O
connect	O
the	O
rectifier	O
to	O
the	O
stator	O
.	O
Removing	O
the	O
Back	O
of	O
the	O
Alternator	O
to	O
Reveal	O
the	O
Rotor	O
and	O
Stator	O
:	O
Once	O
the	O
rectifier	O
has	O
been	O
removed	O
,	O
use	O
the	O
five-in-one	O
screwdriver	O
to	O
remove	O
the	O
four	O
nuts	O
that	O
hold	O
on	O
the	O
back	O
of	O
the	O
alternator	O
.	O
Grasp	O
the	O
alternator	O
by	O
the	O
back	O
ports	O
of	O
the	O
alternator	O
.	O
Hold	O
the	O
alternator	O
aloft	O
with	O
one	O
hand	O
.	O
Tap	O
the	O
sides	O
of	O
the	O
alternator	O
with	O
a	O
mallet	O
or	O
piece	O
of	O
wood	O
to	O
loosen	O
the	O
back	O
and	O
front	O
of	O
the	O
alternator	O
.	O
Use	O
the	O
five-in-one	O
screwdriver	O
to	O
gently	O
pry	O
apart	O
the	O
front	O
and	O
back	O
of	O
the	O
alternator	O
.	O
Continue	O
tapping	O
the	O
sides	O
of	O
the	O
alternator	O
and	O
gently	O
prying	O
the	O
front	O
and	O
back	O
of	O
the	O
alternator	O
until	O
the	O
back	O
comes	O
off	O
.	O
This	O
may	O
take	O
a	O
while	O
.	O
Removing	O
the	O
nuts	O
that	O
hold	O
the	O
front	O
and	O
back	O
of	O
the	O
alternator	O
together	O
.	O
Tapping	O
the	O
sides	O
of	O
the	O
alternator	O
while	O
holding	O
it	O
aloft	O
.	O
Prying	O
the	O
alternator	O
apart	O
with	O
the	O
five-in-one	O
screwdriver	O
.	O
-LRB-	O
Note	O
:	O
A	O
puller	O
can	O
accomplish	O
this	O
task	O
with	O
ease	O
.	O
-RRB-	O
Removing	O
the	O
back	O
of	O
the	O
alternator	O
from	O
the	O
front	O
of	O
the	O
alternator	O
,	O
revealing	O
the	O
rotor	O
and	O
stator	O
.	O
Remove	O
the	O
four	O
threaded	O
studs	O
that	O
hold	O
the	O
stator	O
in	O
place	O
.	O
Once	O
the	O
back	O
of	O
the	O
alternator	O
has	O
been	O
removed	O
,	O
there	O
will	O
be	O
access	O
to	O
four	O
threaded	O
studs.These	O
threaded	O
studs	O
secure	O
the	O
stator	O
to	O
the	O
front	O
of	O
the	O
alternator	O
.	O
Remove	O
the	O
four	O
threaded	O
studs	O
.	O
Removing	O
the	O
Rotor	O
from	O
the	O
Alternator	O
:	O
Removing	O
the	O
rotor	O
from	O
the	O
alternator	O
can	O
be	O
somewhat	O
difficult	O
.	O
The	O
pulley	O
at	O
the	O
end	O
of	O
the	O
rotor	O
is	O
often	O
hard	O
to	O
get	O
off	O
.	O
Find	O
the	O
pulley	O
on	O
the	O
front	O
of	O
the	O
alternator	O
at	O
the	O
end	O
of	O
the	O
rotor	O
.	O
Using	O
a	O
plumbing	O
torch	O
,	O
heat	O
the	O
end	O
of	O
the	O
rotor	O
and	O
the	O
nut	O
that	O
holds	O
the	O
pulley	O
on	O
the	O
rotor	O
.	O
While	O
still	O
hot	O
,	O
soak	O
the	O
end	O
of	O
the	O
rotor	O
and	O
pulley-retaining	O
nut	O
in	O
penetrating	O
oil.Clamp	O
the	O
pulley	O
in	O
a	O
bench	O
vise	O
.	O
Using	O
a	O
socket	O
wrench	O
,	O
remove	O
the	O
retaining	O
nut	O
that	O
holds	O
the	O
pulley	O
on	O
the	O
rotor	O
.	O
Clamp	O
the	O
alternator	O
in	O
a	O
bench	O
vise	O
.	O
Take	O
a	O
piece	O
of	O
wood	O
or	O
wooden	O
mallet	O
and	O
tap	O
the	O
threaded	O
end	O
of	O
the	O
rotor	O
.	O
Remove	O
the	O
pulley	O
from	O
the	O
rotor	O
.	O
Continue	O
tapping	O
the	O
end	O
of	O
the	O
rotor	O
until	O
it	O
comes	O
out	O
of	O
the	O
alternator	O
.	O
-LRB-	O
Note	O
:	O
A	O
puller	O
can	O
accomplish	O
this	O
task	O
with	O
ease	O
.	O
-RRB-	O
Removing	O
the	O
Stator	O
from	O
the	O
Alternator	O
:	O
Removing	O
the	O
stator	O
from	O
the	O
alternator	O
can	O
be	O
difficult	O
.	O
At	O
this	O
point	O
in	O
the	O
disassembly	O
,	O
only	O
dirt	O
,	O
friction	O
and	O
oxidation	O
should	O
be	O
holding	O
the	O
stator	O
in	O
place	O
.	O
Still	O
,	O
it	O
can	O
be	O
difficult	O
to	O
pull	O
.	O
Before	O
you	O
begin	O
,	O
use	O
an	O
awl	O
to	O
make	O
registration	O
points	O
on	O
the	O
stator	O
and	O
the	O
alternator	O
body	O
at	O
the	O
same	O
point	O
so	O
that	O
the	O
stator	O
can	O
be	O
reinstalled	O
in	O
the	O
same	O
location	O
.	O
Also	O
,	O
make	O
marks	O
on	O
the	O
stator	O
core	O
indicating	O
where	O
each	O
phase	O
of	O
the	O
stator	O
wind	O
terminates	O
,	O
and	O
mark	O
the	O
common	O
termination	O
of	O
the	O
phases	O
-LRB-	O
these	O
are	O
the	O
copper	O
leads	O
that	O
connect	O
the	O
stator	O
to	O
the	O
rectifier	O
.	O
-RRB-	O
Apply	O
liberal	O
amounts	O
of	O
penetrating	O
oil	O
between	O
the	O
stator	O
and	O
the	O
alternator	O
body	O
.	O
Holding	O
the	O
alternator	O
aloft	O
,	O
and	O
using	O
gravity	O
to	O
assist	O
you	O
,	O
tap	O
on	O
the	O
outside	O
of	O
the	O
alternator	O
with	O
a	O
mallet	O
to	O
loosen	O
up	O
the	O
stator	O
from	O
the	O
alternator	O
case	O
.	O
Be	O
patient	O
,	O
it	O
could	O
take	O
a	O
while	O
.	O
-LRB-	O
Note	O
:	O
A	O
puller	O
can	O
be	O
modified	O
to	O
make	O
this	O
process	O
much	O
easier	O
.	O
-RRB-	O
Building	O
the	O
Permanent	O
Magnet	O
Rotor	O
:	O
The	O
permanent	O
magnet	O
rotor	O
is	O
composed	O
of	O
several	O
elements	O
:	O
a	O
spindle	O
,	O
bushings	O
and	O
core	O
.	O
It	O
is	O
roughly	O
the	O
same	O
dimension	O
as	O
a	O
factory	O
rotor	O
but	O
rather	O
than	O
employing	O
an	O
electromagnet	O
it	O
is	O
arrayed	O
with	O
permanent	O
magnets	O
.	O
The	O
spindle	O
and	O
bushings	O
are	O
turned	O
on	O
a	O
metal	O
lathe	O
.	O
The	O
core	O
is	O
composed	O
of	O
twelve-sided	O
sheet	O
metal	O
laminates	O
that	O
are	O
glued	O
together	O
.	O
The	O
sheet	O
metal	O
laminates	O
are	O
usually	O
cut	O
with	O
tin	O
snips	O
and	O
drilled	O
out	O
manually	O
.	O
If	O
you	O
have	O
access	O
to	O
a	O
laser-cutter	O
or	O
a	O
water-jet	O
cutter	O
and	O
CNC	O
,	O
this	O
process	O
can	O
be	O
made	O
much	O
quicker	O
.	O
If	O
made	O
by	O
hand	O
,	O
the	O
assembled	O
core	O
is	O
then	O
bored	O
out	O
in	O
the	O
center	O
to	O
receive	O
the	O
spindle	O
.	O
In	O
addition	O
,	O
four	O
holes	O
are	O
drilled	O
around	O
the	O
center	O
to	O
receive	O
the	O
nuts	O
and	O
bolts	O
that	O
hold	O
the	O
laminates	O
together	O
.	O
Finally	O
,	O
twelve	O
permanent	O
magnets	O
are	O
epoxied	O
to	O
the	O
twelve	O
facets	O
of	O
the	O
core	O
.	O
You	O
will	O
need	O
a	O
metal	O
shop	O
to	O
turn	O
the	O
spindle	O
and	O
bushings	O
of	O
the	O
rotor	O
.	O
Turning	O
the	O
Spindle	O
and	O
bushings	O
:	O
This	O
is	O
a	O
job	O
for	O
the	O
metal	O
lathe	O
.	O
Building	O
the	O
Rotor	O
Core	O
:	O
As	O
stated	O
above	O
,	O
there	O
are	O
a	O
few	O
different	O
methods	O
for	O
cutting	O
the	O
sheet	O
metal	O
laminates	O
that	O
make	O
up	O
the	O
core	O
.	O
For	O
the	O
purposes	O
of	O
this	O
manual	O
,	O
we	O
will	O
be	O
cutting	O
and	O
drilling	O
them	O
by	O
hand	O
.	O
The	O
total	O
width	O
of	O
the	O
completed	O
core	O
is	O
1.5	O
.	O
''	O
-LRB-	O
38.1	O
mm	O
-RRB-	O
When	O
selecting	O
the	O
sheet	O
metal	O
for	O
the	O
laminates	O
,	O
it	O
should	O
be	O
thin	O
enough	O
to	O
be	O
easily	O
cut	O
with	O
tin	O
snips	O
.	O
The	O
number	O
of	O
laminates	O
needed	O
to	O
make	O
up	O
the	O
1.5	O
''	O
width	O
of	O
the	O
core	O
is	O
dependent	O
upon	O
the	O
thickness	O
of	O
the	O
sheet	O
metal	O
used	O
.	O
If	O
cut	O
by	O
hand	O
,	O
26	O
gauge	O
sheet	O
metal	O
should	O
be	O
used	O
.	O
The	O
sheet	O
metal	O
template	O
included	O
below	O
shows	O
the	O
dimensions	O
of	O
the	O
laminates	O
.	O
To	O
ensure	O
that	O
you	O
have	O
the	O
right	O
dimension	O
,	O
the	O
correct	O
measurement	O
between	O
two	O
opposing	O
facets	O
is	O
73	O
mm	O
.	O
After	O
determining	O
that	O
you	O
have	O
the	O
right	O
size	O
paper	O
template	O
,	O
make	O
a	O
cutout	O
of	O
it	O
,	O
and	O
accurately	O
make	O
a	O
master	O
template	O
out	O
of	O
sheet	O
metal	O
.	O
Use	O
this	O
template	O
to	O
trace	O
all	O
the	O
remaining	O
laminates	O
.	O
Use	O
the	O
same	O
master	O
template	O
for	O
all	O
of	O
the	O
laminates	O
.	O
Have	O
a	O
sheet	O
metal	O
shop	O
cut	O
the	O
sheet	O
metal	O
into	O
appropriate	O
sized	O
squares	O
,	O
10	O
cm	O
x	O
10	O
cm	O
,	O
before	O
you	O
begin	O
,	O
so	O
that	O
the	O
laminates	O
are	O
easier	O
to	O
work	O
.	O
The	O
sheet	O
metal	O
blanks	O
should	O
be	O
washed	O
with	O
soap	O
and	O
water	O
to	O
degrease	O
them	O
so	O
that	O
the	O
contact	O
cement	O
will	O
adhere	O
to	O
them	O
.	O
Once	O
you	O
have	O
determined	O
that	O
you	O
have	O
enough	O
laminates	O
to	O
make	O
up	O
the	O
width	O
of	O
the	O
core	O
,	O
coat	O
each	O
surface	O
thinly	O
with	O
contact	O
cement	O
.	O
Let	O
the	O
contact	O
cement	O
set	O
as	O
directed	O
by	O
the	O
manufacturer	O
before	O
gluing	O
the	O
laminates	O
together	O
.	O
The	O
contact	O
cement	O
takes	O
up	O
a	O
small	O
amount	O
of	O
dimension	O
in	O
the	O
overall	O
thickness	O
of	O
the	O
core	O
.	O
When	O
the	O
laminates	O
are	O
clamped	O
together	O
they	O
will	O
compress	O
.	O
Make	O
extra	O
laminates	O
to	O
make	O
up	O
any	O
discrepancy	O
in	O
the	O
thickness	O
of	O
the	O
core	O
.	O
Leave	O
the	O
two	O
laminates	O
that	O
will	O
be	O
on	O
the	O
outside	O
of	O
the	O
core	O
with	O
one	O
side	O
free	O
of	O
contact	O
cement	O
.	O
Make	O
up	O
1/2	O
''	O
thicknesses	O
of	O
glued	O
laminates	O
and	O
then	O
glue	O
these	O
1/2	O
''	O
thicknesses	O
together	O
to	O
make	O
the	O
total	O
1.5	O
''	O
thickness	O
of	O
the	O
core.Make	O
sure	O
that	O
the	O
laminates	O
are	O
lined	O
up	O
with	O
each	O
other	O
as	O
closely	O
as	O
possible	O
.	O
Clamp	O
the	O
laminates	O
together	O
to	O
squeeze	O
out	O
any	O
excess	O
contact	O
cement	O
.	O
Once	O
the	O
laminates	O
are	O
glued	O
together	O
use	O
the	O
paper	O
template	O
to	O
make	O
registration	O
marks	O
for	O
the	O
four	O
holes	O
that	O
receive	O
bolts	O
to	O
hold	O
the	O
laminates	O
together	O
.	O
Use	O
an	O
awl	O
to	O
make	O
these	O
registration	O
marks	O
.	O
With	O
a	O
drill	O
press	O
,	O
drill	O
out	O
the	O
four	O
holes	O
to	O
receive	O
the	O
nuts	O
and	O
bolts	O
that	O
hold	O
the	O
laminates	O
together	O
.	O
Drill	O
pilot	O
holes	O
first	O
and	O
work	O
your	O
way	O
up	O
to	O
the	O
finish	O
diameter	O
of	O
the	O
holes	O
.	O
The	O
finish	O
diameter	O
of	O
the	O
holes	O
should	O
be	O
1/4	O
''	O
.	O
Bolt	O
the	O
laminates	O
together	O
using	O
2	O
``	O
long	O
,	O
1/4	O
''	O
bolts	O
,	O
nuts	O
,	O
washers	O
and	O
lockwashers	O
.	O
Have	O
a	O
machinist	O
bore	O
out	O
the	O
center	O
hole	O
at	O
15	O
mm	O
to	O
receive	O
the	O
spindle	O
.	O
-LRB-	O
Note	O
:	O
The	O
center	O
hole	O
in	O
the	O
core	O
is	O
crucial	O
to	O
proper	O
function	O
of	O
the	O
alternator	O
.	O
It	O
is	O
recommended	O
that	O
this	O
hole	O
be	O
cut	O
with	O
a	O
cutting	O
tool	O
on	O
the	O
lathe	O
and	O
not	O
with	O
a	O
drill	O
bit	O
,	O
as	O
any	O
drift	O
in	O
the	O
drill	O
bit	O
will	O
be	O
a	O
disaster	O
!	O
-RRB-	O
Machining	O
the	O
Spindle	O
and	O
Bushings	O
:	O
The	O
spindle	O
should	O
be	O
15	O
mm	O
in	O
diameter	O
,	O
6.25	O
''	O
in	O
length	O
and	O
threaded	O
at	O
one	O
end	O
.	O
The	O
threaded	O
end	O
is	O
1.25	O
''	O
in	O
length	O
to	O
receive	O
a	O
1/2	O
''	O
nut	O
.	O
The	O
threaded	O
end	O
of	O
the	O
spindle	O
should	O
be	O
machined	O
square	O
at	O
3/8	O
''	O
,	O
1/4	O
``	O
in	O
from	O
the	O
end	O
of	O
the	O
spindle	O
.	O
The	O
length	O
of	O
the	O
threaded	O
and	O
square-machined	O
end	O
should	O
be	O
a	O
total	O
of	O
1.5	O
''	O
.	O
The	O
thickness	O
of	O
the	O
bushing	O
on	O
the	O
threaded	O
end	O
of	O
the	O
spindle	O
-LRB-	O
the	O
top	O
bushing	O
-RRB-	O
is	O
15	O
mm	O
.	O
The	O
thickness	O
of	O
the	O
bottom	O
bushing	O
is	O
10	O
mm	O
.	O
Both	O
bushings	O
should	O
be	O
30	O
mm	O
in	O
diameter	O
,	O
with	O
a	O
15	O
mm	O
hole	O
in	O
the	O
center	O
.	O
Again	O
,	O
a	O
metal	O
lathe	O
will	O
be	O
needed	O
for	O
this	O
process	O
.	O
5	O
mm	O
wide	O
x	O
10	O
mm	O
long	O
hex	O
set-screws	O
are	O
tapped	O
into	O
the	O
side	O
of	O
the	O
bushings	O
to	O
link	O
them	O
to	O
the	O
spindle	O
.	O
Attaching	O
the	O
Spindle	O
to	O
the	O
Core	O
and	O
Bushings	O
:	O
The	O
distance	O
from	O
the	O
bottom	O
of	O
the	O
spindle	O
-LRB-	O
the	O
non	O
threaded	O
end	O
-RRB-	O
to	O
the	O
10	O
mm	O
bottom	O
bushing	O
is	O
38	O
mm	O
.	O
The	O
distance	O
from	O
the	O
top	O
of	O
the	O
spindle	O
-LRB-	O
the	O
threaded	O
end	O
-RRB-	O
to	O
the	O
top	O
bushing	O
is	O
60	O
mm	O
.	O
Once	O
you	O
have	O
determined	O
the	O
location	O
of	O
the	O
core	O
and	O
bushings	O
on	O
the	O
spindle	O
,	O
tighten	O
the	O
hex	O
set-screws	O
on	O
the	O
bushings	O
to	O
the	O
spindle	O
.	O
Loosen	O
the	O
hex	O
set-screws	O
on	O
the	O
bushings	O
from	O
the	O
spindle	O
and	O
note	O
the	O
marks	O
that	O
are	O
left	O
in	O
the	O
spindle	O
from	O
the	O
hex	O
set-screws	O
.	O
Using	O
a	O
file	O
,	O
file	O
the	O
small	O
area	O
on	O
the	O
spindle	O
where	O
the	O
hex	O
set-screw	O
contacts	O
the	O
spindle	O
flat	O
,	O
so	O
that	O
where	O
assembled	O
,	O
the	O
hex	O
set-screw	O
wo	O
n't	O
slip	O
on	O
the	O
spindle	O
.	O
Reattach	O
the	O
core	O
and	O
bushings	O
to	O
the	O
spindle	O
with	O
the	O
hex	O
set-screws	O
.	O
Once	O
assembled	O
,	O
drill	O
a	O
1/8	O
''	O
hole	O
in	O
the	O
top	O
of	O
each	O
bushing	O
through	O
the	O
bushing	O
and	O
into	O
the	O
core	O
.	O
Take	O
two	O
1/8	O
''	O
drill	O
bits	O
,	O
cut	O
them	O
in	O
half	O
and	O
discard	O
the	O
cutting	O
ends	O
of	O
the	O
bits	O
.	O
These	O
will	O
act	O
as	O
pins	O
to	O
link	O
the	O
rotor	O
core	O
to	O
the	O
bushings	O
.	O
Put	O
a	O
slight	O
bend	O
in	O
the	O
non-cutting	O
end	O
of	O
each	O
of	O
the	O
bits	O
.	O
Coat	O
the	O
ends	O
of	O
the	O
bits	O
in	O
epoxy	O
.	O
Drive	O
the	O
bits	O
through	O
the	O
bushings	O
and	O
into	O
the	O
rotor	O
core	O
to	O
pin	O
the	O
bushings	O
to	O
the	O
core	O
.	O
Drive	O
the	O
pins	O
just	O
below	O
the	O
flush	O
surface	O
of	O
the	O
bushings	O
,	O
marrying	O
the	O
bushings	O
to	O
the	O
core	O
and	O
the	O
bushings/core	O
to	O
the	O
spindle	O
.	O
-LRB-	O
note	O
:	O
Though	O
this	O
method	O
of	O
marrying	O
the	O
core	O
and	O
bushings	O
to	O
the	O
spindle	O
works	O
well	O
,	O
other	O
schemes	O
of	O
marrying	O
these	O
elements	O
such	O
as	O
using	O
compression	O
between	O
the	O
core	O
and	O
the	O
spindle	O
show	O
promise	O
.	O
A	O
number	O
of	O
different	O
schemes	O
could	O
work	O
here	O
depending	O
upon	O
facilities	O
.	O
-RRB-	O
Attaching	O
the	O
Permanent	O
Magnets	O
to	O
the	O
Core	O
:	O
Clamp	O
the	O
rotor	O
in	O
a	O
vise	O
by	O
the	O
core	O
.	O
The	O
core	O
now	O
has	O
twelve	O
facets	O
that	O
should	O
be	O
1.5	O
''	O
in	O
length	O
and	O
.75	O
''	O
in	O
width	O
.	O
Because	O
the	O
laminates	O
are	O
cut	O
by	O
hand	O
,	O
there	O
is	O
some	O
variation	O
in	O
dimension	O
.	O
File	O
down	O
each	O
facet	O
until	O
they	O
are	O
as	O
close	O
as	O
possible	O
to	O
the	O
1.5	O
''	O
x	O
.75	O
''	O
desired	O
dimension	O
.	O
Do	O
not	O
exceed	O
the	O
1.5	O
''	O
by	O
.75	O
''	O
dimension	O
.	O
-LRB-	O
Note	O
:	O
This	O
filing	O
can	O
be	O
accomplished	O
much	O
more	O
quickly	O
with	O
a	O
sanding	O
machine	O
,	O
but	O
extreme	O
care	O
should	O
be	O
taken	O
not	O
to	O
remove	O
too	O
much	O
material	O
from	O
the	O
facets	O
of	O
the	O
core	O
.	O
-RRB-	O
Now	O
that	O
the	O
core	O
and	O
bushings	O
are	O
attached	O
to	O
the	O
spindle	O
it	O
is	O
time	O
to	O
attach	O
the	O
neodymium	O
magnets	O
to	O
the	O
core	O
.	O
Special	O
care	O
should	O
be	O
taken	O
when	O
handling	O
the	O
neodymium	O
magnets	O
.	O
They	O
are	O
very	O
strong	O
magnets	O
,	O
but	O
also	O
very	O
brittle	O
.	O
Once	O
removed	O
from	O
the	O
packaging	O
and	O
separated	O
,	O
they	O
should	O
be	O
kept	O
at	O
least	O
16	O
inches	O
from	O
each	O
other	O
and	O
anything	O
magnetic.Failure	O
to	O
do	O
so	O
may	O
result	O
in	O
personal	O
injury	O
or	O
damage	O
to	O
the	O
magnets.Gloves	O
should	O
be	O
worn	O
when	O
handling	O
the	O
magnets	O
,	O
so	O
that	O
if	O
you	O
do	O
come	O
in	O
contact	O
with	O
anything	O
magnetic	O
you	O
wo	O
n't	O
get	O
hurt	O
.	O
Determine	O
the	O
Poles	O
and	O
Mark	O
:	O
The	O
magnets	O
will	O
be	O
arrayed	O
on	O
the	O
core	O
with	O
poles	O
alternating	O
,	O
north/south	O
,	O
north/south	O
,	O
etc.	O
.	O
Once	O
the	O
magnets	O
are	O
removed	O
from	O
the	O
packaging	O
,	O
set	O
them	O
out	O
on	O
a	O
bench	O
in	O
a	O
row	O
at	O
least	O
16	O
''	O
apart	O
.	O
With	O
a	O
gloved	O
hand	O
,	O
use	O
one	O
of	O
the	O
magnets	O
as	O
a	O
test	O
magnet	O
.	O
Determine	O
the	O
poles	O
of	O
each	O
magnet	O
by	O
holding	O
the	O
test	O
magnet	O
to	O
each	O
of	O
the	O
magnets	O
on	O
the	O
bench	O
.	O
Turn	O
the	O
magnets	O
over	O
until	O
each	O
magnet	O
in	O
the	O
row	O
on	O
the	O
bench	O
is	O
alternately	O
attracted	O
and	O
repulsed	O
by	O
the	O
magnet	O
in	O
your	O
gloved	O
hand	O
.	O
Double	O
check	O
to	O
make	O
sure	O
that	O
you	O
have	O
determined	O
that	O
each	O
magnet	O
in	O
the	O
row	O
is	O
alternately	O
attractive	O
and	O
repulsive	O
to	O
the	O
magnet	O
in	O
your	O
hand	O
.	O
Use	O
aSharpie	O
pen	O
to	O
mark	O
the	O
magnets	O
north	O
and	O
south	O
.	O
-LRB-	O
Note	O
:	O
The	O
designation	O
of	O
north	O
and	O
south	O
on	O
the	O
magnets	O
is	O
arbitrary	O
.	O
The	O
important	O
thing	O
is	O
that	O
the	O
magnets	O
alternate	O
in	O
polarity	O
when	O
arrayed	O
on	O
the	O
rotor	O
core	O
.	O
-RRB-	O
The	O
back	O
,	O
unmarked	O
,	O
side	O
of	O
the	O
magnets	O
are	O
roughed	O
up	O
with	O
emery	O
cloth	O
or	O
sandpaper	O
for	O
better	O
adhesion	O
to	O
the	O
core	O
.	O
Epoxying	O
the	O
Magnets	O
to	O
the	O
Core	O
:	O
For	O
easier	O
attachment	O
of	O
the	O
magnets	O
to	O
the	O
rotor	O
,	O
drill	O
a	O
hole	O
in	O
a	O
piece	O
of	O
wood	O
to	O
receive	O
the	O
end	O
of	O
the	O
spindle	O
.	O
Clamp	O
the	O
wood	O
into	O
a	O
vise	O
and	O
place	O
one	O
end	O
of	O
the	O
spindle	O
in	O
the	O
hole	O
in	O
the	O
wood	O
.	O
Once	O
the	O
magnets	O
are	O
placed	O
on	O
the	O
core	O
they	O
will	O
want	O
to	O
pull	O
toward	O
each	O
other	O
.	O
For	O
this	O
reason	O
twelve	O
spacers	O
should	O
be	O
made	O
up	O
to	O
keep	O
them	O
apart	O
.	O
Use	O
non-magnetic	O
wooden	O
coffee	O
stirrers	O
or	O
pieces	O
of	O
plastic	O
to	O
keep	O
them	O
apart	O
.	O
The	O
spacers	O
should	O
be	O
1/8	O
''	O
width	O
and	O
at	O
least	O
2	O
''	O
long	O
.	O
Make	O
up	O
a	O
small	O
batch	O
of	O
epoxy	O
-LRB-	O
JB	O
weld	O
or	O
a	O
similar	O
metal	O
epoxy	O
is	O
best	O
-RRB-	O
.	O
Wearing	O
gloves	O
,	O
coat	O
a	O
magnet	O
on	O
its	O
non-marked	O
side	O
and	O
coat	O
a	O
facet	O
of	O
the	O
rotor	O
core	O
with	O
epoxy	O
.	O
Lower	O
the	O
magnet	O
into	O
place	O
,	O
being	O
careful	O
not	O
to	O
break	O
the	O
magnet	O
with	O
the	O
magnetic	O
force	O
between	O
it	O
and	O
the	O
rotor	O
core.Repeat	O
this	O
process	O
for	O
all	O
twelve	O
magnets	O
alternating	O
north	O
,	O
south	O
,	O
north	O
,	O
south	O
,	O
etc.	O
.	O
-LRB-	O
Note	O
:	O
Wear	O
gloves	O
during	O
the	O
attachment	O
of	O
the	O
magnets	O
!	O
-RRB-	O
Once	O
all	O
of	O
the	O
magnets	O
are	O
roughly	O
in	O
position	O
,	O
spacers	O
are	O
used	O
to	O
separate	O
the	O
magnets	O
from	O
each	O
other	O
.	O
Reposition	O
the	O
magnets	O
while	O
the	O
epoxy	O
is	O
still	O
setting	O
and	O
try	O
to	O
make	O
as	O
uniform	O
an	O
array	O
as	O
possible	O
.	O
As	O
the	O
epoxy	O
begins	O
to	O
set	O
,	O
the	O
spacers	O
are	O
removed	O
and	O
further	O
small	O
adjustments	O
are	O
made	O
.	O
Mineral	O
spirits	O
or	O
paint	O
thinner	O
is	O
used	O
to	O
clean	O
up	O
the	O
excess	O
epoxy	O
on	O
the	O
core	O
assembly	O
.	O
Magnets	O
arrayed	O
with	O
opposing	O
poles	O
on	O
the	O
rotor	O
core	O
with	O
spacers	O
.	O
-LRB-	O
Note	O
:	O
The	O
above	O
process	O
should	O
be	O
done	O
as	O
quickly	O
as	O
possible	O
to	O
ensure	O
the	O
integrity	O
of	O
the	O
epoxy	O
.	O
Once	O
the	O
epoxy	O
has	O
set	O
,	O
do	O
not	O
attempt	O
further	O
adjustment	O
of	O
the	O
magnets	O
.	O
-RRB-	O
Finishing	O
the	O
Rotor	O
:	O
Once	O
the	O
excess	O
epoxy	O
is	O
cleaned	O
from	O
the	O
rotor	O
,	O
wash	O
the	O
rotor	O
with	O
soap	O
and	O
water	O
.	O
Mask	O
the	O
spindle	O
with	O
tape	O
.	O
Coat	O
the	O
core	O
,	O
magnets	O
and	O
bushings	O
with	O
a	O
clear	O
coat	O
of	O
polyurethane	O
or	O
paint	O
.	O
Once	O
finished	O
,	O
wrap	O
the	O
rotor	O
in	O
a	O
thick	O
cloth	O
and	O
store	O
away	O
from	O
metal	O
or	O
other	O
magnetic	O
material	O
.	O
Rebuilding	O
the	O
Stator	O
:	O
The	O
stator	O
is	O
rewound	O
with	O
thinner	O
gage	O
wire	O
than	O
the	O
wire	O
that	O
comes	O
stock	O
with	O
the	O
alternator	O
.	O
Once	O
the	O
stock	O
wire	O
is	O
stripped	O
from	O
the	O
stator	O
core	O
,	O
it	O
is	O
rewound	O
in	O
the	O
same	O
fashion	O
as	O
the	O
factory	O
wind	O
,	O
but	O
with	O
thinner	O
gage	O
wire	O
.	O
-LRB-	O
Note	O
:	O
If	O
you	O
are	O
in	O
a	O
location	O
where	O
rewinding	O
motors	O
is	O
readily	O
available	O
and	O
cheap	O
-LRB-	O
as	O
in	O
many	O
developing	O
countries	O
-RRB-	O
,	O
you	O
might	O
want	O
to	O
hire	O
a	O
motor	O
rewinder	O
to	O
perform	O
this	O
task	O
as	O
it	O
is	O
rather	O
tedious	O
and	O
they	O
will	O
probably	O
do	O
a	O
better	O
job	O
.	O
-RRB-	O
Stripping	O
the	O
Stator	O
of	O
Factory	O
Wire	O
:	O
The	O
stator	O
core	O
is	O
composed	O
of	O
thin	O
sheet	O
metal	O
.	O
Pay	O
special	O
attention	O
to	O
not	O
damaging	O
it	O
,	O
as	O
it	O
is	O
delicate	O
.	O
Take	O
an	O
awl	O
and	O
make	O
registration	O
points	O
on	O
the	O
core	O
where	O
the	O
factory	O
wire	O
terminates	O
at	O
the	O
wire	O
lugs	O
that	O
attach	O
to	O
the	O
rectifier	O
.	O
Using	O
a	O
plumbing	O
torch	O
remove	O
these	O
lugs	O
for	O
use	O
in	O
the	O
new	O
wind	O
.	O
Measure	O
the	O
length	O
of	O
the	O
leads	O
coming	O
off	O
of	O
the	O
stator	O
once	O
the	O
wire	O
lugs	O
have	O
been	O
removed	O
.	O
Measure	O
the	O
overall	O
height	O
of	O
the	O
wind	O
,	O
so	O
that	O
it	O
can	O
be	O
reproduced	O
in	O
the	O
new	O
wind	O
and	O
fit	O
in	O
the	O
alternator	O
.	O
Save	O
these	O
measurements	O
for	O
future	O
reference	O
.	O
During	O
manufacture	O
,	O
the	O
factory	O
wire	O
is	O
locked	O
into	O
the	O
stator	O
core	O
by	O
a	O
thick	O
coat	O
of	O
varnish	O
.	O
In	O
addition	O
,	O
the	O
wire	O
itself	O
is	O
insulated	O
with	O
an	O
enamel	O
coating	O
.	O
The	O
wires	O
are	O
held	O
in	O
place	O
in	O
the	O
stator	O
core	O
by	O
wooden	O
or	O
plastic	O
inserts	O
in	O
the	O
slots	O
that	O
hold	O
the	O
wire	O
.	O
The	O
wire	O
itself	O
is	O
insulated	O
from	O
the	O
stator	O
core	O
with	O
Nomex	O
or	O
fish	O
paper	O
.	O
The	O
easiest	O
way	O
to	O
strip	O
the	O
wire	O
from	O
the	O
stator	O
is	O
to	O
burn	O
off	O
the	O
varnish	O
,	O
enamel	O
coating	O
,	O
and	O
other	O
material	O
with	O
a	O
plumbing	O
torch	O
.	O
It	O
is	O
possible	O
to	O
remove	O
the	O
wire	O
without	O
a	O
torch	O
,	O
but	O
it	O
is	O
much	O
more	O
time	O
consuming	O
and	O
risks	O
damaging	O
the	O
sheet	O
metal	O
body	O
of	O
the	O
stator	O
.	O
Once	O
the	O
stator	O
is	O
stripped	O
of	O
factory	O
wire	O
,	O
the	O
stator	O
core	O
should	O
be	O
cleaned	O
.	O
Pay	O
special	O
attention	O
to	O
cleaning	O
out	O
the	O
slots	O
that	O
the	O
wire	O
sits	O
in	O
,	O
and	O
cleaning	O
the	O
outside	O
of	O
the	O
stator	O
where	O
it	O
fits	O
into	O
the	O
alternator	O
.	O
This	O
can	O
be	O
accomplished	O
with	O
a	O
wire	O
brush	O
and	O
a	O
small	O
file	O
.	O
It	O
is	O
not	O
necessary	O
to	O
clean	O
the	O
stator	O
core	O
thoroughly	O
,	O
just	O
remove	O
anything	O
that	O
is	O
going	O
to	O
get	O
in	O
the	O
way	O
of	O
the	O
new	O
wind	O
.	O
The	O
process	O
of	O
pulling	O
the	O
factory	O
wire	O
out	O
of	O
the	O
stator	O
may	O
make	O
small	O
burrs	O
in	O
the	O
stator	O
core	O
.	O
File	O
these	O
smooth	O
,	O
so	O
that	O
they	O
do	O
n't	O
nick	O
the	O
new	O
wire	O
and	O
cause	O
a	O
short	O
circuit	O
in	O
the	O
finished	O
stator	O
.	O
After	O
the	O
stator	O
core	O
is	O
stripped	O
and	O
cleaned	O
,	O
clean	O
the	O
inside	O
of	O
the	O
front	O
of	O
the	O
alternator	O
where	O
the	O
stator	O
core	O
fits	O
.	O
Confirm	O
that	O
the	O
stator	O
core	O
will	O
easily	O
slide	O
back	O
into	O
position	O
.	O
Overview	O
of	O
the	O
Stator	O
Rewind	O
:	O
-LRB-	O
Note	O
:	O
First	O
we	O
will	O
give	O
an	O
overview	O
of	O
the	O
rewind	O
process	O
,	O
followed	O
by	O
more	O
in	O
-	O
depth	O
instructions	O
on	O
page	O
43	O
-RRB-	O
The	O
stator	O
wind	O
is	O
composed	O
of	O
three	O
phases	O
.	O
Red	O
,	O
green	O
and	O
blue	O
represent	O
the	O
three	O
separate	O
phases	O
of	O
the	O
wind	O
in	O
the	O
graphic	O
below	O
.	O
To	O
keep	O
track	O
of	O
the	O
different	O
phases	O
of	O
the	O
wind	O
,	O
colored	O
straws	O
will	O
be	O
placed	O
in	O
the	O
slots	O
of	O
the	O
stator	O
core	O
.	O
These	O
straws	O
are	O
used	O
as	O
a	O
visual	O
guide	O
to	O
simplify	O
the	O
winding	O
process	O
;	O
they	O
will	O
clearly	O
define	O
each	O
of	O
the	O
three	O
phases	O
.	O
The	O
length	O
of	O
the	O
straws	O
dictates	O
the	O
height	O
of	O
the	O
loops	O
of	O
the	O
wind	O
.	O
The	O
straws	O
should	O
be	O
cut	O
to	O
55	O
mm	O
in	O
length	O
.	O
Twelve	O
of	O
one	O
color	O
straw	O
and	O
twelve	O
of	O
another	O
colored	O
straw	O
.	O
As	O
each	O
phase	O
of	O
the	O
wind	O
is	O
completed	O
,	O
the	O
straws	O
are	O
removed	O
to	O
reveal	O
the	O
next	O
location	O
for	O
a	O
phase	O
.	O
The	O
finished	O
wind	O
must	O
fit	O
back	O
into	O
the	O
alternator	O
.	O
Special	O
attention	O
to	O
making	O
the	O
rewind	O
the	O
same	O
height	O
as	O
the	O
factory	O
wind	O
is	O
essential	O
.	O
The	O
correct	O
height	O
is	O
55	O
mm	O
.	O
As	O
each	O
phase	O
is	O
completed	O
,	O
pieces	O
of	O
wood	O
are	O
inserted	O
into	O
the	O
wire	O
slots	O
to	O
keep	O
the	O
wire	O
tightly	O
in	O
place	O
.	O
The	O
finished	O
dimension	O
of	O
the	O
wood	O
pieces	O
is	O
4	O
mm	O
x	O
28	O
mm	O
.	O
Coffee	O
stirrers	O
cut	O
down	O
to	O
4	O
mm	O
width	O
work	O
well	O
.	O
Once	O
the	O
rewind	O
is	O
complete	O
,	O
the	O
factory	O
wire	O
lugs	O
are	O
re-soldered	O
to	O
the	O
ends	O
of	O
each	O
of	O
the	O
three	O
phases	O
,	O
and	O
to	O
the	O
common	O
eye	O
connection.When	O
re-soldering	O
the	O
wire	O
lugs	O
to	O
the	O
stator	O
,	O
make	O
sure	O
that	O
they	O
are	O
soldered	O
45	O
mm	O
from	O
the	O
top	O
of	O
the	O
stator	O
to	O
the	O
center	O
of	O
the	O
wire	O
lug	O
.	O
Rewinding	O
the	O
Stator	O
in	O
Detail	O
:	O
Once	O
the	O
stator	O
is	O
clean	O
of	O
any	O
residual	O
varnish	O
or	O
other	O
materials	O
,	O
Nomex	O
paper	O
must	O
be	O
cut	O
and	O
folded	O
into	O
the	O
cavities	O
that	O
receive	O
the	O
wire	O
in	O
the	O
stator	O
.	O
Accurately	O
cut	O
the	O
Nomex	O
paper	O
to	O
4	O
cm	O
by	O
2	O
cm	O
lengths	O
.	O
Fold	O
the	O
long	O
ends	O
of	O
the	O
Nomex	O
back	O
4	O
mm	O
and	O
then	O
fold	O
the	O
entire	O
piece	O
length	O
wise	O
.	O
The	O
Nomex	O
should	O
snap	O
into	O
place	O
in	O
the	O
stator	O
cavities	O
with	O
the	O
4	O
mm	O
folded	O
ends	O
protruding	O
.	O
Note	O
:	O
Nomex	O
is	O
a	O
brand	O
name	O
.	O
The	O
generic	O
name	O
for	O
this	O
material	O
is	O
fish	O
paper	O
.	O
Attach	O
the	O
stator	O
core	O
to	O
a	O
bar	O
clamp	O
with	O
a	O
hose	O
clamp	O
,	O
and	O
clamp	O
the	O
assembly	O
to	O
a	O
table	O
.	O
Insert	O
the	O
colored	O
straws	O
,	O
twelve	O
one	O
color	O
and	O
twelve	O
another	O
color	O
,	O
alternating	O
by	O
color	O
.	O
These	O
represent	O
two	O
of	O
the	O
three	O
phases	O
of	O
the	O
wind	O
.	O
Leave	O
every	O
third	O
slot	O
empty	O
.	O
Once	O
the	O
Nomex	O
paper	O
is	O
installed	O
in	O
the	O
slots	O
of	O
the	O
stator	O
,	O
and	O
the	O
colored	O
straws	O
are	O
installed	O
as	O
a	O
guide	O
,	O
it	O
is	O
time	O
to	O
begin	O
winding	O
the	O
stator	O
.	O
Locate	O
the	O
registration	O
marks	O
made	O
earlier	O
on	O
the	O
stator	O
core	O
for	O
the	O
leads	O
of	O
each	O
phase	O
and	O
for	O
the	O
common	O
eye	O
connection	O
.	O
Using	O
20	O
AWG	O
enameled	O
magnet	O
wire	O
,	O
wind	O
the	O
first	O
phase	O
of	O
the	O
stator	O
in	O
a	O
serpentine	O
pattern	O
,	O
starting	O
from	O
the	O
first	O
termination	O
point	O
of	O
a	O
phase	O
.	O
The	O
winds	O
should	O
be	O
55	O
mm	O
high	O
,	O
evenly	O
spaced	O
on	O
either	O
side	O
of	O
the	O
stator	O
core	O
.	O
A	O
maximum	O
of	O
15	O
mm	O
of	O
wind	O
should	O
protrude	O
from	O
the	O
top	O
and	O
bottom	O
of	O
the	O
stator	O
core	O
.	O
As	O
you	O
begin	O
the	O
wind	O
,	O
make	O
the	O
loops	O
shallower	O
than	O
the	O
finished	O
dimension	O
and	O
work	O
your	O
way	O
up	O
to	O
the	O
final	O
dimension	O
.	O
This	O
will	O
allow	O
space	O
for	O
all	O
of	O
the	O
winds	O
in	O
each	O
phase	O
.	O
When	O
winding	O
the	O
phases	O
,	O
the	O
enameled	O
magnet	O
wire	O
must	O
not	O
contact	O
the	O
stator	O
core	O
.	O
This	O
will	O
cause	O
a	O
short	O
circuit	O
.	O
-LRB-	O
Note	O
:	O
The	O
wind	O
is	O
shallower	O
than	O
the	O
finish	O
dimension	O
as	O
defined	O
by	O
the	O
straws.This	O
will	O
allow	O
for	O
all	O
of	O
the	O
winds	O
to	O
fit	O
.	O
-RRB-	O
Allow	O
plenty	O
of	O
extra	O
slack	O
in	O
the	O
end	O
of	O
each	O
wind	O
to	O
insure	O
that	O
there	O
is	O
enough	O
wire	O
to	O
make	O
the	O
connections	O
to	O
the	O
wire	O
lugs	O
.	O
These	O
wire	O
lugs	O
will	O
attach	O
the	O
stator	O
to	O
the	O
rectifier	O
when	O
the	O
stator	O
is	O
complete	O
.	O
It	O
is	O
not	O
crucial	O
that	O
each	O
phase	O
have	O
exactly	O
the	O
same	O
amount	O
of	O
winds	O
,	O
only	O
that	O
each	O
phase	O
has	O
as	O
much	O
wire	O
as	O
can	O
fit	O
into	O
the	O
slots	O
of	O
the	O
stator	O
core	O
.	O
As	O
each	O
phase	O
of	O
the	O
stator	O
is	O
complete	O
,	O
insert	O
a	O
piece	O
of	O
wood	O
into	O
each	O
slot	O
of	O
the	O
phase	O
to	O
hold	O
the	O
wire	O
in	O
place	O
.	O
These	O
pieces	O
of	O
wood	O
are	O
part	O
of	O
the	O
completed	O
stator	O
and	O
should	O
fit	O
snugly	O
in	O
the	O
stator	O
and	O
be	O
trimmed	O
to	O
the	O
dimension	O
of	O
the	O
stator	O
core	O
.	O
-LRB-	O
Note	O
:	O
The	O
magnet	O
wire	O
that	O
is	O
used	O
for	O
the	O
stator	O
has	O
a	O
very	O
thin	O
enamel	O
coating	O
for	O
electrical	O
insulation	O
.	O
Be	O
very	O
careful	O
not	O
to	O
nick	O
this	O
coating	O
as	O
it	O
will	O
cause	O
a	O
short	O
circuit	O
in	O
the	O
finished	O
stator	O
and	O
you	O
will	O
have	O
to	O
rewind	O
it	O
again	O
!	O
-RRB-	O
Once	O
each	O
phase	O
is	O
complete	O
use	O
a	O
volt	O
meter	O
or	O
continuity	O
tester	O
to	O
determine	O
if	O
there	O
is	O
a	O
short	O
circuit	O
in	O
the	O
phase	O
.	O
Sand	O
a	O
small	O
amount	O
of	O
insulation	O
off	O
the	O
end	O
of	O
a	O
phase	O
wire	O
.	O
Hold	O
one	O
lead	O
of	O
the	O
volt	O
meter/continuity	O
tester	O
to	O
the	O
stator	O
core	O
and	O
one	O
to	O
the	O
end	O
of	O
the	O
sanded/stripped	O
phase	O
wire	O
.	O
There	O
should	O
be	O
no	O
electrical	O
connection	O
-LRB-	O
continuity	O
-RRB-	O
between	O
the	O
phase	O
and	O
stator	O
core	O
.	O
Repeat	O
this	O
test	O
after	O
each	O
completed	O
phase	O
.	O
In	O
addition	O
,	O
as	O
each	O
phase	O
is	O
completed	O
,	O
check	O
to	O
make	O
sure	O
that	O
there	O
is	O
no	O
continuity	O
between	O
the	O
phases	O
.	O
The	O
next	O
step	O
of	O
the	O
process	O
is	O
to	O
tighten	O
the	O
wind	O
to	O
make	O
sure	O
that	O
it	O
will	O
clear	O
the	O
alternator	O
casing	O
.	O
Once	O
the	O
three	O
phases	O
are	O
complete	O
,	O
use	O
an	O
appropriate	O
sized	O
jar	O
wrapped	O
in	O
duct	O
tape	O
to	O
the	O
dimension	O
of	O
the	O
inside	O
of	O
the	O
stator	O
.	O
Use	O
a	O
wooden	O
mallet	O
to	O
gently	O
pound	O
the	O
winds	O
into	O
a	O
tighter	O
configuration	O
.	O
Do	O
not	O
exceed	O
the	O
inside	O
diameter	O
of	O
the	O
stator	O
core	O
.	O
Again	O
,	O
the	O
stator	O
wind	O
must	O
fit	O
back	O
into	O
the	O
alternator	O
and	O
not	O
contact	O
the	O
body	O
of	O
the	O
alternator	O
or	O
the	O
stator	O
core	O
.	O
Test	O
the	O
stator	O
core	O
and	O
the	O
individual	O
phases	O
against	O
each	O
other	O
again	O
for	O
continuity	O
.	O
Again	O
,	O
there	O
should	O
be	O
no	O
continuity	O
between	O
the	O
phases	O
and	O
stator	O
core	O
or	O
the	O
individual	O
phases	O
.	O
Confirm	O
that	O
the	O
stator	O
will	O
fit	O
back	O
into	O
the	O
alternator	O
case	O
,	O
and	O
that	O
the	O
wind	O
does	O
not	O
exceed	O
the	O
inside	O
diameter	O
of	O
the	O
stator	O
core	O
.	O
When	O
you	O
are	O
satisfied	O
with	O
the	O
wind	O
,	O
and	O
have	O
confirmed	O
that	O
there	O
are	O
no	O
short	O
circuits	O
,	O
it	O
is	O
time	O
to	O
coat	O
the	O
stator	O
in	O
varnish	O
.	O
Mask	O
off	O
the	O
outside	O
of	O
the	O
stator	O
core	O
with	O
tape	O
where	O
it	O
will	O
contact	O
the	O
alternator	O
case	O
.	O
This	O
is	O
necessary	O
so	O
that	O
it	O
will	O
fit	O
back	O
into	O
the	O
alternator	O
.	O
Use	O
high	O
temperature	O
shellac	O
,	O
varnish	O
or	O
paint	O
to	O
thoroughly	O
coat	O
the	O
stator	O
and	O
the	O
winds.Several	O
coats	O
are	O
recommended	O
.	O
Use	O
spray	O
paint	O
or	O
dip	O
the	O
core	O
in	O
varnish	O
to	O
penetrate	O
the	O
wind	O
more	O
deeply	O
.	O
Reattaching	O
the	O
Wire	O
Lugs	O
to	O
the	O
Stator	O
:	O
Cut	O
the	O
ends	O
of	O
the	O
three	O
phases	O
and	O
the	O
common	O
eye	O
end	O
to	O
the	O
appropriate	O
length	O
to	O
reach	O
the	O
rectifier	O
.	O
The	O
distance	O
from	O
the	O
top	O
of	O
the	O
stator	O
core	O
to	O
the	O
center	O
of	O
the	O
wire	O
lug	O
is	O
45	O
mm	O
.	O
Double	O
check	O
your	O
measurements	O
.	O
Leave	O
a	O
little	O
slack	O
to	O
ensure	O
that	O
you	O
have	O
enough	O
wire	O
to	O
reach	O
the	O
rectifier	O
.	O
Strip	O
away	O
a	O
small	O
portion	O
of	O
the	O
enamel	O
insulation	O
from	O
the	O
ends	O
of	O
each	O
phase	O
.	O
Group	O
the	O
common	O
ends	O
of	O
the	O
three	O
phases	O
together	O
,	O
and	O
solder	O
the	O
wire	O
lugs	O
onto	O
the	O
ends	O
of	O
each	O
phase	O
and	O
the	O
common	O
eye	O
end	O
.	O
Check	O
again	O
for	O
continuity	O
between	O
each	O
phase	O
and	O
the	O
common	O
end	O
of	O
each	O
phase	O
.	O
Make	O
sure	O
there	O
is	O
no	O
continuity	O
between	O
the	O
common	O
ends	O
of	O
each	O
phase	O
and	O
the	O
stator	O
core	O
.	O
There	O
will	O
now	O
be	O
continuity	O
between	O
the	O
three	O
phases	O
,	O
because	O
they	O
have	O
been	O
joined	O
at	O
the	O
eye	O
-LRB-	O
common	O
-RRB-	O
wire.Again	O
,	O
there	O
should	O
be	O
no	O
continuity	O
between	O
the	O
phases	O
and	O
the	O
stator	O
core	O
.	O
Reinstalling	O
the	O
Stator	O
and	O
Rotor	O
:	O
Reinstalling	O
the	O
Stator	O
:	O
Reinstalling	O
the	O
stator	O
core	O
into	O
the	O
alternator	O
should	O
be	O
fairly	O
easy	O
.	O
Before	O
beginning	O
,	O
confirm	O
that	O
the	O
stator	O
is	O
in	O
the	O
right	O
position	O
to	O
connect	O
to	O
the	O
rectifier	O
by	O
loosely	O
inserting	O
the	O
stator	O
into	O
the	O
front	O
of	O
the	O
alternator	O
.	O
Gently	O
place	O
the	O
back	O
of	O
the	O
alternator	O
over	O
the	O
stator	O
and	O
confirm	O
that	O
the	O
holes	O
in	O
the	O
back	O
of	O
the	O
alternator	O
match	O
up	O
with	O
the	O
wires	O
and	O
wire	O
lugs	O
that	O
come	O
from	O
the	O
stator	O
.	O
Make	O
a	O
mark	O
to	O
identify	O
where	O
the	O
stator	O
fits	O
into	O
the	O
alternator	O
,	O
so	O
that	O
the	O
wire	O
lugs	O
will	O
meet	O
the	O
rectifier	O
.	O
Remove	O
the	O
stator	O
from	O
the	O
alternator	O
.	O
The	O
stator	O
may	O
be	O
hard	O
to	O
remove	O
once	O
it	O
is	O
fully	O
installed	O
.	O
Make	O
sure	O
that	O
the	O
stator	O
is	O
in	O
position	O
for	O
the	O
wire	O
lugs	O
to	O
meet	O
the	O
rectifier	O
.	O
Use	O
a	O
small	O
amount	O
of	O
machine	O
oil	O
if	O
necessary	O
on	O
the	O
outside	O
of	O
the	O
stator	O
core	O
to	O
assist	O
in	O
the	O
re	O
installation	O
.	O
Install	O
the	O
stator	O
evenly	O
in	O
the	O
alternator	O
so	O
that	O
it	O
does	O
n't	O
bind	O
on	O
one	O
side	O
or	O
the	O
other	O
.	O
Once	O
the	O
stator	O
is	O
in	O
place	O
,	O
use	O
the	O
four	O
threaded	O
studs	O
that	O
were	O
removed	O
earlier	O
to	O
lock	O
it	O
in	O
position	O
.	O
Installing	O
the	O
New	O
Rotor	O
:	O
The	O
rotor	O
is	O
strongly	O
magnetic	O
.	O
Special	O
care	O
should	O
be	O
given	O
to	O
handling	O
it	O
when	O
installing	O
it	O
into	O
the	O
alternator	O
,	O
as	O
the	O
stator	O
is	O
magnetic	O
.	O
To	O
protect	O
the	O
rotor	O
and	O
the	O
stator	O
from	O
each	O
other	O
,	O
line	O
the	O
inside	O
of	O
the	O
stator	O
with	O
thin	O
cardboard	O
or	O
thick	O
paper	O
,	O
leaving	O
enough	O
slack	O
in	O
the	O
material	O
to	O
pull	O
it	O
out	O
once	O
the	O
rotor	O
is	O
installed	O
.	O
The	O
lugs	O
are	O
magnetic	O
and	O
could	O
be	O
pulled	O
into	O
the	O
alternator	O
during	O
the	O
rotor	O
installation	O
.	O
Gently	O
bend	O
the	O
wire	O
lug-ends	O
of	O
each	O
phase	O
,	O
and	O
the	O
common	O
eye	O
end	O
of	O
the	O
phases	O
away	O
from	O
the	O
center	O
of	O
the	O
alternator	O
.	O
Use	O
tape	O
to	O
hold	O
them	O
out	O
of	O
the	O
way	O
.	O
Clamp	O
the	O
alternator	O
in	O
a	O
vise	O
.	O
The	O
magnetic	O
rotor	O
will	O
pull	O
into	O
the	O
alternator	O
very	O
strongly	O
once	O
it	O
is	O
close	O
to	O
position	O
.	O
Use	O
thick	O
gloves	O
and	O
keep	O
your	O
fingers	O
clear	O
of	O
the	O
area	O
between	O
the	O
rotor	O
and	O
the	O
stator	O
.	O
Approach	O
the	O
alternator	O
with	O
the	O
threaded	O
rotor	O
end	O
first	O
,	O
holding	O
the	O
rotor	O
from	O
the	O
non-threaded	O
end	O
of	O
the	O
spindle	O
.	O
Center	O
the	O
rotor	O
as	O
closely	O
as	O
possible	O
in	O
the	O
alternator	O
.	O
Magnetism	O
will	O
pull	O
the	O
rotor	O
into	O
position	O
once	O
the	O
rotor	O
is	O
partially	O
inserted	O
.	O
Watch	O
your	O
fingers	O
.	O
Once	O
the	O
rotor	O
is	O
in	O
position	O
,	O
reinstall	O
the	O
pulley	O
on	O
the	O
threaded	O
end	O
and	O
tighten	O
down	O
the	O
pulley	O
with	O
a	O
1/2	O
''	O
nut	O
,	O
washer	O
and	O
lock	O
washer	O
.	O
Remove	O
the	O
protective	O
paper	O
material	O
from	O
between	O
the	O
rotor	O
and	O
stator	O
and	O
bend	O
the	O
wire	O
lugs	O
from	O
the	O
stator	O
back	O
into	O
position	O
.	O
Reassembling	O
the	O
Alternator	O
:	O
Reattach	O
the	O
back	O
of	O
the	O
alternator	O
to	O
the	O
front	O
of	O
the	O
alternator	O
using	O
a	O
wooden	O
mallet	O
.	O
Gently	O
tap	O
the	O
back	O
of	O
the	O
alternator	O
onto	O
the	O
end	O
of	O
the	O
rotor	O
spindle	O
and	O
into	O
position	O
to	O
fit	O
on	O
the	O
front	O
of	O
the	O
alternator	O
.	O
Confirm	O
that	O
the	O
rotor	O
turns	O
in	O
the	O
alternator	O
.	O
The	O
rebuilt	O
alternator	O
will	O
cog	O
when	O
it	O
turns	O
.	O
Reinstall	O
the	O
rubber	O
wire	O
insulators	O
that	O
protect	O
the	O
phase	O
and	O
eye	O
ends	O
of	O
the	O
stator	O
from	O
the	O
alternator	O
back	O
.	O
Tighten	O
the	O
back	O
of	O
the	O
alternator	O
onto	O
the	O
front	O
,	O
using	O
the	O
nuts	O
removed	O
earlier	O
from	O
the	O
threaded	O
studs	O
.	O
Reinstall	O
the	O
rectifier	O
onto	O
the	O
back	O
of	O
the	O
alternator	O
and	O
attach	O
the	O
wire	O
lugs	O
to	O
the	O
rectifier	O
with	O
the	O
screws	O
removed	O
earlier	O
.	O
The	O
voltage	O
regulator	O
and	O
brush	O
assembly	O
are	O
not	O
reinstalled	O
in	O
the	O
alternator	O
:	O
the	O
regulator	O
is	O
no	O
longer	O
useful	O
as	O
it	O
is	O
designed	O
for	O
higher	O
RPM	O
,	O
and	O
the	O
brush	O
assembly	O
is	O
no	O
longer	O
needed	O
as	O
the	O
alternator	O
is	O
now	O
a	O
brushless	O
permanent	O
magnet	O
alternator	O
.	O
Place	O
the	O
sheet	O
metal	O
cover	O
for	O
the	O
back	O
of	O
the	O
alternator	O
onto	O
the	O
alternator	O
and	O
reinstall	O
the	O
black	O
plastic	O
insulator	O
onto	O
the	O
positive	O
end	O
of	O
the	O
rectifier	O
with	O
the	O
nut	O
-LRB-	O
s	O
-RRB-	O
removed	O
earlier	O
.	O
Reinstall	O
the	O
three	O
nuts	O
that	O
hold	O
the	O
sheet	O
metal	O
cover	O
of	O
the	O
back	O
of	O
the	O
alternator	O
in	O
place	O
.	O
-LRB-	O
Note	O
:	O
The	O
1	O
''	O
long	O
,	O
1/2	O
''	O
threaded	O
end	O
of	O
the	O
rotor	O
allows	O
for	O
enough	O
space	O
for	O
the	O
pulley	O
to	O
act	O
as	O
a	O
spacer	O
to	O
clear	O
the	O
outside	O
of	O
the	O
alternator	O
and	O
allow	O
attachment	O
of	O
a	O
turbine	O
or	O
other	O
drive	O
element	O
in	O
addition	O
to	O
the	O
pulley	O
.	O
The	O
pulley	O
can	O
be	O
used	O
as	O
intended	O
,	O
or	O
another	O
drive	O
element	O
can	O
be	O
threaded	O
onto	O
the	O
end	O
.	O
-RRB-	O
Bench	O
Testing	O
:	O
Clamp	O
the	O
alternator	O
in	O
a	O
vise	O
.	O
Using	O
a	O
volt	O
meter	O
set	O
to	O
DC	O
,	O
attach	O
the	O
positive	O
end	O
of	O
the	O
tester	O
to	O
the	O
positive	O
end	O
of	O
the	O
rectifier	O
-LRB-	O
the	O
threaded	O
copper	O
end	O
of	O
the	O
rectifier	O
with	O
the	O
black	O
plastic	O
insulator	O
that	O
protrudes	O
from	O
the	O
side	O
of	O
the	O
alternator	O
-RRB-	O
.	O
Touch	O
the	O
negative	O
end	O
of	O
the	O
tester	O
to	O
one	O
of	O
the	O
screw	O
ends	O
that	O
protrudes	O
from	O
the	O
sheet	O
metal	O
back	O
of	O
the	O
alternator	O
.	O
Use	O
a	O
piece	O
of	O
rope	O
to	O
turn	O
the	O
pulley	O
on	O
the	O
front	O
of	O
the	O
alternator	O
.	O
Again	O
,	O
the	O
alternator	O
will	O
cog	O
as	O
it	O
turns	O
.	O
The	O
volt	O
meter	O
should	O
register	O
current	O
being	O
produced	O
immediately	O
.	O
12	O
volts	O
should	O
be	O
produced	O
easily	O
with	O
a	O
quick	O
turn	O
of	O
the	O
alternator	O
.	O
Turn	O
the	O
pulley	O
faster	O
and	O
more	O
current	O
is	O
produced	O
.	O
If	O
the	O
alternator	O
is	O
difficult	O
to	O
turn	O
,	O
and	O
produces	O
no	O
current	O
,	O
there	O
is	O
either	O
is	O
a	O
short	O
circuit	O
in	O
the	O
stator	O
,	O
or	O
there	O
is	O
a	O
burned	O
out	O
diode	O
in	O
the	O
rectifier	O
.	O
To	O
trouble	O
shoot	O
any	O
problems	O
,	O
check	O
for	O
continuity	O
in	O
the	O
stator	O
as	O
described	O
in	O
the	O
stator	O
rewind	O
section	O
,	O
and	O
check	O
each	O
diode	O
in	O
the	O
rectifier	O
for	O
continuity	O
.	O
If	O
the	O
rectifier	O
is	O
bad	O
,	O
a	O
new	O
or	O
used	O
one	O
should	O
be	O
readily	O
available	O
at	O
an	O
auto	O
parts	O
store	O
or	O
junkyard	O
.	O
